[29-Feb-2024 14:23:06 UTC] PHP Fatal error:  Uncaught TypeError: array_key_exists(): Argument #2 ($array) must be of type array, string given in C:\Users\Shekhani Laptops\Local Sites\afaq-waheed-portfolio\app\public\wp-content\plugins\simply-static\src\class-ss-util.php:540
Stack trace:
#0 C:\Users\Shekhani Laptops\Local Sites\afaq-waheed-portfolio\app\public\wp-content\plugins\simply-static\src\class-ss-util.php(540): array_key_exists('cancel', '')
#1 C:\Users\Shekhani Laptops\Local Sites\afaq-waheed-portfolio\app\public\wp-content\plugins\simply-static\src\tasks\class-ss-task.php(46): Simply_Static\Util::add_archive_status_message('', 'cancel', 'Cancelling job')
#2 C:\Users\Shekhani Laptops\Local Sites\afaq-waheed-portfolio\app\public\wp-content\plugins\simply-static\src\tasks\class-ss-cancel-task.php(22): Simply_Static\Task->save_status_message('Cancelling job')
#3 C:\Users\Shekhani Laptops\Local Sites\afaq-waheed-portfolio\app\public\wp-content\plugins\simply-static\src\class-ss-archive-creation-job.php(150): Simply_Static\Cancel_Task->perform()
#4 C:\Users\Shekhani Laptops\Local Sites\afaq-waheed-portfolio\app\public\wp-content\plugins\simply-static\vendor\a5hleyrich\wp-background-processing\classes\wp-background-process.php(516): Simply_Static\Archive_Creation_Job->task('cancel')
#5 C:\Users\Shekhani Laptops\Local Sites\afaq-waheed-portfolio\app\public\wp-content\plugins\simply-static\vendor\a5hleyrich\wp-background-processing\classes\wp-background-process.php(333): WP_Background_Process->handle()
#6 C:\Users\Shekhani Laptops\Local Sites\afaq-waheed-portfolio\app\public\wp-includes\class-wp-hook.php(324): WP_Background_Process->maybe_handle('')
#7 C:\Users\Shekhani Laptops\Local Sites\afaq-waheed-portfolio\app\public\wp-includes\class-wp-hook.php(348): WP_Hook->apply_filters('', Array)
#8 C:\Users\Shekhani Laptops\Local Sites\afaq-waheed-portfolio\app\public\wp-includes\plugin.php(517): WP_Hook->do_action(Array)
#9 C:\Users\Shekhani Laptops\Local Sites\afaq-waheed-portfolio\app\public\wp-admin\admin-ajax.php(188): do_action('wp_ajax_wp_arch...')
#10 {main}
  thrown in C:\Users\Shekhani Laptops\Local Sites\afaq-waheed-portfolio\app\public\wp-content\plugins\simply-static\src\class-ss-util.php on line 540
[29-Feb-2024 14:23:11 UTC] PHP Fatal error:  Uncaught TypeError: array_key_exists(): Argument #2 ($array) must be of type array, string given in C:\Users\Shekhani Laptops\Local Sites\afaq-waheed-portfolio\app\public\wp-content\plugins\simply-static\src\class-ss-util.php:540
Stack trace:
#0 C:\Users\Shekhani Laptops\Local Sites\afaq-waheed-portfolio\app\public\wp-content\plugins\simply-static\src\class-ss-util.php(540): array_key_exists('error', '')
#1 C:\Users\Shekhani Laptops\Local Sites\afaq-waheed-portfolio\app\public\wp-content\plugins\simply-static\src\class-ss-options.php(195): Simply_Static\Util::add_archive_status_message('', 'error', 'Error: (1) Unca...')
#2 C:\Users\Shekhani Laptops\Local Sites\afaq-waheed-portfolio\app\public\wp-content\plugins\simply-static\src\class-ss-archive-creation-job.php(318): Simply_Static\Options->add_status_message('Error: (1) Unca...', 'error')
#3 C:\Users\Shekhani Laptops\Local Sites\afaq-waheed-portfolio\app\public\wp-content\plugins\simply-static\src\class-ss-archive-creation-job.php(381): Simply_Static\Archive_Creation_Job->save_status_message('Error: (1) Unca...', 'error')
#4 [internal function]: Simply_Static\Archive_Creation_Job->shutdown_handler()
#5 {main}
  thrown in C:\Users\Shekhani Laptops\Local Sites\afaq-waheed-portfolio\app\public\wp-content\plugins\simply-static\src\class-ss-util.php on line 540
[29-Feb-2024 14:23:11 UTC] PHP Fatal error:  Uncaught TypeError: array_key_exists(): Argument #2 ($array) must be of type array, string given in C:\Users\Shekhani Laptops\Local Sites\afaq-waheed-portfolio\app\public\wp-content\plugins\simply-static\src\class-ss-util.php:540
Stack trace:
#0 C:\Users\Shekhani Laptops\Local Sites\afaq-waheed-portfolio\app\public\wp-content\plugins\simply-static\src\class-ss-util.php(540): array_key_exists('cancel', '')
#1 C:\Users\Shekhani Laptops\Local Sites\afaq-waheed-portfolio\app\public\wp-content\plugins\simply-static\src\tasks\class-ss-task.php(46): Simply_Static\Util::add_archive_status_message('', 'cancel', 'Cancelling job')
#2 C:\Users\Shekhani Laptops\Local Sites\afaq-waheed-portfolio\app\public\wp-content\plugins\simply-static\src\tasks\class-ss-cancel-task.php(22): Simply_Static\Task->save_status_message('Cancelling job')
#3 C:\Users\Shekhani Laptops\Local Sites\afaq-waheed-portfolio\app\public\wp-content\plugins\simply-static\src\class-ss-archive-creation-job.php(150): Simply_Static\Cancel_Task->perform()
#4 C:\Users\Shekhani Laptops\Local Sites\afaq-waheed-portfolio\app\public\wp-content\plugins\simply-static\vendor\a5hleyrich\wp-background-processing\classes\wp-background-process.php(516): Simply_Static\Archive_Creation_Job->task('cancel')
#5 C:\Users\Shekhani Laptops\Local Sites\afaq-waheed-portfolio\app\public\wp-content\plugins\simply-static\vendor\a5hleyrich\wp-background-processing\classes\wp-background-process.php(333): WP_Background_Process->handle()
#6 C:\Users\Shekhani Laptops\Local Sites\afaq-waheed-portfolio\app\public\wp-includes\class-wp-hook.php(324): WP_Background_Process->maybe_handle('')
#7 C:\Users\Shekhani Laptops\Local Sites\afaq-waheed-portfolio\app\public\wp-includes\class-wp-hook.php(348): WP_Hook->apply_filters('', Array)
#8 C:\Users\Shekhani Laptops\Local Sites\afaq-waheed-portfolio\app\public\wp-includes\plugin.php(517): WP_Hook->do_action(Array)
#9 C:\Users\Shekhani Laptops\Local Sites\afaq-waheed-portfolio\app\public\wp-admin\admin-ajax.php(188): do_action('wp_ajax_wp_arch...')
#10 {main}
  thrown in C:\Users\Shekhani Laptops\Local Sites\afaq-waheed-portfolio\app\public\wp-content\plugins\simply-static\src\class-ss-util.php on line 540
[29-Feb-2024 14:28:12 UTC] PHP Fatal error:  Uncaught TypeError: array_key_exists(): Argument #2 ($array) must be of type array, string given in C:\Users\Shekhani Laptops\Local Sites\afaq-waheed-portfolio\app\public\wp-content\plugins\simply-static\src\class-ss-util.php:540
Stack trace:
#0 C:\Users\Shekhani Laptops\Local Sites\afaq-waheed-portfolio\app\public\wp-content\plugins\simply-static\src\class-ss-util.php(540): array_key_exists('cancel', '')
#1 C:\Users\Shekhani Laptops\Local Sites\afaq-waheed-portfolio\app\public\wp-content\plugins\simply-static\src\tasks\class-ss-task.php(46): Simply_Static\Util::add_archive_status_message('', 'cancel', 'Cancelling job')
#2 C:\Users\Shekhani Laptops\Local Sites\afaq-waheed-portfolio\app\public\wp-content\plugins\simply-static\src\tasks\class-ss-cancel-task.php(22): Simply_Static\Task->save_status_message('Cancelling job')
#3 C:\Users\Shekhani Laptops\Local Sites\afaq-waheed-portfolio\app\public\wp-content\plugins\simply-static\src\class-ss-archive-creation-job.php(150): Simply_Static\Cancel_Task->perform()
#4 C:\Users\Shekhani Laptops\Local Sites\afaq-waheed-portfolio\app\public\wp-content\plugins\simply-static\vendor\a5hleyrich\wp-background-processing\classes\wp-background-process.php(516): Simply_Static\Archive_Creation_Job->task('cancel')
#5 C:\Users\Shekhani Laptops\Local Sites\afaq-waheed-portfolio\app\public\wp-content\plugins\simply-static\vendor\a5hleyrich\wp-background-processing\classes\wp-background-process.php(333): WP_Background_Process->handle()
#6 C:\Users\Shekhani Laptops\Local Sites\afaq-waheed-portfolio\app\public\wp-includes\class-wp-hook.php(324): WP_Background_Process->maybe_handle('')
#7 C:\Users\Shekhani Laptops\Local Sites\afaq-waheed-portfolio\app\public\wp-includes\class-wp-hook.php(348): WP_Hook->apply_filters('', Array)
#8 C:\Users\Shekhani Laptops\Local Sites\afaq-waheed-portfolio\app\public\wp-includes\plugin.php(517): WP_Hook->do_action(Array)
#9 C:\Users\Shekhani Laptops\Local Sites\afaq-waheed-portfolio\app\public\wp-admin\admin-ajax.php(203): do_action('wp_ajax_nopriv_...')
#10 {main}
  thrown in C:\Users\Shekhani Laptops\Local Sites\afaq-waheed-portfolio\app\public\wp-content\plugins\simply-static\src\class-ss-util.php on line 540
[29-Feb-2024 14:47:41 UTC] PHP Warning:  copy(C:/Users/Shekhani Laptops/Local Sites/afaq-waheed-portfolio/wp-json/wp/v2/posts/1/index.html): Failed to open stream: No such file or directory in C:\Users\Shekhani Laptops\Local Sites\afaq-waheed-portfolio\app\public\wp-content\plugins\simply-static\src\tasks\class-ss-transfer-files-locally-task.php on line 91
[29-Feb-2024 17:30:23 UTC] PHP Warning:  Trying to access array offset on value of type bool in C:\Users\Shekhani Laptops\Local Sites\afaq-waheed-portfolio\app\public\wp-content\plugins\elementor\includes\managers\image.php on line 113
[29-Feb-2024 17:30:23 UTC] PHP Warning:  Trying to access array offset on value of type bool in C:\Users\Shekhani Laptops\Local Sites\afaq-waheed-portfolio\app\public\wp-content\plugins\elementor\includes\managers\image.php on line 113
[29-Feb-2024 17:30:23 UTC] PHP Warning:  Trying to access array offset on value of type bool in C:\Users\Shekhani Laptops\Local Sites\afaq-waheed-portfolio\app\public\wp-content\plugins\elementor\includes\managers\image.php on line 113
[29-Feb-2024 17:30:23 UTC] PHP Warning:  Trying to access array offset on value of type bool in C:\Users\Shekhani Laptops\Local Sites\afaq-waheed-portfolio\app\public\wp-content\plugins\elementor\includes\managers\image.php on line 113
[29-Feb-2024 17:30:23 UTC] PHP Warning:  Trying to access array offset on value of type bool in C:\Users\Shekhani Laptops\Local Sites\afaq-waheed-portfolio\app\public\wp-content\plugins\elementor\includes\managers\image.php on line 113
[29-Feb-2024 17:30:23 UTC] PHP Warning:  Trying to access array offset on value of type bool in C:\Users\Shekhani Laptops\Local Sites\afaq-waheed-portfolio\app\public\wp-content\plugins\elementor\includes\managers\image.php on line 113
[29-Feb-2024 17:30:23 UTC] PHP Warning:  Trying to access array offset on value of type bool in C:\Users\Shekhani Laptops\Local Sites\afaq-waheed-portfolio\app\public\wp-content\plugins\elementor\includes\managers\image.php on line 113
[29-Feb-2024 17:30:23 UTC] PHP Warning:  Trying to access array offset on value of type bool in C:\Users\Shekhani Laptops\Local Sites\afaq-waheed-portfolio\app\public\wp-content\plugins\elementor\includes\managers\image.php on line 113
[29-Feb-2024 18:18:53 UTC] PHP Warning:  Trying to access array offset on value of type bool in C:\Users\Shekhani Laptops\Local Sites\afaq-waheed-portfolio\app\public\wp-content\plugins\elementor\includes\managers\image.php on line 113
[29-Feb-2024 18:18:53 UTC] PHP Warning:  Trying to access array offset on value of type bool in C:\Users\Shekhani Laptops\Local Sites\afaq-waheed-portfolio\app\public\wp-content\plugins\elementor\includes\managers\image.php on line 113
[29-Feb-2024 18:18:53 UTC] PHP Warning:  Trying to access array offset on value of type bool in C:\Users\Shekhani Laptops\Local Sites\afaq-waheed-portfolio\app\public\wp-content\plugins\elementor\includes\managers\image.php on line 113
[29-Feb-2024 18:18:53 UTC] PHP Warning:  Trying to access array offset on value of type bool in C:\Users\Shekhani Laptops\Local Sites\afaq-waheed-portfolio\app\public\wp-content\plugins\elementor\includes\managers\image.php on line 113
[29-Feb-2024 18:18:53 UTC] PHP Warning:  Trying to access array offset on value of type bool in C:\Users\Shekhani Laptops\Local Sites\afaq-waheed-portfolio\app\public\wp-content\plugins\elementor\includes\managers\image.php on line 113
[29-Feb-2024 18:18:53 UTC] PHP Warning:  Trying to access array offset on value of type bool in C:\Users\Shekhani Laptops\Local Sites\afaq-waheed-portfolio\app\public\wp-content\plugins\elementor\includes\managers\image.php on line 113
[29-Feb-2024 18:18:53 UTC] PHP Warning:  Trying to access array offset on value of type bool in C:\Users\Shekhani Laptops\Local Sites\afaq-waheed-portfolio\app\public\wp-content\plugins\elementor\includes\managers\image.php on line 113
[29-Feb-2024 18:18:53 UTC] PHP Warning:  Trying to access array offset on value of type bool in C:\Users\Shekhani Laptops\Local Sites\afaq-waheed-portfolio\app\public\wp-content\plugins\elementor\includes\managers\image.php on line 113
[29-Feb-2024 19:09:08 UTC] PHP Warning:  Trying to access array offset on value of type bool in C:\Users\Shekhani Laptops\Local Sites\afaq-waheed-portfolio\app\public\wp-content\plugins\elementor\includes\managers\image.php on line 113
[29-Feb-2024 19:09:08 UTC] PHP Warning:  Trying to access array offset on value of type bool in C:\Users\Shekhani Laptops\Local Sites\afaq-waheed-portfolio\app\public\wp-content\plugins\elementor\includes\managers\image.php on line 113
[29-Feb-2024 19:09:08 UTC] PHP Warning:  Trying to access array offset on value of type bool in C:\Users\Shekhani Laptops\Local Sites\afaq-waheed-portfolio\app\public\wp-content\plugins\elementor\includes\managers\image.php on line 113
[29-Feb-2024 19:09:08 UTC] PHP Warning:  Trying to access array offset on value of type bool in C:\Users\Shekhani Laptops\Local Sites\afaq-waheed-portfolio\app\public\wp-content\plugins\elementor\includes\managers\image.php on line 113
[29-Feb-2024 19:09:08 UTC] PHP Warning:  Trying to access array offset on value of type bool in C:\Users\Shekhani Laptops\Local Sites\afaq-waheed-portfolio\app\public\wp-content\plugins\elementor\includes\managers\image.php on line 113
[29-Feb-2024 19:09:08 UTC] PHP Warning:  Trying to access array offset on value of type bool in C:\Users\Shekhani Laptops\Local Sites\afaq-waheed-portfolio\app\public\wp-content\plugins\elementor\includes\managers\image.php on line 113
[29-Feb-2024 19:09:08 UTC] PHP Warning:  Trying to access array offset on value of type bool in C:\Users\Shekhani Laptops\Local Sites\afaq-waheed-portfolio\app\public\wp-content\plugins\elementor\includes\managers\image.php on line 113
[29-Feb-2024 19:09:08 UTC] PHP Warning:  Trying to access array offset on value of type bool in C:\Users\Shekhani Laptops\Local Sites\afaq-waheed-portfolio\app\public\wp-content\plugins\elementor\includes\managers\image.php on line 113
[29-Feb-2024 19:09:12 UTC] PHP Warning:  Trying to access array offset on value of type bool in C:\Users\Shekhani Laptops\Local Sites\afaq-waheed-portfolio\app\public\wp-content\plugins\elementor\includes\managers\image.php on line 113
[29-Feb-2024 19:09:12 UTC] PHP Warning:  Trying to access array offset on value of type bool in C:\Users\Shekhani Laptops\Local Sites\afaq-waheed-portfolio\app\public\wp-content\plugins\elementor\includes\managers\image.php on line 113
[29-Feb-2024 19:09:12 UTC] PHP Warning:  Trying to access array offset on value of type bool in C:\Users\Shekhani Laptops\Local Sites\afaq-waheed-portfolio\app\public\wp-content\plugins\elementor\includes\managers\image.php on line 113
[29-Feb-2024 19:09:12 UTC] PHP Warning:  Trying to access array offset on value of type bool in C:\Users\Shekhani Laptops\Local Sites\afaq-waheed-portfolio\app\public\wp-content\plugins\elementor\includes\managers\image.php on line 113
[29-Feb-2024 19:09:12 UTC] PHP Warning:  Trying to access array offset on value of type bool in C:\Users\Shekhani Laptops\Local Sites\afaq-waheed-portfolio\app\public\wp-content\plugins\elementor\includes\managers\image.php on line 113
[29-Feb-2024 19:09:12 UTC] PHP Warning:  Trying to access array offset on value of type bool in C:\Users\Shekhani Laptops\Local Sites\afaq-waheed-portfolio\app\public\wp-content\plugins\elementor\includes\managers\image.php on line 113
[29-Feb-2024 19:09:12 UTC] PHP Warning:  Trying to access array offset on value of type bool in C:\Users\Shekhani Laptops\Local Sites\afaq-waheed-portfolio\app\public\wp-content\plugins\elementor\includes\managers\image.php on line 113
[29-Feb-2024 19:09:12 UTC] PHP Warning:  Trying to access array offset on value of type bool in C:\Users\Shekhani Laptops\Local Sites\afaq-waheed-portfolio\app\public\wp-content\plugins\elementor\includes\managers\image.php on line 113
[29-Feb-2024 19:11:05 UTC] PHP Warning:  Trying to access array offset on value of type bool in C:\Users\Shekhani Laptops\Local Sites\afaq-waheed-portfolio\app\public\wp-content\plugins\elementor\includes\managers\image.php on line 113
[29-Feb-2024 19:11:05 UTC] PHP Warning:  Trying to access array offset on value of type bool in C:\Users\Shekhani Laptops\Local Sites\afaq-waheed-portfolio\app\public\wp-content\plugins\elementor\includes\managers\image.php on line 113
[29-Feb-2024 19:11:05 UTC] PHP Warning:  Trying to access array offset on value of type bool in C:\Users\Shekhani Laptops\Local Sites\afaq-waheed-portfolio\app\public\wp-content\plugins\elementor\includes\managers\image.php on line 113
[29-Feb-2024 19:11:05 UTC] PHP Warning:  Trying to access array offset on value of type bool in C:\Users\Shekhani Laptops\Local Sites\afaq-waheed-portfolio\app\public\wp-content\plugins\elementor\includes\managers\image.php on line 113
[29-Feb-2024 19:11:05 UTC] PHP Warning:  Trying to access array offset on value of type bool in C:\Users\Shekhani Laptops\Local Sites\afaq-waheed-portfolio\app\public\wp-content\plugins\elementor\includes\managers\image.php on line 113
[29-Feb-2024 19:11:05 UTC] PHP Warning:  Trying to access array offset on value of type bool in C:\Users\Shekhani Laptops\Local Sites\afaq-waheed-portfolio\app\public\wp-content\plugins\elementor\includes\managers\image.php on line 113
[29-Feb-2024 19:11:05 UTC] PHP Warning:  Trying to access array offset on value of type bool in C:\Users\Shekhani Laptops\Local Sites\afaq-waheed-portfolio\app\public\wp-content\plugins\elementor\includes\managers\image.php on line 113
[29-Feb-2024 19:11:05 UTC] PHP Warning:  Trying to access array offset on value of type bool in C:\Users\Shekhani Laptops\Local Sites\afaq-waheed-portfolio\app\public\wp-content\plugins\elementor\includes\managers\image.php on line 113
[29-Feb-2024 19:11:09 UTC] PHP Warning:  Trying to access array offset on value of type bool in C:\Users\Shekhani Laptops\Local Sites\afaq-waheed-portfolio\app\public\wp-content\plugins\elementor\includes\managers\image.php on line 113
[29-Feb-2024 19:11:09 UTC] PHP Warning:  Trying to access array offset on value of type bool in C:\Users\Shekhani Laptops\Local Sites\afaq-waheed-portfolio\app\public\wp-content\plugins\elementor\includes\managers\image.php on line 113
[29-Feb-2024 19:11:09 UTC] PHP Warning:  Trying to access array offset on value of type bool in C:\Users\Shekhani Laptops\Local Sites\afaq-waheed-portfolio\app\public\wp-content\plugins\elementor\includes\managers\image.php on line 113
[29-Feb-2024 19:11:09 UTC] PHP Warning:  Trying to access array offset on value of type bool in C:\Users\Shekhani Laptops\Local Sites\afaq-waheed-portfolio\app\public\wp-content\plugins\elementor\includes\managers\image.php on line 113
[29-Feb-2024 19:11:09 UTC] PHP Warning:  Trying to access array offset on value of type bool in C:\Users\Shekhani Laptops\Local Sites\afaq-waheed-portfolio\app\public\wp-content\plugins\elementor\includes\managers\image.php on line 113
[29-Feb-2024 19:11:09 UTC] PHP Warning:  Trying to access array offset on value of type bool in C:\Users\Shekhani Laptops\Local Sites\afaq-waheed-portfolio\app\public\wp-content\plugins\elementor\includes\managers\image.php on line 113
[29-Feb-2024 19:11:09 UTC] PHP Warning:  Trying to access array offset on value of type bool in C:\Users\Shekhani Laptops\Local Sites\afaq-waheed-portfolio\app\public\wp-content\plugins\elementor\includes\managers\image.php on line 113
[29-Feb-2024 19:11:09 UTC] PHP Warning:  Trying to access array offset on value of type bool in C:\Users\Shekhani Laptops\Local Sites\afaq-waheed-portfolio\app\public\wp-content\plugins\elementor\includes\managers\image.php on line 113
[29-Feb-2024 20:55:59 UTC] PHP Warning:  copy(C:/Users/Shekhani Laptops/Local Sites/afaq-waheed-portfolio/wp-json/wp/v2/pages/33/index.html): Failed to open stream: No such file or directory in C:\Users\Shekhani Laptops\Local Sites\afaq-waheed-portfolio\app\public\wp-content\plugins\simply-static\src\tasks\class-ss-transfer-files-locally-task.php on line 91
[29-Feb-2024 20:55:59 UTC] PHP Warning:  copy(C:/Users/Shekhani Laptops/Local Sites/afaq-waheed-portfolio/wp-json/wp/v2/pages/16/index.html): Failed to open stream: No such file or directory in C:\Users\Shekhani Laptops\Local Sites\afaq-waheed-portfolio\app\public\wp-content\plugins\simply-static\src\tasks\class-ss-transfer-files-locally-task.php on line 91
[01-Mar-2024 19:54:56 UTC] PHP Warning:  copy(C:/Users/Shekhani Laptops/Local Sites/afaq-waheed-portfolio/wp-json/wp/v2/pages/26/index.html): Failed to open stream: No such file or directory in C:\Users\Shekhani Laptops\Local Sites\afaq-waheed-portfolio\app\public\wp-content\plugins\simply-static\src\tasks\class-ss-transfer-files-locally-task.php on line 91
[06-Mar-2024 13:43:59 UTC] PHP Warning:  copy(C:/Users/Shekhani Laptops/Local Sites/afaq-waheed-portfolio/wp-json/wp/v2/pages/33/index.html): Failed to open stream: No such file or directory in C:\Users\Shekhani Laptops\Local Sites\afaq-waheed-portfolio\app\public\wp-content\plugins\simply-static\src\tasks\class-ss-transfer-files-locally-task.php on line 91
[06-Mar-2024 13:43:59 UTC] PHP Warning:  copy(C:/Users/Shekhani Laptops/Local Sites/afaq-waheed-portfolio/wp-json/wp/v2/pages/16/index.html): Failed to open stream: No such file or directory in C:\Users\Shekhani Laptops\Local Sites\afaq-waheed-portfolio\app\public\wp-content\plugins\simply-static\src\tasks\class-ss-transfer-files-locally-task.php on line 91
[06-Mar-2024 15:28:24 UTC] PHP Warning:  copy(C:/Users/Shekhani Laptops/Local Sites/afaq-waheed-portfolio/home/index.html): Failed to open stream: No such file or directory in C:\Users\Shekhani Laptops\Local Sites\afaq-waheed-portfolio\app\public\wp-content\plugins\simply-static\src\tasks\class-ss-transfer-files-locally-task.php on line 91
[06-Mar-2024 15:28:25 UTC] PHP Warning:  copy(C:/Users/Shekhani Laptops/Local Sites/afaq-waheed-portfolio/wp-json/wp/v2/pages/53/index.html): Failed to open stream: No such file or directory in C:\Users\Shekhani Laptops\Local Sites\afaq-waheed-portfolio\app\public\wp-content\plugins\simply-static\src\tasks\class-ss-transfer-files-locally-task.php on line 91
[06-Mar-2024 15:28:25 UTC] PHP Warning:  copy(C:/Users/Shekhani Laptops/Local Sites/afaq-waheed-portfolio/wp-json/wp/v2/pages/49/index.html): Failed to open stream: No such file or directory in C:\Users\Shekhani Laptops\Local Sites\afaq-waheed-portfolio\app\public\wp-content\plugins\simply-static\src\tasks\class-ss-transfer-files-locally-task.php on line 91
[06-Mar-2024 15:28:25 UTC] PHP Warning:  copy(C:/Users/Shekhani Laptops/Local Sites/afaq-waheed-portfolio/wp-json/wp/v2/pages/30/index.html): Failed to open stream: No such file or directory in C:\Users\Shekhani Laptops\Local Sites\afaq-waheed-portfolio\app\public\wp-content\plugins\simply-static\src\tasks\class-ss-transfer-files-locally-task.php on line 91
[06-Mar-2024 15:28:25 UTC] PHP Warning:  copy(C:/Users/Shekhani Laptops/Local Sites/afaq-waheed-portfolio/wp-json/wp/v2/pages/297/index.html): Failed to open stream: No such file or directory in C:\Users\Shekhani Laptops\Local Sites\afaq-waheed-portfolio\app\public\wp-content\plugins\simply-static\src\tasks\class-ss-transfer-files-locally-task.php on line 91
[06-Mar-2024 16:18:02 UTC] PHP Warning:  copy(C:/Users/Shekhani Laptops/Local Sites/afaq-waheed-portfolio/wp-json/wp/v2/pages/53/index.html): Failed to open stream: No such file or directory in C:\Users\Shekhani Laptops\Local Sites\afaq-waheed-portfolio\app\public\wp-content\plugins\simply-static\src\tasks\class-ss-transfer-files-locally-task.php on line 91
[06-Mar-2024 16:18:02 UTC] PHP Warning:  copy(C:/Users/Shekhani Laptops/Local Sites/afaq-waheed-portfolio/wp-json/wp/v2/pages/49/index.html): Failed to open stream: No such file or directory in C:\Users\Shekhani Laptops\Local Sites\afaq-waheed-portfolio\app\public\wp-content\plugins\simply-static\src\tasks\class-ss-transfer-files-locally-task.php on line 91
[06-Mar-2024 16:18:02 UTC] PHP Warning:  copy(C:/Users/Shekhani Laptops/Local Sites/afaq-waheed-portfolio/wp-json/wp/v2/pages/26/index.html): Failed to open stream: No such file or directory in C:\Users\Shekhani Laptops\Local Sites\afaq-waheed-portfolio\app\public\wp-content\plugins\simply-static\src\tasks\class-ss-transfer-files-locally-task.php on line 91
[06-Mar-2024 16:18:02 UTC] PHP Warning:  copy(C:/Users/Shekhani Laptops/Local Sites/afaq-waheed-portfolio/wp-json/wp/v2/pages/278/index.html): Failed to open stream: No such file or directory in C:\Users\Shekhani Laptops\Local Sites\afaq-waheed-portfolio\app\public\wp-content\plugins\simply-static\src\tasks\class-ss-transfer-files-locally-task.php on line 91
[06-Mar-2024 16:18:02 UTC] PHP Warning:  copy(C:/Users/Shekhani Laptops/Local Sites/afaq-waheed-portfolio/wp-json/wp/v2/pages/297/index.html): Failed to open stream: No such file or directory in C:\Users\Shekhani Laptops\Local Sites\afaq-waheed-portfolio\app\public\wp-content\plugins\simply-static\src\tasks\class-ss-transfer-files-locally-task.php on line 91
[14-Apr-2024 06:28:40 UTC] PHP Warning:  copy(C:/Users/Shekhani Laptops/Local Sites/afaq-waheed-portfolio/home/index.html): Failed to open stream: No such file or directory in C:\Users\Shekhani Laptops\Local Sites\afaq-waheed-portfolio\app\public\wp-content\plugins\simply-static\src\tasks\class-ss-transfer-files-locally-task.php on line 91
[14-Apr-2024 06:28:40 UTC] PHP Warning:  copy(C:/Users/Shekhani Laptops/Local Sites/afaq-waheed-portfolio/wp-json/wp/v2/pages/30/index.html): Failed to open stream: No such file or directory in C:\Users\Shekhani Laptops\Local Sites\afaq-waheed-portfolio\app\public\wp-content\plugins\simply-static\src\tasks\class-ss-transfer-files-locally-task.php on line 91
[15-Apr-2024 01:29:46 UTC] PHP Warning:  copy(C:/Users/Shekhani Laptops/Local Sites/afaq-waheed-portfolio/home/index.html): Failed to open stream: No such file or directory in C:\Users\Shekhani Laptops\Local Sites\afaq-waheed-portfolio\app\public\wp-content\plugins\simply-static\src\tasks\class-ss-transfer-files-locally-task.php on line 94
[15-Apr-2024 01:29:47 UTC] PHP Warning:  copy(C:/Users/Shekhani Laptops/Local Sites/afaq-waheed-portfolio/wp-json/wp/v2/pages/30/index.html): Failed to open stream: No such file or directory in C:\Users\Shekhani Laptops\Local Sites\afaq-waheed-portfolio\app\public\wp-content\plugins\simply-static\src\tasks\class-ss-transfer-files-locally-task.php on line 94
[15-Apr-2024 07:06:33 UTC] Xdebug: [Step Debug] Time-out connecting to debugging client, waited: 200 ms. Tried: localhost:9003 (fallback through xdebug.client_host/xdebug.client_port) :-(
[15-Apr-2024 07:06:33 UTC] Xdebug: [Step Debug] Time-out connecting to debugging client, waited: 200 ms. Tried: localhost:9003 (fallback through xdebug.client_host/xdebug.client_port) :-(
[15-Apr-2024 07:06:34 UTC] Xdebug: [Step Debug] Time-out connecting to debugging client, waited: 200 ms. Tried: localhost:9003 (fallback through xdebug.client_host/xdebug.client_port) :-(
[15-Apr-2024 07:06:34 UTC] Xdebug: [Step Debug] Time-out connecting to debugging client, waited: 200 ms. Tried: localhost:9003 (fallback through xdebug.client_host/xdebug.client_port) :-(
[15-Apr-2024 07:06:34 UTC] Xdebug: [Step Debug] Time-out connecting to debugging client, waited: 200 ms. Tried: ::1:9003 (from HTTP_X_FORWARDED_FOR HTTP header), localhost:9003 (fallback through xdebug.client_host/xdebug.client_port) :-(
[15-Apr-2024 07:06:34 UTC] Xdebug: [Step Debug] Time-out connecting to debugging client, waited: 200 ms. Tried: localhost:9003 (fallback through xdebug.client_host/xdebug.client_port) :-(
[15-Apr-2024 07:06:34 UTC] Xdebug: [Step Debug] Time-out connecting to debugging client, waited: 200 ms. Tried: localhost:9003 (fallback through xdebug.client_host/xdebug.client_port) :-(
[15-Apr-2024 07:06:35 UTC] Xdebug: [Step Debug] Time-out connecting to debugging client, waited: 200 ms. Tried: ::1:9003 (from HTTP_X_FORWARDED_FOR HTTP header), localhost:9003 (fallback through xdebug.client_host/xdebug.client_port) :-(
[15-Apr-2024 07:06:35 UTC] Xdebug: [Step Debug] Time-out connecting to debugging client, waited: 200 ms. Tried: localhost:9003 (fallback through xdebug.client_host/xdebug.client_port) :-(
[15-Apr-2024 07:06:35 UTC] Xdebug: [Step Debug] Time-out connecting to debugging client, waited: 200 ms. Tried: localhost:9003 (fallback through xdebug.client_host/xdebug.client_port) :-(
[15-Apr-2024 07:06:36 UTC] Xdebug: [Step Debug] Time-out connecting to debugging client, waited: 200 ms. Tried: localhost:9003 (fallback through xdebug.client_host/xdebug.client_port) :-(
[15-Apr-2024 07:06:36 UTC] Xdebug: [Step Debug] Time-out connecting to debugging client, waited: 200 ms. Tried: localhost:9003 (fallback through xdebug.client_host/xdebug.client_port) :-(
[15-Apr-2024 07:06:36 UTC] Xdebug: [Step Debug] Time-out connecting to debugging client, waited: 200 ms. Tried: localhost:9003 (fallback through xdebug.client_host/xdebug.client_port) :-(
[15-Apr-2024 07:06:36 UTC] Xdebug: [Step Debug] Time-out connecting to debugging client, waited: 200 ms. Tried: localhost:9003 (fallback through xdebug.client_host/xdebug.client_port) :-(
[15-Apr-2024 07:06:37 UTC] Xdebug: [Step Debug] Time-out connecting to debugging client, waited: 200 ms. Tried: localhost:9003 (fallback through xdebug.client_host/xdebug.client_port) :-(
[15-Apr-2024 07:06:37 UTC] Xdebug: [Step Debug] Time-out connecting to debugging client, waited: 200 ms. Tried: ::1:9003 (from HTTP_X_FORWARDED_FOR HTTP header), localhost:9003 (fallback through xdebug.client_host/xdebug.client_port) :-(
[15-Apr-2024 07:06:37 UTC] Xdebug: [Step Debug] Time-out connecting to debugging client, waited: 200 ms. Tried: localhost:9003 (fallback through xdebug.client_host/xdebug.client_port) :-(
[15-Apr-2024 07:06:37 UTC] Xdebug: [Step Debug] Time-out connecting to debugging client, waited: 200 ms. Tried: ::1:9003 (from HTTP_X_FORWARDED_FOR HTTP header), localhost:9003 (fallback through xdebug.client_host/xdebug.client_port) :-(
[15-Apr-2024 07:06:38 UTC] Xdebug: [Step Debug] Time-out connecting to debugging client, waited: 200 ms. Tried: localhost:9003 (fallback through xdebug.client_host/xdebug.client_port) :-(
[15-Apr-2024 07:06:38 UTC] Xdebug: [Step Debug] Time-out connecting to debugging client, waited: 200 ms. Tried: ::1:9003 (from HTTP_X_FORWARDED_FOR HTTP header), localhost:9003 (fallback through xdebug.client_host/xdebug.client_port) :-(
[15-Apr-2024 07:06:38 UTC] Xdebug: [Step Debug] Time-out connecting to debugging client, waited: 200 ms. Tried: localhost:9003 (fallback through xdebug.client_host/xdebug.client_port) :-(
[15-Apr-2024 07:06:38 UTC] Xdebug: [Step Debug] Time-out connecting to debugging client, waited: 200 ms. Tried: localhost:9003 (fallback through xdebug.client_host/xdebug.client_port) :-(
[15-Apr-2024 07:06:38 UTC] Xdebug: [Step Debug] Time-out connecting to debugging client, waited: 200 ms. Tried: localhost:9003 (fallback through xdebug.client_host/xdebug.client_port) :-(
[15-Apr-2024 07:06:39 UTC] Xdebug: [Step Debug] Time-out connecting to debugging client, waited: 200 ms. Tried: ::1:9003 (from HTTP_X_FORWARDED_FOR HTTP header), localhost:9003 (fallback through xdebug.client_host/xdebug.client_port) :-(
[15-Apr-2024 07:06:39 UTC] Xdebug: [Step Debug] Time-out connecting to debugging client, waited: 200 ms. Tried: localhost:9003 (fallback through xdebug.client_host/xdebug.client_port) :-(
[15-Apr-2024 07:06:39 UTC] Xdebug: [Step Debug] Time-out connecting to debugging client, waited: 200 ms. Tried: localhost:9003 (fallback through xdebug.client_host/xdebug.client_port) :-(
[15-Apr-2024 07:06:39 UTC] Xdebug: [Step Debug] Time-out connecting to debugging client, waited: 200 ms. Tried: localhost:9003 (fallback through xdebug.client_host/xdebug.client_port) :-(
[15-Apr-2024 07:06:39 UTC] Xdebug: [Step Debug] Time-out connecting to debugging client, waited: 200 ms. Tried: localhost:9003 (fallback through xdebug.client_host/xdebug.client_port) :-(
[15-Apr-2024 07:06:39 UTC] Xdebug: [Step Debug] Time-out connecting to debugging client, waited: 200 ms. Tried: localhost:9003 (fallback through xdebug.client_host/xdebug.client_port) :-(
[15-Apr-2024 07:06:39 UTC] Xdebug: [Step Debug] Time-out connecting to debugging client, waited: 200 ms. Tried: localhost:9003 (fallback through xdebug.client_host/xdebug.client_port) :-(
[15-Apr-2024 07:06:39 UTC] Xdebug: [Step Debug] Time-out connecting to debugging client, waited: 200 ms. Tried: localhost:9003 (fallback through xdebug.client_host/xdebug.client_port) :-(
[15-Apr-2024 07:06:39 UTC] Xdebug: [Step Debug] Time-out connecting to debugging client, waited: 200 ms. Tried: localhost:9003 (fallback through xdebug.client_host/xdebug.client_port) :-(
[15-Apr-2024 07:06:40 UTC] Xdebug: [Step Debug] Time-out connecting to debugging client, waited: 200 ms. Tried: localhost:9003 (fallback through xdebug.client_host/xdebug.client_port) :-(
[15-Apr-2024 07:06:40 UTC] Xdebug: [Step Debug] Time-out connecting to debugging client, waited: 200 ms. Tried: localhost:9003 (fallback through xdebug.client_host/xdebug.client_port) :-(
[15-Apr-2024 07:06:41 UTC] Xdebug: [Step Debug] Time-out connecting to debugging client, waited: 200 ms. Tried: localhost:9003 (fallback through xdebug.client_host/xdebug.client_port) :-(
[15-Apr-2024 07:06:41 UTC] Xdebug: [Step Debug] Time-out connecting to debugging client, waited: 200 ms. Tried: localhost:9003 (fallback through xdebug.client_host/xdebug.client_port) :-(
[15-Apr-2024 07:06:42 UTC] Xdebug: [Step Debug] Time-out connecting to debugging client, waited: 200 ms. Tried: localhost:9003 (fallback through xdebug.client_host/xdebug.client_port) :-(
[15-Apr-2024 07:06:42 UTC] Xdebug: [Step Debug] Time-out connecting to debugging client, waited: 200 ms. Tried: localhost:9003 (fallback through xdebug.client_host/xdebug.client_port) :-(
[15-Apr-2024 07:06:42 UTC] Xdebug: [Step Debug] Time-out connecting to debugging client, waited: 200 ms. Tried: localhost:9003 (fallback through xdebug.client_host/xdebug.client_port) :-(
[15-Apr-2024 07:06:42 UTC] Xdebug: [Step Debug] Time-out connecting to debugging client, waited: 200 ms. Tried: localhost:9003 (fallback through xdebug.client_host/xdebug.client_port) :-(
[15-Apr-2024 07:06:43 UTC] Xdebug: [Step Debug] Time-out connecting to debugging client, waited: 200 ms. Tried: localhost:9003 (fallback through xdebug.client_host/xdebug.client_port) :-(
[15-Apr-2024 07:06:43 UTC] Xdebug: [Step Debug] Time-out connecting to debugging client, waited: 200 ms. Tried: localhost:9003 (fallback through xdebug.client_host/xdebug.client_port) :-(
[15-Apr-2024 07:06:43 UTC] Xdebug: [Step Debug] Time-out connecting to debugging client, waited: 200 ms. Tried: localhost:9003 (fallback through xdebug.client_host/xdebug.client_port) :-(
[15-Apr-2024 07:06:44 UTC] Xdebug: [Step Debug] Time-out connecting to debugging client, waited: 200 ms. Tried: localhost:9003 (fallback through xdebug.client_host/xdebug.client_port) :-(
[15-Apr-2024 07:06:44 UTC] Xdebug: [Step Debug] Time-out connecting to debugging client, waited: 200 ms. Tried: localhost:9003 (fallback through xdebug.client_host/xdebug.client_port) :-(
[15-Apr-2024 07:06:44 UTC] Xdebug: [Step Debug] Time-out connecting to debugging client, waited: 200 ms. Tried: localhost:9003 (fallback through xdebug.client_host/xdebug.client_port) :-(
[15-Apr-2024 07:06:44 UTC] Xdebug: [Step Debug] Time-out connecting to debugging client, waited: 200 ms. Tried: localhost:9003 (fallback through xdebug.client_host/xdebug.client_port) :-(
[15-Apr-2024 07:06:44 UTC] Xdebug: [Step Debug] Time-out connecting to debugging client, waited: 200 ms. Tried: localhost:9003 (fallback through xdebug.client_host/xdebug.client_port) :-(
[15-Apr-2024 07:06:44 UTC] Xdebug: [Step Debug] Time-out connecting to debugging client, waited: 200 ms. Tried: localhost:9003 (fallback through xdebug.client_host/xdebug.client_port) :-(
[15-Apr-2024 07:06:45 UTC] Xdebug: [Step Debug] Time-out connecting to debugging client, waited: 200 ms. Tried: localhost:9003 (fallback through xdebug.client_host/xdebug.client_port) :-(
[15-Apr-2024 07:06:45 UTC] Xdebug: [Step Debug] Time-out connecting to debugging client, waited: 200 ms. Tried: localhost:9003 (fallback through xdebug.client_host/xdebug.client_port) :-(
[15-Apr-2024 07:06:45 UTC] Xdebug: [Step Debug] Time-out connecting to debugging client, waited: 200 ms. Tried: localhost:9003 (fallback through xdebug.client_host/xdebug.client_port) :-(
[15-Apr-2024 07:06:45 UTC] Xdebug: [Step Debug] Time-out connecting to debugging client, waited: 200 ms. Tried: localhost:9003 (fallback through xdebug.client_host/xdebug.client_port) :-(
[15-Apr-2024 07:06:45 UTC] Xdebug: [Step Debug] Time-out connecting to debugging client, waited: 200 ms. Tried: localhost:9003 (fallback through xdebug.client_host/xdebug.client_port) :-(
[15-Apr-2024 07:06:45 UTC] Xdebug: [Step Debug] Time-out connecting to debugging client, waited: 200 ms. Tried: localhost:9003 (fallback through xdebug.client_host/xdebug.client_port) :-(
[15-Apr-2024 07:06:46 UTC] Xdebug: [Step Debug] Time-out connecting to debugging client, waited: 200 ms. Tried: localhost:9003 (fallback through xdebug.client_host/xdebug.client_port) :-(
[15-Apr-2024 07:06:46 UTC] Xdebug: [Step Debug] Time-out connecting to debugging client, waited: 200 ms. Tried: localhost:9003 (fallback through xdebug.client_host/xdebug.client_port) :-(
[15-Apr-2024 07:06:47 UTC] Xdebug: [Step Debug] Time-out connecting to debugging client, waited: 200 ms. Tried: localhost:9003 (fallback through xdebug.client_host/xdebug.client_port) :-(
[15-Apr-2024 07:06:49 UTC] Xdebug: [Step Debug] Time-out connecting to debugging client, waited: 200 ms. Tried: ::1:9003 (from HTTP_X_FORWARDED_FOR HTTP header), localhost:9003 (fallback through xdebug.client_host/xdebug.client_port) :-(
[15-Apr-2024 07:06:49 UTC] Xdebug: [Step Debug] Time-out connecting to debugging client, waited: 200 ms. Tried: ::1:9003 (from HTTP_X_FORWARDED_FOR HTTP header), localhost:9003 (fallback through xdebug.client_host/xdebug.client_port) :-(
[15-Apr-2024 07:06:50 UTC] Xdebug: [Step Debug] Time-out connecting to debugging client, waited: 200 ms. Tried: ::1:9003 (from HTTP_X_FORWARDED_FOR HTTP header), localhost:9003 (fallback through xdebug.client_host/xdebug.client_port) :-(
[15-Apr-2024 07:06:51 UTC] Xdebug: [Step Debug] Time-out connecting to debugging client, waited: 200 ms. Tried: ::1:9003 (from HTTP_X_FORWARDED_FOR HTTP header), localhost:9003 (fallback through xdebug.client_host/xdebug.client_port) :-(
[15-Apr-2024 07:06:51 UTC] Xdebug: [Step Debug] Time-out connecting to debugging client, waited: 200 ms. Tried: ::1:9003 (from HTTP_X_FORWARDED_FOR HTTP header), localhost:9003 (fallback through xdebug.client_host/xdebug.client_port) :-(
[15-Apr-2024 07:06:52 UTC] Xdebug: [Step Debug] Time-out connecting to debugging client, waited: 200 ms. Tried: ::1:9003 (from HTTP_X_FORWARDED_FOR HTTP header), localhost:9003 (fallback through xdebug.client_host/xdebug.client_port) :-(
[15-Apr-2024 07:06:53 UTC] Xdebug: [Step Debug] Time-out connecting to debugging client, waited: 200 ms. Tried: ::1:9003 (from HTTP_X_FORWARDED_FOR HTTP header), localhost:9003 (fallback through xdebug.client_host/xdebug.client_port) :-(
[15-Apr-2024 07:06:53 UTC] Xdebug: [Step Debug] Time-out connecting to debugging client, waited: 200 ms. Tried: ::1:9003 (from HTTP_X_FORWARDED_FOR HTTP header), localhost:9003 (fallback through xdebug.client_host/xdebug.client_port) :-(
[15-Apr-2024 07:06:54 UTC] Xdebug: [Step Debug] Time-out connecting to debugging client, waited: 200 ms. Tried: ::1:9003 (from HTTP_X_FORWARDED_FOR HTTP header), localhost:9003 (fallback through xdebug.client_host/xdebug.client_port) :-(
[15-Apr-2024 07:06:55 UTC] Xdebug: [Step Debug] Time-out connecting to debugging client, waited: 200 ms. Tried: ::1:9003 (from HTTP_X_FORWARDED_FOR HTTP header), localhost:9003 (fallback through xdebug.client_host/xdebug.client_port) :-(
[15-Apr-2024 07:06:55 UTC] Xdebug: [Step Debug] Time-out connecting to debugging client, waited: 200 ms. Tried: ::1:9003 (from HTTP_X_FORWARDED_FOR HTTP header), localhost:9003 (fallback through xdebug.client_host/xdebug.client_port) :-(
[15-Apr-2024 07:06:56 UTC] Xdebug: [Step Debug] Time-out connecting to debugging client, waited: 200 ms. Tried: ::1:9003 (from HTTP_X_FORWARDED_FOR HTTP header), localhost:9003 (fallback through xdebug.client_host/xdebug.client_port) :-(
[15-Apr-2024 07:06:57 UTC] Xdebug: [Step Debug] Time-out connecting to debugging client, waited: 200 ms. Tried: ::1:9003 (from HTTP_X_FORWARDED_FOR HTTP header), localhost:9003 (fallback through xdebug.client_host/xdebug.client_port) :-(
[15-Apr-2024 07:06:57 UTC] Xdebug: [Step Debug] Time-out connecting to debugging client, waited: 200 ms. Tried: ::1:9003 (from HTTP_X_FORWARDED_FOR HTTP header), localhost:9003 (fallback through xdebug.client_host/xdebug.client_port) :-(
[15-Apr-2024 07:07:02 UTC] Xdebug: [Step Debug] Time-out connecting to debugging client, waited: 200 ms. Tried: ::1:9003 (from HTTP_X_FORWARDED_FOR HTTP header), localhost:9003 (fallback through xdebug.client_host/xdebug.client_port) :-(
[15-Apr-2024 07:07:02 UTC] Xdebug: [Step Debug] Time-out connecting to debugging client, waited: 200 ms. Tried: ::1:9003 (from HTTP_X_FORWARDED_FOR HTTP header), localhost:9003 (fallback through xdebug.client_host/xdebug.client_port) :-(
[15-Apr-2024 07:07:03 UTC] Xdebug: [Step Debug] Time-out connecting to debugging client, waited: 200 ms. Tried: ::1:9003 (from HTTP_X_FORWARDED_FOR HTTP header), localhost:9003 (fallback through xdebug.client_host/xdebug.client_port) :-(
[15-Apr-2024 07:07:03 UTC] Xdebug: [Step Debug] Time-out connecting to debugging client, waited: 200 ms. Tried: ::1:9003 (from HTTP_X_FORWARDED_FOR HTTP header), localhost:9003 (fallback through xdebug.client_host/xdebug.client_port) :-(
[15-Apr-2024 07:07:05 UTC] Xdebug: [Step Debug] Time-out connecting to debugging client, waited: 200 ms. Tried: ::1:9003 (from HTTP_X_FORWARDED_FOR HTTP header), localhost:9003 (fallback through xdebug.client_host/xdebug.client_port) :-(
[15-Apr-2024 07:07:05 UTC] Xdebug: [Step Debug] Time-out connecting to debugging client, waited: 200 ms. Tried: ::1:9003 (from HTTP_X_FORWARDED_FOR HTTP header), localhost:9003 (fallback through xdebug.client_host/xdebug.client_port) :-(
[15-Apr-2024 07:07:07 UTC] Xdebug: [Step Debug] Time-out connecting to debugging client, waited: 200 ms. Tried: ::1:9003 (from HTTP_X_FORWARDED_FOR HTTP header), localhost:9003 (fallback through xdebug.client_host/xdebug.client_port) :-(
[15-Apr-2024 07:07:07 UTC] Xdebug: [Step Debug] Time-out connecting to debugging client, waited: 200 ms. Tried: ::1:9003 (from HTTP_X_FORWARDED_FOR HTTP header), localhost:9003 (fallback through xdebug.client_host/xdebug.client_port) :-(
[15-Apr-2024 07:07:08 UTC] Xdebug: [Step Debug] Time-out connecting to debugging client, waited: 200 ms. Tried: ::1:9003 (from HTTP_X_FORWARDED_FOR HTTP header), localhost:9003 (fallback through xdebug.client_host/xdebug.client_port) :-(
[15-Apr-2024 07:07:09 UTC] Xdebug: [Step Debug] Time-out connecting to debugging client, waited: 200 ms. Tried: ::1:9003 (from HTTP_X_FORWARDED_FOR HTTP header), localhost:9003 (fallback through xdebug.client_host/xdebug.client_port) :-(
[15-Apr-2024 07:07:14 UTC] Xdebug: [Step Debug] Time-out connecting to debugging client, waited: 200 ms. Tried: ::1:9003 (from HTTP_X_FORWARDED_FOR HTTP header), localhost:9003 (fallback through xdebug.client_host/xdebug.client_port) :-(
[15-Apr-2024 07:07:15 UTC] Xdebug: [Step Debug] Time-out connecting to debugging client, waited: 200 ms. Tried: ::1:9003 (from HTTP_X_FORWARDED_FOR HTTP header), localhost:9003 (fallback through xdebug.client_host/xdebug.client_port) :-(
[15-Apr-2024 07:07:16 UTC] Xdebug: [Step Debug] Time-out connecting to debugging client, waited: 200 ms. Tried: ::1:9003 (from HTTP_X_FORWARDED_FOR HTTP header), localhost:9003 (fallback through xdebug.client_host/xdebug.client_port) :-(
[15-Apr-2024 07:07:17 UTC] Xdebug: [Step Debug] Time-out connecting to debugging client, waited: 200 ms. Tried: ::1:9003 (from HTTP_X_FORWARDED_FOR HTTP header), localhost:9003 (fallback through xdebug.client_host/xdebug.client_port) :-(
[15-Apr-2024 07:07:18 UTC] Xdebug: [Step Debug] Time-out connecting to debugging client, waited: 200 ms. Tried: ::1:9003 (from HTTP_X_FORWARDED_FOR HTTP header), localhost:9003 (fallback through xdebug.client_host/xdebug.client_port) :-(
[15-Apr-2024 07:07:18 UTC] Xdebug: [Step Debug] Time-out connecting to debugging client, waited: 200 ms. Tried: ::1:9003 (from HTTP_X_FORWARDED_FOR HTTP header), localhost:9003 (fallback through xdebug.client_host/xdebug.client_port) :-(
[15-Apr-2024 07:07:21 UTC] Xdebug: [Step Debug] Time-out connecting to debugging client, waited: 200 ms. Tried: ::1:9003 (from HTTP_X_FORWARDED_FOR HTTP header), localhost:9003 (fallback through xdebug.client_host/xdebug.client_port) :-(
[15-Apr-2024 07:07:22 UTC] Xdebug: [Step Debug] Time-out connecting to debugging client, waited: 200 ms. Tried: ::1:9003 (from HTTP_X_FORWARDED_FOR HTTP header), localhost:9003 (fallback through xdebug.client_host/xdebug.client_port) :-(
[15-Apr-2024 07:07:23 UTC] Xdebug: [Step Debug] Time-out connecting to debugging client, waited: 200 ms. Tried: ::1:9003 (from HTTP_X_FORWARDED_FOR HTTP header), localhost:9003 (fallback through xdebug.client_host/xdebug.client_port) :-(
[15-Apr-2024 07:07:24 UTC] Xdebug: [Step Debug] Time-out connecting to debugging client, waited: 200 ms. Tried: ::1:9003 (from HTTP_X_FORWARDED_FOR HTTP header), localhost:9003 (fallback through xdebug.client_host/xdebug.client_port) :-(
[15-Apr-2024 07:07:24 UTC] Xdebug: [Step Debug] Time-out connecting to debugging client, waited: 200 ms. Tried: ::1:9003 (from HTTP_X_FORWARDED_FOR HTTP header), localhost:9003 (fallback through xdebug.client_host/xdebug.client_port) :-(
[15-Apr-2024 07:07:25 UTC] Xdebug: [Step Debug] Time-out connecting to debugging client, waited: 200 ms. Tried: ::1:9003 (from HTTP_X_FORWARDED_FOR HTTP header), localhost:9003 (fallback through xdebug.client_host/xdebug.client_port) :-(
[15-Apr-2024 07:07:39 UTC] Xdebug: [Step Debug] Time-out connecting to debugging client, waited: 200 ms. Tried: ::1:9003 (from HTTP_X_FORWARDED_FOR HTTP header), localhost:9003 (fallback through xdebug.client_host/xdebug.client_port) :-(
[15-Apr-2024 07:07:39 UTC] Xdebug: [Step Debug] Time-out connecting to debugging client, waited: 200 ms. Tried: ::1:9003 (from HTTP_X_FORWARDED_FOR HTTP header), localhost:9003 (fallback through xdebug.client_host/xdebug.client_port) :-(
[15-Apr-2024 07:07:40 UTC] Xdebug: [Step Debug] Time-out connecting to debugging client, waited: 200 ms. Tried: ::1:9003 (from HTTP_X_FORWARDED_FOR HTTP header), localhost:9003 (fallback through xdebug.client_host/xdebug.client_port) :-(
[15-Apr-2024 07:07:41 UTC] Xdebug: [Step Debug] Time-out connecting to debugging client, waited: 200 ms. Tried: ::1:9003 (from HTTP_X_FORWARDED_FOR HTTP header), localhost:9003 (fallback through xdebug.client_host/xdebug.client_port) :-(
[15-Apr-2024 07:07:41 UTC] Xdebug: [Step Debug] Time-out connecting to debugging client, waited: 200 ms. Tried: ::1:9003 (from HTTP_X_FORWARDED_FOR HTTP header), localhost:9003 (fallback through xdebug.client_host/xdebug.client_port) :-(
[15-Apr-2024 07:07:42 UTC] Xdebug: [Step Debug] Time-out connecting to debugging client, waited: 200 ms. Tried: ::1:9003 (from HTTP_X_FORWARDED_FOR HTTP header), localhost:9003 (fallback through xdebug.client_host/xdebug.client_port) :-(
[15-Apr-2024 07:07:43 UTC] Xdebug: [Step Debug] Time-out connecting to debugging client, waited: 200 ms. Tried: ::1:9003 (from HTTP_X_FORWARDED_FOR HTTP header), localhost:9003 (fallback through xdebug.client_host/xdebug.client_port) :-(
[15-Apr-2024 07:07:43 UTC] Xdebug: [Step Debug] Time-out connecting to debugging client, waited: 200 ms. Tried: ::1:9003 (from HTTP_X_FORWARDED_FOR HTTP header), localhost:9003 (fallback through xdebug.client_host/xdebug.client_port) :-(
[15-Apr-2024 07:07:43 UTC] Xdebug: [Step Debug] Time-out connecting to debugging client, waited: 200 ms. Tried: ::1:9003 (from HTTP_X_FORWARDED_FOR HTTP header), localhost:9003 (fallback through xdebug.client_host/xdebug.client_port) :-(
[15-Apr-2024 07:07:43 UTC] Xdebug: [Step Debug] Time-out connecting to debugging client, waited: 200 ms. Tried: ::1:9003 (from HTTP_X_FORWARDED_FOR HTTP header), localhost:9003 (fallback through xdebug.client_host/xdebug.client_port) :-(
[15-Apr-2024 07:07:44 UTC] Xdebug: [Step Debug] Time-out connecting to debugging client, waited: 200 ms. Tried: ::1:9003 (from HTTP_X_FORWARDED_FOR HTTP header), localhost:9003 (fallback through xdebug.client_host/xdebug.client_port) :-(
[15-Apr-2024 07:07:44 UTC] Xdebug: [Step Debug] Time-out connecting to debugging client, waited: 200 ms. Tried: ::1:9003 (from HTTP_X_FORWARDED_FOR HTTP header), localhost:9003 (fallback through xdebug.client_host/xdebug.client_port) :-(
[15-Apr-2024 07:07:45 UTC] Xdebug: [Step Debug] Time-out connecting to debugging client, waited: 200 ms. Tried: ::1:9003 (from HTTP_X_FORWARDED_FOR HTTP header), localhost:9003 (fallback through xdebug.client_host/xdebug.client_port) :-(
[15-Apr-2024 07:07:45 UTC] Xdebug: [Step Debug] Time-out connecting to debugging client, waited: 200 ms. Tried: ::1:9003 (from HTTP_X_FORWARDED_FOR HTTP header), localhost:9003 (fallback through xdebug.client_host/xdebug.client_port) :-(
[15-Apr-2024 07:07:45 UTC] Xdebug: [Step Debug] Time-out connecting to debugging client, waited: 200 ms. Tried: ::1:9003 (from HTTP_X_FORWARDED_FOR HTTP header), localhost:9003 (fallback through xdebug.client_host/xdebug.client_port) :-(
[15-Apr-2024 07:07:45 UTC] Xdebug: [Step Debug] Time-out connecting to debugging client, waited: 200 ms. Tried: ::1:9003 (from HTTP_X_FORWARDED_FOR HTTP header), localhost:9003 (fallback through xdebug.client_host/xdebug.client_port) :-(
[15-Apr-2024 07:07:46 UTC] Xdebug: [Step Debug] Time-out connecting to debugging client, waited: 200 ms. Tried: ::1:9003 (from HTTP_X_FORWARDED_FOR HTTP header), localhost:9003 (fallback through xdebug.client_host/xdebug.client_port) :-(
[15-Apr-2024 07:07:46 UTC] Xdebug: [Step Debug] Time-out connecting to debugging client, waited: 200 ms. Tried: ::1:9003 (from HTTP_X_FORWARDED_FOR HTTP header), localhost:9003 (fallback through xdebug.client_host/xdebug.client_port) :-(
[15-Apr-2024 07:07:47 UTC] Xdebug: [Step Debug] Time-out connecting to debugging client, waited: 200 ms. Tried: ::1:9003 (from HTTP_X_FORWARDED_FOR HTTP header), localhost:9003 (fallback through xdebug.client_host/xdebug.client_port) :-(
[15-Apr-2024 07:07:47 UTC] Xdebug: [Step Debug] Time-out connecting to debugging client, waited: 200 ms. Tried: ::1:9003 (from HTTP_X_FORWARDED_FOR HTTP header), localhost:9003 (fallback through xdebug.client_host/xdebug.client_port) :-(
[15-Apr-2024 07:07:47 UTC] Xdebug: [Step Debug] Time-out connecting to debugging client, waited: 200 ms. Tried: ::1:9003 (from HTTP_X_FORWARDED_FOR HTTP header), localhost:9003 (fallback through xdebug.client_host/xdebug.client_port) :-(
[15-Apr-2024 07:07:47 UTC] Xdebug: [Step Debug] Time-out connecting to debugging client, waited: 200 ms. Tried: ::1:9003 (from HTTP_X_FORWARDED_FOR HTTP header), localhost:9003 (fallback through xdebug.client_host/xdebug.client_port) :-(
[15-Apr-2024 07:07:48 UTC] Xdebug: [Step Debug] Time-out connecting to debugging client, waited: 200 ms. Tried: ::1:9003 (from HTTP_X_FORWARDED_FOR HTTP header), localhost:9003 (fallback through xdebug.client_host/xdebug.client_port) :-(
[15-Apr-2024 07:07:49 UTC] Xdebug: [Step Debug] Time-out connecting to debugging client, waited: 200 ms. Tried: ::1:9003 (from HTTP_X_FORWARDED_FOR HTTP header), localhost:9003 (fallback through xdebug.client_host/xdebug.client_port) :-(
[15-Apr-2024 07:07:49 UTC] Xdebug: [Step Debug] Time-out connecting to debugging client, waited: 200 ms. Tried: ::1:9003 (from HTTP_X_FORWARDED_FOR HTTP header), localhost:9003 (fallback through xdebug.client_host/xdebug.client_port) :-(
[15-Apr-2024 07:07:50 UTC] Xdebug: [Step Debug] Time-out connecting to debugging client, waited: 200 ms. Tried: ::1:9003 (from HTTP_X_FORWARDED_FOR HTTP header), localhost:9003 (fallback through xdebug.client_host/xdebug.client_port) :-(
[15-Apr-2024 07:07:50 UTC] Xdebug: [Step Debug] Time-out connecting to debugging client, waited: 200 ms. Tried: ::1:9003 (from HTTP_X_FORWARDED_FOR HTTP header), localhost:9003 (fallback through xdebug.client_host/xdebug.client_port) :-(
[15-Apr-2024 07:07:51 UTC] Xdebug: [Step Debug] Time-out connecting to debugging client, waited: 200 ms. Tried: ::1:9003 (from HTTP_X_FORWARDED_FOR HTTP header), localhost:9003 (fallback through xdebug.client_host/xdebug.client_port) :-(
[15-Apr-2024 07:07:52 UTC] Xdebug: [Step Debug] Time-out connecting to debugging client, waited: 200 ms. Tried: ::1:9003 (from HTTP_X_FORWARDED_FOR HTTP header), localhost:9003 (fallback through xdebug.client_host/xdebug.client_port) :-(
[15-Apr-2024 07:07:52 UTC] Xdebug: [Step Debug] Time-out connecting to debugging client, waited: 200 ms. Tried: ::1:9003 (from HTTP_X_FORWARDED_FOR HTTP header), localhost:9003 (fallback through xdebug.client_host/xdebug.client_port) :-(
[15-Apr-2024 07:07:53 UTC] Xdebug: [Step Debug] Time-out connecting to debugging client, waited: 200 ms. Tried: ::1:9003 (from HTTP_X_FORWARDED_FOR HTTP header), localhost:9003 (fallback through xdebug.client_host/xdebug.client_port) :-(
[15-Apr-2024 07:07:54 UTC] Xdebug: [Step Debug] Time-out connecting to debugging client, waited: 200 ms. Tried: ::1:9003 (from HTTP_X_FORWARDED_FOR HTTP header), localhost:9003 (fallback through xdebug.client_host/xdebug.client_port) :-(
[15-Apr-2024 07:07:54 UTC] Xdebug: [Step Debug] Time-out connecting to debugging client, waited: 200 ms. Tried: ::1:9003 (from HTTP_X_FORWARDED_FOR HTTP header), localhost:9003 (fallback through xdebug.client_host/xdebug.client_port) :-(
[15-Apr-2024 07:07:55 UTC] Xdebug: [Step Debug] Time-out connecting to debugging client, waited: 200 ms. Tried: ::1:9003 (from HTTP_X_FORWARDED_FOR HTTP header), localhost:9003 (fallback through xdebug.client_host/xdebug.client_port) :-(
[15-Apr-2024 07:07:56 UTC] Xdebug: [Step Debug] Time-out connecting to debugging client, waited: 200 ms. Tried: ::1:9003 (from HTTP_X_FORWARDED_FOR HTTP header), localhost:9003 (fallback through xdebug.client_host/xdebug.client_port) :-(
[15-Apr-2024 07:07:56 UTC] Xdebug: [Step Debug] Time-out connecting to debugging client, waited: 200 ms. Tried: ::1:9003 (from HTTP_X_FORWARDED_FOR HTTP header), localhost:9003 (fallback through xdebug.client_host/xdebug.client_port) :-(
[15-Apr-2024 07:07:57 UTC] Xdebug: [Step Debug] Time-out connecting to debugging client, waited: 200 ms. Tried: ::1:9003 (from HTTP_X_FORWARDED_FOR HTTP header), localhost:9003 (fallback through xdebug.client_host/xdebug.client_port) :-(
[15-Apr-2024 07:07:57 UTC] Xdebug: [Step Debug] Time-out connecting to debugging client, waited: 200 ms. Tried: ::1:9003 (from HTTP_X_FORWARDED_FOR HTTP header), localhost:9003 (fallback through xdebug.client_host/xdebug.client_port) :-(
[15-Apr-2024 07:07:58 UTC] Xdebug: [Step Debug] Time-out connecting to debugging client, waited: 200 ms. Tried: ::1:9003 (from HTTP_X_FORWARDED_FOR HTTP header), localhost:9003 (fallback through xdebug.client_host/xdebug.client_port) :-(
[15-Apr-2024 07:07:59 UTC] Xdebug: [Step Debug] Time-out connecting to debugging client, waited: 200 ms. Tried: ::1:9003 (from HTTP_X_FORWARDED_FOR HTTP header), localhost:9003 (fallback through xdebug.client_host/xdebug.client_port) :-(
[15-Apr-2024 07:07:59 UTC] Xdebug: [Step Debug] Time-out connecting to debugging client, waited: 200 ms. Tried: ::1:9003 (from HTTP_X_FORWARDED_FOR HTTP header), localhost:9003 (fallback through xdebug.client_host/xdebug.client_port) :-(
[15-Apr-2024 07:08:00 UTC] Xdebug: [Step Debug] Time-out connecting to debugging client, waited: 200 ms. Tried: ::1:9003 (from HTTP_X_FORWARDED_FOR HTTP header), localhost:9003 (fallback through xdebug.client_host/xdebug.client_port) :-(
[15-Apr-2024 07:08:01 UTC] Xdebug: [Step Debug] Time-out connecting to debugging client, waited: 200 ms. Tried: ::1:9003 (from HTTP_X_FORWARDED_FOR HTTP header), localhost:9003 (fallback through xdebug.client_host/xdebug.client_port) :-(
[15-Apr-2024 07:08:01 UTC] Xdebug: [Step Debug] Time-out connecting to debugging client, waited: 200 ms. Tried: ::1:9003 (from HTTP_X_FORWARDED_FOR HTTP header), localhost:9003 (fallback through xdebug.client_host/xdebug.client_port) :-(
[15-Apr-2024 07:08:02 UTC] Xdebug: [Step Debug] Time-out connecting to debugging client, waited: 200 ms. Tried: ::1:9003 (from HTTP_X_FORWARDED_FOR HTTP header), localhost:9003 (fallback through xdebug.client_host/xdebug.client_port) :-(
[15-Apr-2024 07:08:03 UTC] Xdebug: [Step Debug] Time-out connecting to debugging client, waited: 200 ms. Tried: ::1:9003 (from HTTP_X_FORWARDED_FOR HTTP header), localhost:9003 (fallback through xdebug.client_host/xdebug.client_port) :-(
[15-Apr-2024 07:08:03 UTC] Xdebug: [Step Debug] Time-out connecting to debugging client, waited: 200 ms. Tried: ::1:9003 (from HTTP_X_FORWARDED_FOR HTTP header), localhost:9003 (fallback through xdebug.client_host/xdebug.client_port) :-(
[15-Apr-2024 07:08:04 UTC] Xdebug: [Step Debug] Time-out connecting to debugging client, waited: 200 ms. Tried: ::1:9003 (from HTTP_X_FORWARDED_FOR HTTP header), localhost:9003 (fallback through xdebug.client_host/xdebug.client_port) :-(
[15-Apr-2024 07:08:05 UTC] Xdebug: [Step Debug] Time-out connecting to debugging client, waited: 200 ms. Tried: ::1:9003 (from HTTP_X_FORWARDED_FOR HTTP header), localhost:9003 (fallback through xdebug.client_host/xdebug.client_port) :-(
[15-Apr-2024 07:08:05 UTC] Xdebug: [Step Debug] Time-out connecting to debugging client, waited: 200 ms. Tried: ::1:9003 (from HTTP_X_FORWARDED_FOR HTTP header), localhost:9003 (fallback through xdebug.client_host/xdebug.client_port) :-(
[15-Apr-2024 07:08:06 UTC] Xdebug: [Step Debug] Time-out connecting to debugging client, waited: 200 ms. Tried: ::1:9003 (from HTTP_X_FORWARDED_FOR HTTP header), localhost:9003 (fallback through xdebug.client_host/xdebug.client_port) :-(
[15-Apr-2024 07:08:06 UTC] Xdebug: [Step Debug] Time-out connecting to debugging client, waited: 200 ms. Tried: ::1:9003 (from HTTP_X_FORWARDED_FOR HTTP header), localhost:9003 (fallback through xdebug.client_host/xdebug.client_port) :-(
[15-Apr-2024 07:08:07 UTC] Xdebug: [Step Debug] Time-out connecting to debugging client, waited: 200 ms. Tried: ::1:9003 (from HTTP_X_FORWARDED_FOR HTTP header), localhost:9003 (fallback through xdebug.client_host/xdebug.client_port) :-(
[15-Apr-2024 07:08:08 UTC] Xdebug: [Step Debug] Time-out connecting to debugging client, waited: 200 ms. Tried: ::1:9003 (from HTTP_X_FORWARDED_FOR HTTP header), localhost:9003 (fallback through xdebug.client_host/xdebug.client_port) :-(
[15-Apr-2024 07:08:08 UTC] Xdebug: [Step Debug] Time-out connecting to debugging client, waited: 200 ms. Tried: ::1:9003 (from HTTP_X_FORWARDED_FOR HTTP header), localhost:9003 (fallback through xdebug.client_host/xdebug.client_port) :-(
[15-Apr-2024 07:08:09 UTC] Xdebug: [Step Debug] Time-out connecting to debugging client, waited: 200 ms. Tried: ::1:9003 (from HTTP_X_FORWARDED_FOR HTTP header), localhost:9003 (fallback through xdebug.client_host/xdebug.client_port) :-(
[15-Apr-2024 07:08:10 UTC] Xdebug: [Step Debug] Time-out connecting to debugging client, waited: 200 ms. Tried: ::1:9003 (from HTTP_X_FORWARDED_FOR HTTP header), localhost:9003 (fallback through xdebug.client_host/xdebug.client_port) :-(
[15-Apr-2024 07:08:11 UTC] Xdebug: [Step Debug] Time-out connecting to debugging client, waited: 200 ms. Tried: ::1:9003 (from HTTP_X_FORWARDED_FOR HTTP header), localhost:9003 (fallback through xdebug.client_host/xdebug.client_port) :-(
[15-Apr-2024 07:08:12 UTC] Xdebug: [Step Debug] Time-out connecting to debugging client, waited: 200 ms. Tried: ::1:9003 (from HTTP_X_FORWARDED_FOR HTTP header), localhost:9003 (fallback through xdebug.client_host/xdebug.client_port) :-(
[15-Apr-2024 07:08:13 UTC] Xdebug: [Step Debug] Time-out connecting to debugging client, waited: 200 ms. Tried: ::1:9003 (from HTTP_X_FORWARDED_FOR HTTP header), localhost:9003 (fallback through xdebug.client_host/xdebug.client_port) :-(
[15-Apr-2024 07:08:13 UTC] Xdebug: [Step Debug] Time-out connecting to debugging client, waited: 200 ms. Tried: ::1:9003 (from HTTP_X_FORWARDED_FOR HTTP header), localhost:9003 (fallback through xdebug.client_host/xdebug.client_port) :-(
[15-Apr-2024 07:08:14 UTC] Xdebug: [Step Debug] Time-out connecting to debugging client, waited: 200 ms. Tried: ::1:9003 (from HTTP_X_FORWARDED_FOR HTTP header), localhost:9003 (fallback through xdebug.client_host/xdebug.client_port) :-(
[15-Apr-2024 07:08:18 UTC] Xdebug: [Step Debug] Time-out connecting to debugging client, waited: 200 ms. Tried: ::1:9003 (from HTTP_X_FORWARDED_FOR HTTP header), localhost:9003 (fallback through xdebug.client_host/xdebug.client_port) :-(
[15-Apr-2024 07:08:19 UTC] Xdebug: [Step Debug] Time-out connecting to debugging client, waited: 200 ms. Tried: ::1:9003 (from HTTP_X_FORWARDED_FOR HTTP header), localhost:9003 (fallback through xdebug.client_host/xdebug.client_port) :-(
[15-Apr-2024 07:08:19 UTC] Xdebug: [Step Debug] Time-out connecting to debugging client, waited: 200 ms. Tried: ::1:9003 (from HTTP_X_FORWARDED_FOR HTTP header), localhost:9003 (fallback through xdebug.client_host/xdebug.client_port) :-(
[15-Apr-2024 07:08:20 UTC] Xdebug: [Step Debug] Time-out connecting to debugging client, waited: 200 ms. Tried: ::1:9003 (from HTTP_X_FORWARDED_FOR HTTP header), localhost:9003 (fallback through xdebug.client_host/xdebug.client_port) :-(
[15-Apr-2024 07:08:21 UTC] Xdebug: [Step Debug] Time-out connecting to debugging client, waited: 200 ms. Tried: ::1:9003 (from HTTP_X_FORWARDED_FOR HTTP header), localhost:9003 (fallback through xdebug.client_host/xdebug.client_port) :-(
[15-Apr-2024 07:08:21 UTC] Xdebug: [Step Debug] Time-out connecting to debugging client, waited: 200 ms. Tried: ::1:9003 (from HTTP_X_FORWARDED_FOR HTTP header), localhost:9003 (fallback through xdebug.client_host/xdebug.client_port) :-(
[15-Apr-2024 07:08:21 UTC] Xdebug: [Step Debug] Time-out connecting to debugging client, waited: 200 ms. Tried: ::1:9003 (from HTTP_X_FORWARDED_FOR HTTP header), localhost:9003 (fallback through xdebug.client_host/xdebug.client_port) :-(
[15-Apr-2024 07:08:22 UTC] Xdebug: [Step Debug] Time-out connecting to debugging client, waited: 200 ms. Tried: ::1:9003 (from HTTP_X_FORWARDED_FOR HTTP header), localhost:9003 (fallback through xdebug.client_host/xdebug.client_port) :-(
[15-Apr-2024 07:08:22 UTC] Xdebug: [Step Debug] Time-out connecting to debugging client, waited: 200 ms. Tried: ::1:9003 (from HTTP_X_FORWARDED_FOR HTTP header), localhost:9003 (fallback through xdebug.client_host/xdebug.client_port) :-(
[15-Apr-2024 07:08:23 UTC] Xdebug: [Step Debug] Time-out connecting to debugging client, waited: 200 ms. Tried: ::1:9003 (from HTTP_X_FORWARDED_FOR HTTP header), localhost:9003 (fallback through xdebug.client_host/xdebug.client_port) :-(
[15-Apr-2024 07:08:23 UTC] Xdebug: [Step Debug] Time-out connecting to debugging client, waited: 200 ms. Tried: ::1:9003 (from HTTP_X_FORWARDED_FOR HTTP header), localhost:9003 (fallback through xdebug.client_host/xdebug.client_port) :-(
[15-Apr-2024 07:08:23 UTC] Xdebug: [Step Debug] Time-out connecting to debugging client, waited: 200 ms. Tried: ::1:9003 (from HTTP_X_FORWARDED_FOR HTTP header), localhost:9003 (fallback through xdebug.client_host/xdebug.client_port) :-(
[15-Apr-2024 07:08:23 UTC] Xdebug: [Step Debug] Time-out connecting to debugging client, waited: 200 ms. Tried: ::1:9003 (from HTTP_X_FORWARDED_FOR HTTP header), localhost:9003 (fallback through xdebug.client_host/xdebug.client_port) :-(
[15-Apr-2024 07:08:24 UTC] Xdebug: [Step Debug] Time-out connecting to debugging client, waited: 200 ms. Tried: ::1:9003 (from HTTP_X_FORWARDED_FOR HTTP header), localhost:9003 (fallback through xdebug.client_host/xdebug.client_port) :-(
[15-Apr-2024 07:08:24 UTC] Xdebug: [Step Debug] Time-out connecting to debugging client, waited: 200 ms. Tried: ::1:9003 (from HTTP_X_FORWARDED_FOR HTTP header), localhost:9003 (fallback through xdebug.client_host/xdebug.client_port) :-(
[15-Apr-2024 07:08:24 UTC] Xdebug: [Step Debug] Time-out connecting to debugging client, waited: 200 ms. Tried: ::1:9003 (from HTTP_X_FORWARDED_FOR HTTP header), localhost:9003 (fallback through xdebug.client_host/xdebug.client_port) :-(
[15-Apr-2024 07:08:24 UTC] Xdebug: [Step Debug] Time-out connecting to debugging client, waited: 200 ms. Tried: ::1:9003 (from HTTP_X_FORWARDED_FOR HTTP header), localhost:9003 (fallback through xdebug.client_host/xdebug.client_port) :-(
[15-Apr-2024 07:08:25 UTC] Xdebug: [Step Debug] Time-out connecting to debugging client, waited: 200 ms. Tried: ::1:9003 (from HTTP_X_FORWARDED_FOR HTTP header), localhost:9003 (fallback through xdebug.client_host/xdebug.client_port) :-(
[15-Apr-2024 07:08:25 UTC] Xdebug: [Step Debug] Time-out connecting to debugging client, waited: 200 ms. Tried: ::1:9003 (from HTTP_X_FORWARDED_FOR HTTP header), localhost:9003 (fallback through xdebug.client_host/xdebug.client_port) :-(
[15-Apr-2024 07:08:26 UTC] Xdebug: [Step Debug] Time-out connecting to debugging client, waited: 200 ms. Tried: ::1:9003 (from HTTP_X_FORWARDED_FOR HTTP header), localhost:9003 (fallback through xdebug.client_host/xdebug.client_port) :-(
[15-Apr-2024 07:08:26 UTC] Xdebug: [Step Debug] Time-out connecting to debugging client, waited: 200 ms. Tried: ::1:9003 (from HTTP_X_FORWARDED_FOR HTTP header), localhost:9003 (fallback through xdebug.client_host/xdebug.client_port) :-(
[15-Apr-2024 07:08:26 UTC] Xdebug: [Step Debug] Time-out connecting to debugging client, waited: 200 ms. Tried: ::1:9003 (from HTTP_X_FORWARDED_FOR HTTP header), localhost:9003 (fallback through xdebug.client_host/xdebug.client_port) :-(
[15-Apr-2024 07:08:27 UTC] Xdebug: [Step Debug] Time-out connecting to debugging client, waited: 200 ms. Tried: ::1:9003 (from HTTP_X_FORWARDED_FOR HTTP header), localhost:9003 (fallback through xdebug.client_host/xdebug.client_port) :-(
[15-Apr-2024 07:08:27 UTC] Xdebug: [Step Debug] Time-out connecting to debugging client, waited: 200 ms. Tried: ::1:9003 (from HTTP_X_FORWARDED_FOR HTTP header), localhost:9003 (fallback through xdebug.client_host/xdebug.client_port) :-(
[15-Apr-2024 07:08:27 UTC] Xdebug: [Step Debug] Time-out connecting to debugging client, waited: 200 ms. Tried: ::1:9003 (from HTTP_X_FORWARDED_FOR HTTP header), localhost:9003 (fallback through xdebug.client_host/xdebug.client_port) :-(
[15-Apr-2024 07:08:28 UTC] Xdebug: [Step Debug] Time-out connecting to debugging client, waited: 200 ms. Tried: ::1:9003 (from HTTP_X_FORWARDED_FOR HTTP header), localhost:9003 (fallback through xdebug.client_host/xdebug.client_port) :-(
[15-Apr-2024 07:08:28 UTC] Xdebug: [Step Debug] Time-out connecting to debugging client, waited: 200 ms. Tried: ::1:9003 (from HTTP_X_FORWARDED_FOR HTTP header), localhost:9003 (fallback through xdebug.client_host/xdebug.client_port) :-(
[15-Apr-2024 07:08:28 UTC] Xdebug: [Step Debug] Time-out connecting to debugging client, waited: 200 ms. Tried: ::1:9003 (from HTTP_X_FORWARDED_FOR HTTP header), localhost:9003 (fallback through xdebug.client_host/xdebug.client_port) :-(
[15-Apr-2024 07:08:29 UTC] Xdebug: [Step Debug] Time-out connecting to debugging client, waited: 200 ms. Tried: ::1:9003 (from HTTP_X_FORWARDED_FOR HTTP header), localhost:9003 (fallback through xdebug.client_host/xdebug.client_port) :-(
[15-Apr-2024 07:08:29 UTC] Xdebug: [Step Debug] Time-out connecting to debugging client, waited: 200 ms. Tried: ::1:9003 (from HTTP_X_FORWARDED_FOR HTTP header), localhost:9003 (fallback through xdebug.client_host/xdebug.client_port) :-(
[15-Apr-2024 07:08:30 UTC] Xdebug: [Step Debug] Time-out connecting to debugging client, waited: 200 ms. Tried: ::1:9003 (from HTTP_X_FORWARDED_FOR HTTP header), localhost:9003 (fallback through xdebug.client_host/xdebug.client_port) :-(
[15-Apr-2024 07:08:30 UTC] Xdebug: [Step Debug] Time-out connecting to debugging client, waited: 200 ms. Tried: ::1:9003 (from HTTP_X_FORWARDED_FOR HTTP header), localhost:9003 (fallback through xdebug.client_host/xdebug.client_port) :-(
[15-Apr-2024 07:08:30 UTC] Xdebug: [Step Debug] Time-out connecting to debugging client, waited: 200 ms. Tried: ::1:9003 (from HTTP_X_FORWARDED_FOR HTTP header), localhost:9003 (fallback through xdebug.client_host/xdebug.client_port) :-(
[15-Apr-2024 07:08:31 UTC] Xdebug: [Step Debug] Time-out connecting to debugging client, waited: 200 ms. Tried: ::1:9003 (from HTTP_X_FORWARDED_FOR HTTP header), localhost:9003 (fallback through xdebug.client_host/xdebug.client_port) :-(
[15-Apr-2024 07:08:31 UTC] Xdebug: [Step Debug] Time-out connecting to debugging client, waited: 200 ms. Tried: ::1:9003 (from HTTP_X_FORWARDED_FOR HTTP header), localhost:9003 (fallback through xdebug.client_host/xdebug.client_port) :-(
[15-Apr-2024 07:08:32 UTC] Xdebug: [Step Debug] Time-out connecting to debugging client, waited: 200 ms. Tried: ::1:9003 (from HTTP_X_FORWARDED_FOR HTTP header), localhost:9003 (fallback through xdebug.client_host/xdebug.client_port) :-(
[15-Apr-2024 07:08:32 UTC] Xdebug: [Step Debug] Time-out connecting to debugging client, waited: 200 ms. Tried: ::1:9003 (from HTTP_X_FORWARDED_FOR HTTP header), localhost:9003 (fallback through xdebug.client_host/xdebug.client_port) :-(
[15-Apr-2024 07:08:32 UTC] Xdebug: [Step Debug] Time-out connecting to debugging client, waited: 200 ms. Tried: ::1:9003 (from HTTP_X_FORWARDED_FOR HTTP header), localhost:9003 (fallback through xdebug.client_host/xdebug.client_port) :-(
[15-Apr-2024 07:08:32 UTC] Xdebug: [Step Debug] Time-out connecting to debugging client, waited: 200 ms. Tried: ::1:9003 (from HTTP_X_FORWARDED_FOR HTTP header), localhost:9003 (fallback through xdebug.client_host/xdebug.client_port) :-(
[15-Apr-2024 07:08:33 UTC] Xdebug: [Step Debug] Time-out connecting to debugging client, waited: 200 ms. Tried: ::1:9003 (from HTTP_X_FORWARDED_FOR HTTP header), localhost:9003 (fallback through xdebug.client_host/xdebug.client_port) :-(
[15-Apr-2024 07:08:33 UTC] Xdebug: [Step Debug] Time-out connecting to debugging client, waited: 200 ms. Tried: ::1:9003 (from HTTP_X_FORWARDED_FOR HTTP header), localhost:9003 (fallback through xdebug.client_host/xdebug.client_port) :-(
[15-Apr-2024 07:08:34 UTC] Xdebug: [Step Debug] Time-out connecting to debugging client, waited: 200 ms. Tried: ::1:9003 (from HTTP_X_FORWARDED_FOR HTTP header), localhost:9003 (fallback through xdebug.client_host/xdebug.client_port) :-(
[15-Apr-2024 07:08:34 UTC] Xdebug: [Step Debug] Time-out connecting to debugging client, waited: 200 ms. Tried: ::1:9003 (from HTTP_X_FORWARDED_FOR HTTP header), localhost:9003 (fallback through xdebug.client_host/xdebug.client_port) :-(
[15-Apr-2024 07:08:34 UTC] Xdebug: [Step Debug] Time-out connecting to debugging client, waited: 200 ms. Tried: ::1:9003 (from HTTP_X_FORWARDED_FOR HTTP header), localhost:9003 (fallback through xdebug.client_host/xdebug.client_port) :-(
[15-Apr-2024 07:08:34 UTC] Xdebug: [Step Debug] Time-out connecting to debugging client, waited: 200 ms. Tried: ::1:9003 (from HTTP_X_FORWARDED_FOR HTTP header), localhost:9003 (fallback through xdebug.client_host/xdebug.client_port) :-(
[15-Apr-2024 07:08:35 UTC] Xdebug: [Step Debug] Time-out connecting to debugging client, waited: 200 ms. Tried: ::1:9003 (from HTTP_X_FORWARDED_FOR HTTP header), localhost:9003 (fallback through xdebug.client_host/xdebug.client_port) :-(
[15-Apr-2024 07:08:35 UTC] Xdebug: [Step Debug] Time-out connecting to debugging client, waited: 200 ms. Tried: ::1:9003 (from HTTP_X_FORWARDED_FOR HTTP header), localhost:9003 (fallback through xdebug.client_host/xdebug.client_port) :-(
[15-Apr-2024 07:08:36 UTC] Xdebug: [Step Debug] Time-out connecting to debugging client, waited: 200 ms. Tried: ::1:9003 (from HTTP_X_FORWARDED_FOR HTTP header), localhost:9003 (fallback through xdebug.client_host/xdebug.client_port) :-(
[15-Apr-2024 07:08:36 UTC] Xdebug: [Step Debug] Time-out connecting to debugging client, waited: 200 ms. Tried: ::1:9003 (from HTTP_X_FORWARDED_FOR HTTP header), localhost:9003 (fallback through xdebug.client_host/xdebug.client_port) :-(
[15-Apr-2024 07:08:36 UTC] Xdebug: [Step Debug] Time-out connecting to debugging client, waited: 200 ms. Tried: ::1:9003 (from HTTP_X_FORWARDED_FOR HTTP header), localhost:9003 (fallback through xdebug.client_host/xdebug.client_port) :-(
[15-Apr-2024 07:08:36 UTC] Xdebug: [Step Debug] Time-out connecting to debugging client, waited: 200 ms. Tried: ::1:9003 (from HTTP_X_FORWARDED_FOR HTTP header), localhost:9003 (fallback through xdebug.client_host/xdebug.client_port) :-(
[15-Apr-2024 07:08:37 UTC] Xdebug: [Step Debug] Time-out connecting to debugging client, waited: 200 ms. Tried: ::1:9003 (from HTTP_X_FORWARDED_FOR HTTP header), localhost:9003 (fallback through xdebug.client_host/xdebug.client_port) :-(
[15-Apr-2024 07:08:37 UTC] Xdebug: [Step Debug] Time-out connecting to debugging client, waited: 200 ms. Tried: ::1:9003 (from HTTP_X_FORWARDED_FOR HTTP header), localhost:9003 (fallback through xdebug.client_host/xdebug.client_port) :-(
[15-Apr-2024 07:08:38 UTC] Xdebug: [Step Debug] Time-out connecting to debugging client, waited: 200 ms. Tried: ::1:9003 (from HTTP_X_FORWARDED_FOR HTTP header), localhost:9003 (fallback through xdebug.client_host/xdebug.client_port) :-(
[15-Apr-2024 07:08:38 UTC] Xdebug: [Step Debug] Time-out connecting to debugging client, waited: 200 ms. Tried: ::1:9003 (from HTTP_X_FORWARDED_FOR HTTP header), localhost:9003 (fallback through xdebug.client_host/xdebug.client_port) :-(
[15-Apr-2024 07:08:38 UTC] Xdebug: [Step Debug] Time-out connecting to debugging client, waited: 200 ms. Tried: ::1:9003 (from HTTP_X_FORWARDED_FOR HTTP header), localhost:9003 (fallback through xdebug.client_host/xdebug.client_port) :-(
[15-Apr-2024 07:08:38 UTC] Xdebug: [Step Debug] Time-out connecting to debugging client, waited: 200 ms. Tried: ::1:9003 (from HTTP_X_FORWARDED_FOR HTTP header), localhost:9003 (fallback through xdebug.client_host/xdebug.client_port) :-(
[15-Apr-2024 07:08:39 UTC] Xdebug: [Step Debug] Time-out connecting to debugging client, waited: 200 ms. Tried: ::1:9003 (from HTTP_X_FORWARDED_FOR HTTP header), localhost:9003 (fallback through xdebug.client_host/xdebug.client_port) :-(
[15-Apr-2024 07:08:39 UTC] Xdebug: [Step Debug] Time-out connecting to debugging client, waited: 200 ms. Tried: ::1:9003 (from HTTP_X_FORWARDED_FOR HTTP header), localhost:9003 (fallback through xdebug.client_host/xdebug.client_port) :-(
[15-Apr-2024 07:08:40 UTC] Xdebug: [Step Debug] Time-out connecting to debugging client, waited: 200 ms. Tried: ::1:9003 (from HTTP_X_FORWARDED_FOR HTTP header), localhost:9003 (fallback through xdebug.client_host/xdebug.client_port) :-(
[15-Apr-2024 07:08:40 UTC] Xdebug: [Step Debug] Time-out connecting to debugging client, waited: 200 ms. Tried: ::1:9003 (from HTTP_X_FORWARDED_FOR HTTP header), localhost:9003 (fallback through xdebug.client_host/xdebug.client_port) :-(
[15-Apr-2024 07:08:40 UTC] Xdebug: [Step Debug] Time-out connecting to debugging client, waited: 200 ms. Tried: ::1:9003 (from HTTP_X_FORWARDED_FOR HTTP header), localhost:9003 (fallback through xdebug.client_host/xdebug.client_port) :-(
[15-Apr-2024 07:08:40 UTC] Xdebug: [Step Debug] Time-out connecting to debugging client, waited: 200 ms. Tried: ::1:9003 (from HTTP_X_FORWARDED_FOR HTTP header), localhost:9003 (fallback through xdebug.client_host/xdebug.client_port) :-(
[15-Apr-2024 07:08:41 UTC] Xdebug: [Step Debug] Time-out connecting to debugging client, waited: 200 ms. Tried: ::1:9003 (from HTTP_X_FORWARDED_FOR HTTP header), localhost:9003 (fallback through xdebug.client_host/xdebug.client_port) :-(
[15-Apr-2024 07:08:41 UTC] Xdebug: [Step Debug] Time-out connecting to debugging client, waited: 200 ms. Tried: ::1:9003 (from HTTP_X_FORWARDED_FOR HTTP header), localhost:9003 (fallback through xdebug.client_host/xdebug.client_port) :-(
[15-Apr-2024 07:08:41 UTC] Xdebug: [Step Debug] Time-out connecting to debugging client, waited: 200 ms. Tried: ::1:9003 (from HTTP_X_FORWARDED_FOR HTTP header), localhost:9003 (fallback through xdebug.client_host/xdebug.client_port) :-(
[15-Apr-2024 07:08:41 UTC] Xdebug: [Step Debug] Time-out connecting to debugging client, waited: 200 ms. Tried: ::1:9003 (from HTTP_X_FORWARDED_FOR HTTP header), localhost:9003 (fallback through xdebug.client_host/xdebug.client_port) :-(
[15-Apr-2024 07:08:42 UTC] Xdebug: [Step Debug] Time-out connecting to debugging client, waited: 200 ms. Tried: ::1:9003 (from HTTP_X_FORWARDED_FOR HTTP header), localhost:9003 (fallback through xdebug.client_host/xdebug.client_port) :-(
[15-Apr-2024 07:08:42 UTC] Xdebug: [Step Debug] Time-out connecting to debugging client, waited: 200 ms. Tried: ::1:9003 (from HTTP_X_FORWARDED_FOR HTTP header), localhost:9003 (fallback through xdebug.client_host/xdebug.client_port) :-(
[15-Apr-2024 07:08:43 UTC] Xdebug: [Step Debug] Time-out connecting to debugging client, waited: 200 ms. Tried: ::1:9003 (from HTTP_X_FORWARDED_FOR HTTP header), localhost:9003 (fallback through xdebug.client_host/xdebug.client_port) :-(
[15-Apr-2024 07:08:43 UTC] Xdebug: [Step Debug] Time-out connecting to debugging client, waited: 200 ms. Tried: ::1:9003 (from HTTP_X_FORWARDED_FOR HTTP header), localhost:9003 (fallback through xdebug.client_host/xdebug.client_port) :-(
[15-Apr-2024 07:08:43 UTC] Xdebug: [Step Debug] Time-out connecting to debugging client, waited: 200 ms. Tried: ::1:9003 (from HTTP_X_FORWARDED_FOR HTTP header), localhost:9003 (fallback through xdebug.client_host/xdebug.client_port) :-(
[15-Apr-2024 07:08:43 UTC] Xdebug: [Step Debug] Time-out connecting to debugging client, waited: 200 ms. Tried: ::1:9003 (from HTTP_X_FORWARDED_FOR HTTP header), localhost:9003 (fallback through xdebug.client_host/xdebug.client_port) :-(
[15-Apr-2024 07:08:44 UTC] Xdebug: [Step Debug] Time-out connecting to debugging client, waited: 200 ms. Tried: ::1:9003 (from HTTP_X_FORWARDED_FOR HTTP header), localhost:9003 (fallback through xdebug.client_host/xdebug.client_port) :-(
[15-Apr-2024 07:08:44 UTC] Xdebug: [Step Debug] Time-out connecting to debugging client, waited: 200 ms. Tried: ::1:9003 (from HTTP_X_FORWARDED_FOR HTTP header), localhost:9003 (fallback through xdebug.client_host/xdebug.client_port) :-(
[15-Apr-2024 07:08:45 UTC] Xdebug: [Step Debug] Time-out connecting to debugging client, waited: 200 ms. Tried: ::1:9003 (from HTTP_X_FORWARDED_FOR HTTP header), localhost:9003 (fallback through xdebug.client_host/xdebug.client_port) :-(
[15-Apr-2024 07:08:45 UTC] Xdebug: [Step Debug] Time-out connecting to debugging client, waited: 200 ms. Tried: ::1:9003 (from HTTP_X_FORWARDED_FOR HTTP header), localhost:9003 (fallback through xdebug.client_host/xdebug.client_port) :-(
[15-Apr-2024 07:08:45 UTC] Xdebug: [Step Debug] Time-out connecting to debugging client, waited: 200 ms. Tried: ::1:9003 (from HTTP_X_FORWARDED_FOR HTTP header), localhost:9003 (fallback through xdebug.client_host/xdebug.client_port) :-(
[15-Apr-2024 07:08:45 UTC] Xdebug: [Step Debug] Time-out connecting to debugging client, waited: 200 ms. Tried: ::1:9003 (from HTTP_X_FORWARDED_FOR HTTP header), localhost:9003 (fallback through xdebug.client_host/xdebug.client_port) :-(
[15-Apr-2024 07:08:46 UTC] Xdebug: [Step Debug] Time-out connecting to debugging client, waited: 200 ms. Tried: ::1:9003 (from HTTP_X_FORWARDED_FOR HTTP header), localhost:9003 (fallback through xdebug.client_host/xdebug.client_port) :-(
[15-Apr-2024 07:08:46 UTC] Xdebug: [Step Debug] Time-out connecting to debugging client, waited: 200 ms. Tried: ::1:9003 (from HTTP_X_FORWARDED_FOR HTTP header), localhost:9003 (fallback through xdebug.client_host/xdebug.client_port) :-(
[15-Apr-2024 07:08:46 UTC] Xdebug: [Step Debug] Time-out connecting to debugging client, waited: 200 ms. Tried: ::1:9003 (from HTTP_X_FORWARDED_FOR HTTP header), localhost:9003 (fallback through xdebug.client_host/xdebug.client_port) :-(
[15-Apr-2024 07:08:46 UTC] Xdebug: [Step Debug] Time-out connecting to debugging client, waited: 200 ms. Tried: ::1:9003 (from HTTP_X_FORWARDED_FOR HTTP header), localhost:9003 (fallback through xdebug.client_host/xdebug.client_port) :-(
[15-Apr-2024 07:08:47 UTC] Xdebug: [Step Debug] Time-out connecting to debugging client, waited: 200 ms. Tried: ::1:9003 (from HTTP_X_FORWARDED_FOR HTTP header), localhost:9003 (fallback through xdebug.client_host/xdebug.client_port) :-(
[15-Apr-2024 07:08:47 UTC] Xdebug: [Step Debug] Time-out connecting to debugging client, waited: 200 ms. Tried: ::1:9003 (from HTTP_X_FORWARDED_FOR HTTP header), localhost:9003 (fallback through xdebug.client_host/xdebug.client_port) :-(
[15-Apr-2024 07:08:48 UTC] Xdebug: [Step Debug] Time-out connecting to debugging client, waited: 200 ms. Tried: ::1:9003 (from HTTP_X_FORWARDED_FOR HTTP header), localhost:9003 (fallback through xdebug.client_host/xdebug.client_port) :-(
[15-Apr-2024 07:08:48 UTC] Xdebug: [Step Debug] Time-out connecting to debugging client, waited: 200 ms. Tried: ::1:9003 (from HTTP_X_FORWARDED_FOR HTTP header), localhost:9003 (fallback through xdebug.client_host/xdebug.client_port) :-(
[15-Apr-2024 07:08:48 UTC] Xdebug: [Step Debug] Time-out connecting to debugging client, waited: 200 ms. Tried: ::1:9003 (from HTTP_X_FORWARDED_FOR HTTP header), localhost:9003 (fallback through xdebug.client_host/xdebug.client_port) :-(
[15-Apr-2024 07:08:48 UTC] Xdebug: [Step Debug] Time-out connecting to debugging client, waited: 200 ms. Tried: ::1:9003 (from HTTP_X_FORWARDED_FOR HTTP header), localhost:9003 (fallback through xdebug.client_host/xdebug.client_port) :-(
[15-Apr-2024 07:08:49 UTC] Xdebug: [Step Debug] Time-out connecting to debugging client, waited: 200 ms. Tried: ::1:9003 (from HTTP_X_FORWARDED_FOR HTTP header), localhost:9003 (fallback through xdebug.client_host/xdebug.client_port) :-(
[15-Apr-2024 07:08:49 UTC] Xdebug: [Step Debug] Time-out connecting to debugging client, waited: 200 ms. Tried: ::1:9003 (from HTTP_X_FORWARDED_FOR HTTP header), localhost:9003 (fallback through xdebug.client_host/xdebug.client_port) :-(
[15-Apr-2024 07:08:50 UTC] Xdebug: [Step Debug] Time-out connecting to debugging client, waited: 200 ms. Tried: ::1:9003 (from HTTP_X_FORWARDED_FOR HTTP header), localhost:9003 (fallback through xdebug.client_host/xdebug.client_port) :-(
[15-Apr-2024 07:08:50 UTC] Xdebug: [Step Debug] Time-out connecting to debugging client, waited: 200 ms. Tried: ::1:9003 (from HTTP_X_FORWARDED_FOR HTTP header), localhost:9003 (fallback through xdebug.client_host/xdebug.client_port) :-(
[15-Apr-2024 07:08:50 UTC] Xdebug: [Step Debug] Time-out connecting to debugging client, waited: 200 ms. Tried: ::1:9003 (from HTTP_X_FORWARDED_FOR HTTP header), localhost:9003 (fallback through xdebug.client_host/xdebug.client_port) :-(
[15-Apr-2024 07:08:50 UTC] Xdebug: [Step Debug] Time-out connecting to debugging client, waited: 200 ms. Tried: ::1:9003 (from HTTP_X_FORWARDED_FOR HTTP header), localhost:9003 (fallback through xdebug.client_host/xdebug.client_port) :-(
[15-Apr-2024 07:08:51 UTC] Xdebug: [Step Debug] Time-out connecting to debugging client, waited: 200 ms. Tried: ::1:9003 (from HTTP_X_FORWARDED_FOR HTTP header), localhost:9003 (fallback through xdebug.client_host/xdebug.client_port) :-(
[15-Apr-2024 07:08:51 UTC] Xdebug: [Step Debug] Time-out connecting to debugging client, waited: 200 ms. Tried: ::1:9003 (from HTTP_X_FORWARDED_FOR HTTP header), localhost:9003 (fallback through xdebug.client_host/xdebug.client_port) :-(
[15-Apr-2024 07:08:52 UTC] Xdebug: [Step Debug] Time-out connecting to debugging client, waited: 200 ms. Tried: ::1:9003 (from HTTP_X_FORWARDED_FOR HTTP header), localhost:9003 (fallback through xdebug.client_host/xdebug.client_port) :-(
[15-Apr-2024 07:08:52 UTC] Xdebug: [Step Debug] Time-out connecting to debugging client, waited: 200 ms. Tried: ::1:9003 (from HTTP_X_FORWARDED_FOR HTTP header), localhost:9003 (fallback through xdebug.client_host/xdebug.client_port) :-(
[15-Apr-2024 07:08:52 UTC] Xdebug: [Step Debug] Time-out connecting to debugging client, waited: 200 ms. Tried: ::1:9003 (from HTTP_X_FORWARDED_FOR HTTP header), localhost:9003 (fallback through xdebug.client_host/xdebug.client_port) :-(
[15-Apr-2024 07:08:52 UTC] Xdebug: [Step Debug] Time-out connecting to debugging client, waited: 200 ms. Tried: ::1:9003 (from HTTP_X_FORWARDED_FOR HTTP header), localhost:9003 (fallback through xdebug.client_host/xdebug.client_port) :-(
[15-Apr-2024 07:08:53 UTC] Xdebug: [Step Debug] Time-out connecting to debugging client, waited: 200 ms. Tried: ::1:9003 (from HTTP_X_FORWARDED_FOR HTTP header), localhost:9003 (fallback through xdebug.client_host/xdebug.client_port) :-(
[15-Apr-2024 07:08:53 UTC] Xdebug: [Step Debug] Time-out connecting to debugging client, waited: 200 ms. Tried: ::1:9003 (from HTTP_X_FORWARDED_FOR HTTP header), localhost:9003 (fallback through xdebug.client_host/xdebug.client_port) :-(
[15-Apr-2024 07:08:54 UTC] Xdebug: [Step Debug] Time-out connecting to debugging client, waited: 200 ms. Tried: ::1:9003 (from HTTP_X_FORWARDED_FOR HTTP header), localhost:9003 (fallback through xdebug.client_host/xdebug.client_port) :-(
[15-Apr-2024 07:08:54 UTC] Xdebug: [Step Debug] Time-out connecting to debugging client, waited: 200 ms. Tried: ::1:9003 (from HTTP_X_FORWARDED_FOR HTTP header), localhost:9003 (fallback through xdebug.client_host/xdebug.client_port) :-(
[15-Apr-2024 07:08:54 UTC] Xdebug: [Step Debug] Time-out connecting to debugging client, waited: 200 ms. Tried: ::1:9003 (from HTTP_X_FORWARDED_FOR HTTP header), localhost:9003 (fallback through xdebug.client_host/xdebug.client_port) :-(
[15-Apr-2024 07:08:54 UTC] Xdebug: [Step Debug] Time-out connecting to debugging client, waited: 200 ms. Tried: ::1:9003 (from HTTP_X_FORWARDED_FOR HTTP header), localhost:9003 (fallback through xdebug.client_host/xdebug.client_port) :-(
[15-Apr-2024 07:08:55 UTC] Xdebug: [Step Debug] Time-out connecting to debugging client, waited: 200 ms. Tried: ::1:9003 (from HTTP_X_FORWARDED_FOR HTTP header), localhost:9003 (fallback through xdebug.client_host/xdebug.client_port) :-(
[15-Apr-2024 07:08:55 UTC] Xdebug: [Step Debug] Time-out connecting to debugging client, waited: 200 ms. Tried: ::1:9003 (from HTTP_X_FORWARDED_FOR HTTP header), localhost:9003 (fallback through xdebug.client_host/xdebug.client_port) :-(
[15-Apr-2024 07:08:56 UTC] Xdebug: [Step Debug] Time-out connecting to debugging client, waited: 200 ms. Tried: ::1:9003 (from HTTP_X_FORWARDED_FOR HTTP header), localhost:9003 (fallback through xdebug.client_host/xdebug.client_port) :-(
[15-Apr-2024 07:08:56 UTC] Xdebug: [Step Debug] Time-out connecting to debugging client, waited: 200 ms. Tried: ::1:9003 (from HTTP_X_FORWARDED_FOR HTTP header), localhost:9003 (fallback through xdebug.client_host/xdebug.client_port) :-(
[15-Apr-2024 07:08:56 UTC] Xdebug: [Step Debug] Time-out connecting to debugging client, waited: 200 ms. Tried: ::1:9003 (from HTTP_X_FORWARDED_FOR HTTP header), localhost:9003 (fallback through xdebug.client_host/xdebug.client_port) :-(
[15-Apr-2024 07:08:56 UTC] Xdebug: [Step Debug] Time-out connecting to debugging client, waited: 200 ms. Tried: ::1:9003 (from HTTP_X_FORWARDED_FOR HTTP header), localhost:9003 (fallback through xdebug.client_host/xdebug.client_port) :-(
[15-Apr-2024 07:08:57 UTC] Xdebug: [Step Debug] Time-out connecting to debugging client, waited: 200 ms. Tried: ::1:9003 (from HTTP_X_FORWARDED_FOR HTTP header), localhost:9003 (fallback through xdebug.client_host/xdebug.client_port) :-(
[15-Apr-2024 07:08:57 UTC] Xdebug: [Step Debug] Time-out connecting to debugging client, waited: 200 ms. Tried: ::1:9003 (from HTTP_X_FORWARDED_FOR HTTP header), localhost:9003 (fallback through xdebug.client_host/xdebug.client_port) :-(
[15-Apr-2024 07:08:57 UTC] Xdebug: [Step Debug] Time-out connecting to debugging client, waited: 200 ms. Tried: ::1:9003 (from HTTP_X_FORWARDED_FOR HTTP header), localhost:9003 (fallback through xdebug.client_host/xdebug.client_port) :-(
[15-Apr-2024 07:08:57 UTC] Xdebug: [Step Debug] Time-out connecting to debugging client, waited: 200 ms. Tried: ::1:9003 (from HTTP_X_FORWARDED_FOR HTTP header), localhost:9003 (fallback through xdebug.client_host/xdebug.client_port) :-(
[15-Apr-2024 07:08:58 UTC] Xdebug: [Step Debug] Time-out connecting to debugging client, waited: 200 ms. Tried: ::1:9003 (from HTTP_X_FORWARDED_FOR HTTP header), localhost:9003 (fallback through xdebug.client_host/xdebug.client_port) :-(
[15-Apr-2024 07:08:58 UTC] Xdebug: [Step Debug] Time-out connecting to debugging client, waited: 200 ms. Tried: ::1:9003 (from HTTP_X_FORWARDED_FOR HTTP header), localhost:9003 (fallback through xdebug.client_host/xdebug.client_port) :-(
[15-Apr-2024 07:08:59 UTC] Xdebug: [Step Debug] Time-out connecting to debugging client, waited: 200 ms. Tried: ::1:9003 (from HTTP_X_FORWARDED_FOR HTTP header), localhost:9003 (fallback through xdebug.client_host/xdebug.client_port) :-(
[15-Apr-2024 07:08:59 UTC] Xdebug: [Step Debug] Time-out connecting to debugging client, waited: 200 ms. Tried: ::1:9003 (from HTTP_X_FORWARDED_FOR HTTP header), localhost:9003 (fallback through xdebug.client_host/xdebug.client_port) :-(
[15-Apr-2024 07:08:59 UTC] Xdebug: [Step Debug] Time-out connecting to debugging client, waited: 200 ms. Tried: ::1:9003 (from HTTP_X_FORWARDED_FOR HTTP header), localhost:9003 (fallback through xdebug.client_host/xdebug.client_port) :-(
[15-Apr-2024 07:08:59 UTC] Xdebug: [Step Debug] Time-out connecting to debugging client, waited: 200 ms. Tried: ::1:9003 (from HTTP_X_FORWARDED_FOR HTTP header), localhost:9003 (fallback through xdebug.client_host/xdebug.client_port) :-(
[15-Apr-2024 07:09:00 UTC] Xdebug: [Step Debug] Time-out connecting to debugging client, waited: 200 ms. Tried: ::1:9003 (from HTTP_X_FORWARDED_FOR HTTP header), localhost:9003 (fallback through xdebug.client_host/xdebug.client_port) :-(
[15-Apr-2024 07:09:00 UTC] Xdebug: [Step Debug] Time-out connecting to debugging client, waited: 200 ms. Tried: ::1:9003 (from HTTP_X_FORWARDED_FOR HTTP header), localhost:9003 (fallback through xdebug.client_host/xdebug.client_port) :-(
[15-Apr-2024 07:09:01 UTC] Xdebug: [Step Debug] Time-out connecting to debugging client, waited: 200 ms. Tried: ::1:9003 (from HTTP_X_FORWARDED_FOR HTTP header), localhost:9003 (fallback through xdebug.client_host/xdebug.client_port) :-(
[15-Apr-2024 07:09:01 UTC] Xdebug: [Step Debug] Time-out connecting to debugging client, waited: 200 ms. Tried: ::1:9003 (from HTTP_X_FORWARDED_FOR HTTP header), localhost:9003 (fallback through xdebug.client_host/xdebug.client_port) :-(
[15-Apr-2024 07:09:01 UTC] Xdebug: [Step Debug] Time-out connecting to debugging client, waited: 200 ms. Tried: ::1:9003 (from HTTP_X_FORWARDED_FOR HTTP header), localhost:9003 (fallback through xdebug.client_host/xdebug.client_port) :-(
[15-Apr-2024 07:09:01 UTC] Xdebug: [Step Debug] Time-out connecting to debugging client, waited: 200 ms. Tried: ::1:9003 (from HTTP_X_FORWARDED_FOR HTTP header), localhost:9003 (fallback through xdebug.client_host/xdebug.client_port) :-(
[15-Apr-2024 07:09:02 UTC] Xdebug: [Step Debug] Time-out connecting to debugging client, waited: 200 ms. Tried: ::1:9003 (from HTTP_X_FORWARDED_FOR HTTP header), localhost:9003 (fallback through xdebug.client_host/xdebug.client_port) :-(
[15-Apr-2024 07:09:02 UTC] Xdebug: [Step Debug] Time-out connecting to debugging client, waited: 200 ms. Tried: ::1:9003 (from HTTP_X_FORWARDED_FOR HTTP header), localhost:9003 (fallback through xdebug.client_host/xdebug.client_port) :-(
[15-Apr-2024 07:09:03 UTC] Xdebug: [Step Debug] Time-out connecting to debugging client, waited: 200 ms. Tried: ::1:9003 (from HTTP_X_FORWARDED_FOR HTTP header), localhost:9003 (fallback through xdebug.client_host/xdebug.client_port) :-(
[15-Apr-2024 07:09:03 UTC] Xdebug: [Step Debug] Time-out connecting to debugging client, waited: 200 ms. Tried: ::1:9003 (from HTTP_X_FORWARDED_FOR HTTP header), localhost:9003 (fallback through xdebug.client_host/xdebug.client_port) :-(
[15-Apr-2024 07:09:03 UTC] Xdebug: [Step Debug] Time-out connecting to debugging client, waited: 200 ms. Tried: ::1:9003 (from HTTP_X_FORWARDED_FOR HTTP header), localhost:9003 (fallback through xdebug.client_host/xdebug.client_port) :-(
[15-Apr-2024 07:09:03 UTC] Xdebug: [Step Debug] Time-out connecting to debugging client, waited: 200 ms. Tried: ::1:9003 (from HTTP_X_FORWARDED_FOR HTTP header), localhost:9003 (fallback through xdebug.client_host/xdebug.client_port) :-(
[15-Apr-2024 07:09:04 UTC] Xdebug: [Step Debug] Time-out connecting to debugging client, waited: 200 ms. Tried: ::1:9003 (from HTTP_X_FORWARDED_FOR HTTP header), localhost:9003 (fallback through xdebug.client_host/xdebug.client_port) :-(
[15-Apr-2024 07:09:04 UTC] Xdebug: [Step Debug] Time-out connecting to debugging client, waited: 200 ms. Tried: ::1:9003 (from HTTP_X_FORWARDED_FOR HTTP header), localhost:9003 (fallback through xdebug.client_host/xdebug.client_port) :-(
[15-Apr-2024 07:09:04 UTC] Xdebug: [Step Debug] Time-out connecting to debugging client, waited: 200 ms. Tried: ::1:9003 (from HTTP_X_FORWARDED_FOR HTTP header), localhost:9003 (fallback through xdebug.client_host/xdebug.client_port) :-(
[15-Apr-2024 07:09:04 UTC] Xdebug: [Step Debug] Time-out connecting to debugging client, waited: 200 ms. Tried: ::1:9003 (from HTTP_X_FORWARDED_FOR HTTP header), localhost:9003 (fallback through xdebug.client_host/xdebug.client_port) :-(
[15-Apr-2024 07:09:05 UTC] Xdebug: [Step Debug] Time-out connecting to debugging client, waited: 200 ms. Tried: ::1:9003 (from HTTP_X_FORWARDED_FOR HTTP header), localhost:9003 (fallback through xdebug.client_host/xdebug.client_port) :-(
[15-Apr-2024 07:09:05 UTC] Xdebug: [Step Debug] Time-out connecting to debugging client, waited: 200 ms. Tried: ::1:9003 (from HTTP_X_FORWARDED_FOR HTTP header), localhost:9003 (fallback through xdebug.client_host/xdebug.client_port) :-(
[15-Apr-2024 07:09:06 UTC] Xdebug: [Step Debug] Time-out connecting to debugging client, waited: 200 ms. Tried: ::1:9003 (from HTTP_X_FORWARDED_FOR HTTP header), localhost:9003 (fallback through xdebug.client_host/xdebug.client_port) :-(
[15-Apr-2024 07:09:06 UTC] Xdebug: [Step Debug] Time-out connecting to debugging client, waited: 200 ms. Tried: ::1:9003 (from HTTP_X_FORWARDED_FOR HTTP header), localhost:9003 (fallback through xdebug.client_host/xdebug.client_port) :-(
[15-Apr-2024 07:09:06 UTC] Xdebug: [Step Debug] Time-out connecting to debugging client, waited: 200 ms. Tried: ::1:9003 (from HTTP_X_FORWARDED_FOR HTTP header), localhost:9003 (fallback through xdebug.client_host/xdebug.client_port) :-(
[15-Apr-2024 07:09:06 UTC] Xdebug: [Step Debug] Time-out connecting to debugging client, waited: 200 ms. Tried: ::1:9003 (from HTTP_X_FORWARDED_FOR HTTP header), localhost:9003 (fallback through xdebug.client_host/xdebug.client_port) :-(
[15-Apr-2024 07:09:07 UTC] Xdebug: [Step Debug] Time-out connecting to debugging client, waited: 200 ms. Tried: ::1:9003 (from HTTP_X_FORWARDED_FOR HTTP header), localhost:9003 (fallback through xdebug.client_host/xdebug.client_port) :-(
[15-Apr-2024 07:09:07 UTC] Xdebug: [Step Debug] Time-out connecting to debugging client, waited: 200 ms. Tried: ::1:9003 (from HTTP_X_FORWARDED_FOR HTTP header), localhost:9003 (fallback through xdebug.client_host/xdebug.client_port) :-(
[15-Apr-2024 07:09:08 UTC] Xdebug: [Step Debug] Time-out connecting to debugging client, waited: 200 ms. Tried: ::1:9003 (from HTTP_X_FORWARDED_FOR HTTP header), localhost:9003 (fallback through xdebug.client_host/xdebug.client_port) :-(
[15-Apr-2024 07:09:08 UTC] Xdebug: [Step Debug] Time-out connecting to debugging client, waited: 200 ms. Tried: ::1:9003 (from HTTP_X_FORWARDED_FOR HTTP header), localhost:9003 (fallback through xdebug.client_host/xdebug.client_port) :-(
[15-Apr-2024 07:09:08 UTC] Xdebug: [Step Debug] Time-out connecting to debugging client, waited: 200 ms. Tried: ::1:9003 (from HTTP_X_FORWARDED_FOR HTTP header), localhost:9003 (fallback through xdebug.client_host/xdebug.client_port) :-(
[15-Apr-2024 07:09:08 UTC] Xdebug: [Step Debug] Time-out connecting to debugging client, waited: 200 ms. Tried: ::1:9003 (from HTTP_X_FORWARDED_FOR HTTP header), localhost:9003 (fallback through xdebug.client_host/xdebug.client_port) :-(
[15-Apr-2024 07:09:09 UTC] Xdebug: [Step Debug] Time-out connecting to debugging client, waited: 200 ms. Tried: ::1:9003 (from HTTP_X_FORWARDED_FOR HTTP header), localhost:9003 (fallback through xdebug.client_host/xdebug.client_port) :-(
[15-Apr-2024 07:09:09 UTC] Xdebug: [Step Debug] Time-out connecting to debugging client, waited: 200 ms. Tried: ::1:9003 (from HTTP_X_FORWARDED_FOR HTTP header), localhost:9003 (fallback through xdebug.client_host/xdebug.client_port) :-(
[15-Apr-2024 07:09:10 UTC] Xdebug: [Step Debug] Time-out connecting to debugging client, waited: 200 ms. Tried: ::1:9003 (from HTTP_X_FORWARDED_FOR HTTP header), localhost:9003 (fallback through xdebug.client_host/xdebug.client_port) :-(
[15-Apr-2024 07:09:10 UTC] Xdebug: [Step Debug] Time-out connecting to debugging client, waited: 200 ms. Tried: ::1:9003 (from HTTP_X_FORWARDED_FOR HTTP header), localhost:9003 (fallback through xdebug.client_host/xdebug.client_port) :-(
[15-Apr-2024 07:09:10 UTC] Xdebug: [Step Debug] Time-out connecting to debugging client, waited: 200 ms. Tried: ::1:9003 (from HTTP_X_FORWARDED_FOR HTTP header), localhost:9003 (fallback through xdebug.client_host/xdebug.client_port) :-(
[15-Apr-2024 07:09:10 UTC] Xdebug: [Step Debug] Time-out connecting to debugging client, waited: 200 ms. Tried: ::1:9003 (from HTTP_X_FORWARDED_FOR HTTP header), localhost:9003 (fallback through xdebug.client_host/xdebug.client_port) :-(
[15-Apr-2024 07:09:11 UTC] Xdebug: [Step Debug] Time-out connecting to debugging client, waited: 200 ms. Tried: ::1:9003 (from HTTP_X_FORWARDED_FOR HTTP header), localhost:9003 (fallback through xdebug.client_host/xdebug.client_port) :-(
[15-Apr-2024 07:09:11 UTC] Xdebug: [Step Debug] Time-out connecting to debugging client, waited: 200 ms. Tried: ::1:9003 (from HTTP_X_FORWARDED_FOR HTTP header), localhost:9003 (fallback through xdebug.client_host/xdebug.client_port) :-(
[15-Apr-2024 07:09:12 UTC] Xdebug: [Step Debug] Time-out connecting to debugging client, waited: 200 ms. Tried: ::1:9003 (from HTTP_X_FORWARDED_FOR HTTP header), localhost:9003 (fallback through xdebug.client_host/xdebug.client_port) :-(
[15-Apr-2024 07:09:12 UTC] Xdebug: [Step Debug] Time-out connecting to debugging client, waited: 200 ms. Tried: ::1:9003 (from HTTP_X_FORWARDED_FOR HTTP header), localhost:9003 (fallback through xdebug.client_host/xdebug.client_port) :-(
[15-Apr-2024 07:09:12 UTC] Xdebug: [Step Debug] Time-out connecting to debugging client, waited: 200 ms. Tried: ::1:9003 (from HTTP_X_FORWARDED_FOR HTTP header), localhost:9003 (fallback through xdebug.client_host/xdebug.client_port) :-(
[15-Apr-2024 07:09:12 UTC] Xdebug: [Step Debug] Time-out connecting to debugging client, waited: 200 ms. Tried: ::1:9003 (from HTTP_X_FORWARDED_FOR HTTP header), localhost:9003 (fallback through xdebug.client_host/xdebug.client_port) :-(
[15-Apr-2024 07:09:13 UTC] Xdebug: [Step Debug] Time-out connecting to debugging client, waited: 200 ms. Tried: ::1:9003 (from HTTP_X_FORWARDED_FOR HTTP header), localhost:9003 (fallback through xdebug.client_host/xdebug.client_port) :-(
[15-Apr-2024 07:09:13 UTC] Xdebug: [Step Debug] Time-out connecting to debugging client, waited: 200 ms. Tried: ::1:9003 (from HTTP_X_FORWARDED_FOR HTTP header), localhost:9003 (fallback through xdebug.client_host/xdebug.client_port) :-(
[15-Apr-2024 07:09:13 UTC] Xdebug: [Step Debug] Time-out connecting to debugging client, waited: 200 ms. Tried: ::1:9003 (from HTTP_X_FORWARDED_FOR HTTP header), localhost:9003 (fallback through xdebug.client_host/xdebug.client_port) :-(
[15-Apr-2024 07:09:13 UTC] Xdebug: [Step Debug] Time-out connecting to debugging client, waited: 200 ms. Tried: ::1:9003 (from HTTP_X_FORWARDED_FOR HTTP header), localhost:9003 (fallback through xdebug.client_host/xdebug.client_port) :-(
[15-Apr-2024 07:09:14 UTC] Xdebug: [Step Debug] Time-out connecting to debugging client, waited: 200 ms. Tried: ::1:9003 (from HTTP_X_FORWARDED_FOR HTTP header), localhost:9003 (fallback through xdebug.client_host/xdebug.client_port) :-(
[15-Apr-2024 07:09:14 UTC] Xdebug: [Step Debug] Time-out connecting to debugging client, waited: 200 ms. Tried: ::1:9003 (from HTTP_X_FORWARDED_FOR HTTP header), localhost:9003 (fallback through xdebug.client_host/xdebug.client_port) :-(
[15-Apr-2024 07:09:15 UTC] Xdebug: [Step Debug] Time-out connecting to debugging client, waited: 200 ms. Tried: ::1:9003 (from HTTP_X_FORWARDED_FOR HTTP header), localhost:9003 (fallback through xdebug.client_host/xdebug.client_port) :-(
[15-Apr-2024 07:09:15 UTC] Xdebug: [Step Debug] Time-out connecting to debugging client, waited: 200 ms. Tried: ::1:9003 (from HTTP_X_FORWARDED_FOR HTTP header), localhost:9003 (fallback through xdebug.client_host/xdebug.client_port) :-(
[15-Apr-2024 07:09:15 UTC] Xdebug: [Step Debug] Time-out connecting to debugging client, waited: 200 ms. Tried: ::1:9003 (from HTTP_X_FORWARDED_FOR HTTP header), localhost:9003 (fallback through xdebug.client_host/xdebug.client_port) :-(
[15-Apr-2024 07:09:15 UTC] Xdebug: [Step Debug] Time-out connecting to debugging client, waited: 200 ms. Tried: ::1:9003 (from HTTP_X_FORWARDED_FOR HTTP header), localhost:9003 (fallback through xdebug.client_host/xdebug.client_port) :-(
[15-Apr-2024 07:09:16 UTC] Xdebug: [Step Debug] Time-out connecting to debugging client, waited: 200 ms. Tried: ::1:9003 (from HTTP_X_FORWARDED_FOR HTTP header), localhost:9003 (fallback through xdebug.client_host/xdebug.client_port) :-(
[15-Apr-2024 07:09:16 UTC] Xdebug: [Step Debug] Time-out connecting to debugging client, waited: 200 ms. Tried: ::1:9003 (from HTTP_X_FORWARDED_FOR HTTP header), localhost:9003 (fallback through xdebug.client_host/xdebug.client_port) :-(
[15-Apr-2024 07:09:17 UTC] Xdebug: [Step Debug] Time-out connecting to debugging client, waited: 200 ms. Tried: ::1:9003 (from HTTP_X_FORWARDED_FOR HTTP header), localhost:9003 (fallback through xdebug.client_host/xdebug.client_port) :-(
[15-Apr-2024 07:09:17 UTC] Xdebug: [Step Debug] Time-out connecting to debugging client, waited: 200 ms. Tried: ::1:9003 (from HTTP_X_FORWARDED_FOR HTTP header), localhost:9003 (fallback through xdebug.client_host/xdebug.client_port) :-(
[15-Apr-2024 07:09:17 UTC] Xdebug: [Step Debug] Time-out connecting to debugging client, waited: 200 ms. Tried: ::1:9003 (from HTTP_X_FORWARDED_FOR HTTP header), localhost:9003 (fallback through xdebug.client_host/xdebug.client_port) :-(
[15-Apr-2024 07:09:17 UTC] Xdebug: [Step Debug] Time-out connecting to debugging client, waited: 200 ms. Tried: ::1:9003 (from HTTP_X_FORWARDED_FOR HTTP header), localhost:9003 (fallback through xdebug.client_host/xdebug.client_port) :-(
[15-Apr-2024 07:09:18 UTC] Xdebug: [Step Debug] Time-out connecting to debugging client, waited: 200 ms. Tried: ::1:9003 (from HTTP_X_FORWARDED_FOR HTTP header), localhost:9003 (fallback through xdebug.client_host/xdebug.client_port) :-(
[15-Apr-2024 07:09:18 UTC] Xdebug: [Step Debug] Time-out connecting to debugging client, waited: 200 ms. Tried: ::1:9003 (from HTTP_X_FORWARDED_FOR HTTP header), localhost:9003 (fallback through xdebug.client_host/xdebug.client_port) :-(
[15-Apr-2024 07:09:19 UTC] Xdebug: [Step Debug] Time-out connecting to debugging client, waited: 200 ms. Tried: ::1:9003 (from HTTP_X_FORWARDED_FOR HTTP header), localhost:9003 (fallback through xdebug.client_host/xdebug.client_port) :-(
[15-Apr-2024 07:09:19 UTC] Xdebug: [Step Debug] Time-out connecting to debugging client, waited: 200 ms. Tried: ::1:9003 (from HTTP_X_FORWARDED_FOR HTTP header), localhost:9003 (fallback through xdebug.client_host/xdebug.client_port) :-(
[15-Apr-2024 07:09:19 UTC] Xdebug: [Step Debug] Time-out connecting to debugging client, waited: 200 ms. Tried: ::1:9003 (from HTTP_X_FORWARDED_FOR HTTP header), localhost:9003 (fallback through xdebug.client_host/xdebug.client_port) :-(
[15-Apr-2024 07:09:19 UTC] Xdebug: [Step Debug] Time-out connecting to debugging client, waited: 200 ms. Tried: ::1:9003 (from HTTP_X_FORWARDED_FOR HTTP header), localhost:9003 (fallback through xdebug.client_host/xdebug.client_port) :-(
[15-Apr-2024 07:09:20 UTC] Xdebug: [Step Debug] Time-out connecting to debugging client, waited: 200 ms. Tried: ::1:9003 (from HTTP_X_FORWARDED_FOR HTTP header), localhost:9003 (fallback through xdebug.client_host/xdebug.client_port) :-(
[15-Apr-2024 07:09:20 UTC] Xdebug: [Step Debug] Time-out connecting to debugging client, waited: 200 ms. Tried: ::1:9003 (from HTTP_X_FORWARDED_FOR HTTP header), localhost:9003 (fallback through xdebug.client_host/xdebug.client_port) :-(
[15-Apr-2024 07:09:21 UTC] Xdebug: [Step Debug] Time-out connecting to debugging client, waited: 200 ms. Tried: ::1:9003 (from HTTP_X_FORWARDED_FOR HTTP header), localhost:9003 (fallback through xdebug.client_host/xdebug.client_port) :-(
[15-Apr-2024 07:09:21 UTC] Xdebug: [Step Debug] Time-out connecting to debugging client, waited: 200 ms. Tried: ::1:9003 (from HTTP_X_FORWARDED_FOR HTTP header), localhost:9003 (fallback through xdebug.client_host/xdebug.client_port) :-(
[15-Apr-2024 07:09:21 UTC] Xdebug: [Step Debug] Time-out connecting to debugging client, waited: 200 ms. Tried: ::1:9003 (from HTTP_X_FORWARDED_FOR HTTP header), localhost:9003 (fallback through xdebug.client_host/xdebug.client_port) :-(
[15-Apr-2024 07:09:21 UTC] Xdebug: [Step Debug] Time-out connecting to debugging client, waited: 200 ms. Tried: ::1:9003 (from HTTP_X_FORWARDED_FOR HTTP header), localhost:9003 (fallback through xdebug.client_host/xdebug.client_port) :-(
[15-Apr-2024 07:09:22 UTC] Xdebug: [Step Debug] Time-out connecting to debugging client, waited: 200 ms. Tried: ::1:9003 (from HTTP_X_FORWARDED_FOR HTTP header), localhost:9003 (fallback through xdebug.client_host/xdebug.client_port) :-(
[15-Apr-2024 07:09:22 UTC] Xdebug: [Step Debug] Time-out connecting to debugging client, waited: 200 ms. Tried: ::1:9003 (from HTTP_X_FORWARDED_FOR HTTP header), localhost:9003 (fallback through xdebug.client_host/xdebug.client_port) :-(
[15-Apr-2024 07:09:23 UTC] Xdebug: [Step Debug] Time-out connecting to debugging client, waited: 200 ms. Tried: ::1:9003 (from HTTP_X_FORWARDED_FOR HTTP header), localhost:9003 (fallback through xdebug.client_host/xdebug.client_port) :-(
[15-Apr-2024 07:09:23 UTC] Xdebug: [Step Debug] Time-out connecting to debugging client, waited: 200 ms. Tried: ::1:9003 (from HTTP_X_FORWARDED_FOR HTTP header), localhost:9003 (fallback through xdebug.client_host/xdebug.client_port) :-(
[15-Apr-2024 07:09:23 UTC] Xdebug: [Step Debug] Time-out connecting to debugging client, waited: 200 ms. Tried: ::1:9003 (from HTTP_X_FORWARDED_FOR HTTP header), localhost:9003 (fallback through xdebug.client_host/xdebug.client_port) :-(
[15-Apr-2024 07:09:23 UTC] Xdebug: [Step Debug] Time-out connecting to debugging client, waited: 200 ms. Tried: ::1:9003 (from HTTP_X_FORWARDED_FOR HTTP header), localhost:9003 (fallback through xdebug.client_host/xdebug.client_port) :-(
[15-Apr-2024 07:09:24 UTC] Xdebug: [Step Debug] Time-out connecting to debugging client, waited: 200 ms. Tried: ::1:9003 (from HTTP_X_FORWARDED_FOR HTTP header), localhost:9003 (fallback through xdebug.client_host/xdebug.client_port) :-(
[15-Apr-2024 07:09:24 UTC] Xdebug: [Step Debug] Time-out connecting to debugging client, waited: 200 ms. Tried: ::1:9003 (from HTTP_X_FORWARDED_FOR HTTP header), localhost:9003 (fallback through xdebug.client_host/xdebug.client_port) :-(
[15-Apr-2024 07:09:24 UTC] Xdebug: [Step Debug] Time-out connecting to debugging client, waited: 200 ms. Tried: ::1:9003 (from HTTP_X_FORWARDED_FOR HTTP header), localhost:9003 (fallback through xdebug.client_host/xdebug.client_port) :-(
[15-Apr-2024 07:09:24 UTC] Xdebug: [Step Debug] Time-out connecting to debugging client, waited: 200 ms. Tried: ::1:9003 (from HTTP_X_FORWARDED_FOR HTTP header), localhost:9003 (fallback through xdebug.client_host/xdebug.client_port) :-(
[15-Apr-2024 07:09:25 UTC] Xdebug: [Step Debug] Time-out connecting to debugging client, waited: 200 ms. Tried: ::1:9003 (from HTTP_X_FORWARDED_FOR HTTP header), localhost:9003 (fallback through xdebug.client_host/xdebug.client_port) :-(
[15-Apr-2024 07:09:25 UTC] Xdebug: [Step Debug] Time-out connecting to debugging client, waited: 200 ms. Tried: ::1:9003 (from HTTP_X_FORWARDED_FOR HTTP header), localhost:9003 (fallback through xdebug.client_host/xdebug.client_port) :-(
[15-Apr-2024 07:09:26 UTC] Xdebug: [Step Debug] Time-out connecting to debugging client, waited: 200 ms. Tried: ::1:9003 (from HTTP_X_FORWARDED_FOR HTTP header), localhost:9003 (fallback through xdebug.client_host/xdebug.client_port) :-(
[15-Apr-2024 07:09:26 UTC] Xdebug: [Step Debug] Time-out connecting to debugging client, waited: 200 ms. Tried: ::1:9003 (from HTTP_X_FORWARDED_FOR HTTP header), localhost:9003 (fallback through xdebug.client_host/xdebug.client_port) :-(
[15-Apr-2024 07:09:26 UTC] Xdebug: [Step Debug] Time-out connecting to debugging client, waited: 200 ms. Tried: ::1:9003 (from HTTP_X_FORWARDED_FOR HTTP header), localhost:9003 (fallback through xdebug.client_host/xdebug.client_port) :-(
[15-Apr-2024 07:09:26 UTC] Xdebug: [Step Debug] Time-out connecting to debugging client, waited: 200 ms. Tried: ::1:9003 (from HTTP_X_FORWARDED_FOR HTTP header), localhost:9003 (fallback through xdebug.client_host/xdebug.client_port) :-(
[15-Apr-2024 07:09:27 UTC] Xdebug: [Step Debug] Time-out connecting to debugging client, waited: 200 ms. Tried: ::1:9003 (from HTTP_X_FORWARDED_FOR HTTP header), localhost:9003 (fallback through xdebug.client_host/xdebug.client_port) :-(
[15-Apr-2024 07:09:27 UTC] Xdebug: [Step Debug] Time-out connecting to debugging client, waited: 200 ms. Tried: ::1:9003 (from HTTP_X_FORWARDED_FOR HTTP header), localhost:9003 (fallback through xdebug.client_host/xdebug.client_port) :-(
[15-Apr-2024 07:09:28 UTC] Xdebug: [Step Debug] Time-out connecting to debugging client, waited: 200 ms. Tried: ::1:9003 (from HTTP_X_FORWARDED_FOR HTTP header), localhost:9003 (fallback through xdebug.client_host/xdebug.client_port) :-(
[15-Apr-2024 07:09:28 UTC] Xdebug: [Step Debug] Time-out connecting to debugging client, waited: 200 ms. Tried: ::1:9003 (from HTTP_X_FORWARDED_FOR HTTP header), localhost:9003 (fallback through xdebug.client_host/xdebug.client_port) :-(
[15-Apr-2024 07:09:28 UTC] Xdebug: [Step Debug] Time-out connecting to debugging client, waited: 200 ms. Tried: ::1:9003 (from HTTP_X_FORWARDED_FOR HTTP header), localhost:9003 (fallback through xdebug.client_host/xdebug.client_port) :-(
[15-Apr-2024 07:09:28 UTC] Xdebug: [Step Debug] Time-out connecting to debugging client, waited: 200 ms. Tried: ::1:9003 (from HTTP_X_FORWARDED_FOR HTTP header), localhost:9003 (fallback through xdebug.client_host/xdebug.client_port) :-(
[15-Apr-2024 07:09:29 UTC] Xdebug: [Step Debug] Time-out connecting to debugging client, waited: 200 ms. Tried: ::1:9003 (from HTTP_X_FORWARDED_FOR HTTP header), localhost:9003 (fallback through xdebug.client_host/xdebug.client_port) :-(
[15-Apr-2024 07:09:29 UTC] Xdebug: [Step Debug] Time-out connecting to debugging client, waited: 200 ms. Tried: ::1:9003 (from HTTP_X_FORWARDED_FOR HTTP header), localhost:9003 (fallback through xdebug.client_host/xdebug.client_port) :-(
[15-Apr-2024 07:09:31 UTC] Xdebug: [Step Debug] Time-out connecting to debugging client, waited: 200 ms. Tried: ::1:9003 (from HTTP_X_FORWARDED_FOR HTTP header), localhost:9003 (fallback through xdebug.client_host/xdebug.client_port) :-(
[15-Apr-2024 07:09:31 UTC] Xdebug: [Step Debug] Time-out connecting to debugging client, waited: 200 ms. Tried: ::1:9003 (from HTTP_X_FORWARDED_FOR HTTP header), localhost:9003 (fallback through xdebug.client_host/xdebug.client_port) :-(
[15-Apr-2024 07:09:31 UTC] Xdebug: [Step Debug] Time-out connecting to debugging client, waited: 200 ms. Tried: ::1:9003 (from HTTP_X_FORWARDED_FOR HTTP header), localhost:9003 (fallback through xdebug.client_host/xdebug.client_port) :-(
[15-Apr-2024 07:09:31 UTC] Xdebug: [Step Debug] Time-out connecting to debugging client, waited: 200 ms. Tried: ::1:9003 (from HTTP_X_FORWARDED_FOR HTTP header), localhost:9003 (fallback through xdebug.client_host/xdebug.client_port) :-(
[15-Apr-2024 07:09:32 UTC] Xdebug: [Step Debug] Time-out connecting to debugging client, waited: 200 ms. Tried: ::1:9003 (from HTTP_X_FORWARDED_FOR HTTP header), localhost:9003 (fallback through xdebug.client_host/xdebug.client_port) :-(
[15-Apr-2024 07:09:32 UTC] Xdebug: [Step Debug] Time-out connecting to debugging client, waited: 200 ms. Tried: ::1:9003 (from HTTP_X_FORWARDED_FOR HTTP header), localhost:9003 (fallback through xdebug.client_host/xdebug.client_port) :-(
[15-Apr-2024 07:09:33 UTC] Xdebug: [Step Debug] Time-out connecting to debugging client, waited: 200 ms. Tried: ::1:9003 (from HTTP_X_FORWARDED_FOR HTTP header), localhost:9003 (fallback through xdebug.client_host/xdebug.client_port) :-(
[15-Apr-2024 07:09:33 UTC] Xdebug: [Step Debug] Time-out connecting to debugging client, waited: 200 ms. Tried: ::1:9003 (from HTTP_X_FORWARDED_FOR HTTP header), localhost:9003 (fallback through xdebug.client_host/xdebug.client_port) :-(
[15-Apr-2024 07:09:33 UTC] Xdebug: [Step Debug] Time-out connecting to debugging client, waited: 200 ms. Tried: ::1:9003 (from HTTP_X_FORWARDED_FOR HTTP header), localhost:9003 (fallback through xdebug.client_host/xdebug.client_port) :-(
[15-Apr-2024 07:09:33 UTC] Xdebug: [Step Debug] Time-out connecting to debugging client, waited: 200 ms. Tried: ::1:9003 (from HTTP_X_FORWARDED_FOR HTTP header), localhost:9003 (fallback through xdebug.client_host/xdebug.client_port) :-(
[15-Apr-2024 07:09:34 UTC] Xdebug: [Step Debug] Time-out connecting to debugging client, waited: 200 ms. Tried: ::1:9003 (from HTTP_X_FORWARDED_FOR HTTP header), localhost:9003 (fallback through xdebug.client_host/xdebug.client_port) :-(
[15-Apr-2024 07:09:34 UTC] Xdebug: [Step Debug] Time-out connecting to debugging client, waited: 200 ms. Tried: ::1:9003 (from HTTP_X_FORWARDED_FOR HTTP header), localhost:9003 (fallback through xdebug.client_host/xdebug.client_port) :-(
[15-Apr-2024 07:09:35 UTC] Xdebug: [Step Debug] Time-out connecting to debugging client, waited: 200 ms. Tried: ::1:9003 (from HTTP_X_FORWARDED_FOR HTTP header), localhost:9003 (fallback through xdebug.client_host/xdebug.client_port) :-(
[15-Apr-2024 07:09:35 UTC] Xdebug: [Step Debug] Time-out connecting to debugging client, waited: 200 ms. Tried: ::1:9003 (from HTTP_X_FORWARDED_FOR HTTP header), localhost:9003 (fallback through xdebug.client_host/xdebug.client_port) :-(
[15-Apr-2024 07:09:36 UTC] Xdebug: [Step Debug] Time-out connecting to debugging client, waited: 200 ms. Tried: ::1:9003 (from HTTP_X_FORWARDED_FOR HTTP header), localhost:9003 (fallback through xdebug.client_host/xdebug.client_port) :-(
[15-Apr-2024 07:09:36 UTC] Xdebug: [Step Debug] Time-out connecting to debugging client, waited: 200 ms. Tried: ::1:9003 (from HTTP_X_FORWARDED_FOR HTTP header), localhost:9003 (fallback through xdebug.client_host/xdebug.client_port) :-(
[15-Apr-2024 07:09:37 UTC] Xdebug: [Step Debug] Time-out connecting to debugging client, waited: 200 ms. Tried: ::1:9003 (from HTTP_X_FORWARDED_FOR HTTP header), localhost:9003 (fallback through xdebug.client_host/xdebug.client_port) :-(
[15-Apr-2024 07:09:38 UTC] Xdebug: [Step Debug] Time-out connecting to debugging client, waited: 200 ms. Tried: ::1:9003 (from HTTP_X_FORWARDED_FOR HTTP header), localhost:9003 (fallback through xdebug.client_host/xdebug.client_port) :-(
[15-Apr-2024 07:09:38 UTC] Xdebug: [Step Debug] Time-out connecting to debugging client, waited: 200 ms. Tried: ::1:9003 (from HTTP_X_FORWARDED_FOR HTTP header), localhost:9003 (fallback through xdebug.client_host/xdebug.client_port) :-(
[15-Apr-2024 07:09:39 UTC] Xdebug: [Step Debug] Time-out connecting to debugging client, waited: 200 ms. Tried: ::1:9003 (from HTTP_X_FORWARDED_FOR HTTP header), localhost:9003 (fallback through xdebug.client_host/xdebug.client_port) :-(
[15-Apr-2024 07:09:40 UTC] Xdebug: [Step Debug] Time-out connecting to debugging client, waited: 200 ms. Tried: ::1:9003 (from HTTP_X_FORWARDED_FOR HTTP header), localhost:9003 (fallback through xdebug.client_host/xdebug.client_port) :-(
[15-Apr-2024 07:09:40 UTC] Xdebug: [Step Debug] Time-out connecting to debugging client, waited: 200 ms. Tried: ::1:9003 (from HTTP_X_FORWARDED_FOR HTTP header), localhost:9003 (fallback through xdebug.client_host/xdebug.client_port) :-(
[15-Apr-2024 07:09:40 UTC] Xdebug: [Step Debug] Time-out connecting to debugging client, waited: 200 ms. Tried: ::1:9003 (from HTTP_X_FORWARDED_FOR HTTP header), localhost:9003 (fallback through xdebug.client_host/xdebug.client_port) :-(
[15-Apr-2024 07:09:40 UTC] Xdebug: [Step Debug] Time-out connecting to debugging client, waited: 200 ms. Tried: ::1:9003 (from HTTP_X_FORWARDED_FOR HTTP header), localhost:9003 (fallback through xdebug.client_host/xdebug.client_port) :-(
[15-Apr-2024 07:09:41 UTC] Xdebug: [Step Debug] Time-out connecting to debugging client, waited: 200 ms. Tried: ::1:9003 (from HTTP_X_FORWARDED_FOR HTTP header), localhost:9003 (fallback through xdebug.client_host/xdebug.client_port) :-(
[15-Apr-2024 07:09:41 UTC] Xdebug: [Step Debug] Time-out connecting to debugging client, waited: 200 ms. Tried: ::1:9003 (from HTTP_X_FORWARDED_FOR HTTP header), localhost:9003 (fallback through xdebug.client_host/xdebug.client_port) :-(
[15-Apr-2024 07:09:41 UTC] Xdebug: [Step Debug] Time-out connecting to debugging client, waited: 200 ms. Tried: ::1:9003 (from HTTP_X_FORWARDED_FOR HTTP header), localhost:9003 (fallback through xdebug.client_host/xdebug.client_port) :-(
[15-Apr-2024 07:09:41 UTC] Xdebug: [Step Debug] Time-out connecting to debugging client, waited: 200 ms. Tried: ::1:9003 (from HTTP_X_FORWARDED_FOR HTTP header), localhost:9003 (fallback through xdebug.client_host/xdebug.client_port) :-(
[15-Apr-2024 07:09:42 UTC] Xdebug: [Step Debug] Time-out connecting to debugging client, waited: 200 ms. Tried: ::1:9003 (from HTTP_X_FORWARDED_FOR HTTP header), localhost:9003 (fallback through xdebug.client_host/xdebug.client_port) :-(
[15-Apr-2024 07:09:42 UTC] Xdebug: [Step Debug] Time-out connecting to debugging client, waited: 200 ms. Tried: ::1:9003 (from HTTP_X_FORWARDED_FOR HTTP header), localhost:9003 (fallback through xdebug.client_host/xdebug.client_port) :-(
[15-Apr-2024 07:09:43 UTC] Xdebug: [Step Debug] Time-out connecting to debugging client, waited: 200 ms. Tried: ::1:9003 (from HTTP_X_FORWARDED_FOR HTTP header), localhost:9003 (fallback through xdebug.client_host/xdebug.client_port) :-(
[15-Apr-2024 07:09:43 UTC] Xdebug: [Step Debug] Time-out connecting to debugging client, waited: 200 ms. Tried: ::1:9003 (from HTTP_X_FORWARDED_FOR HTTP header), localhost:9003 (fallback through xdebug.client_host/xdebug.client_port) :-(
[15-Apr-2024 07:09:43 UTC] Xdebug: [Step Debug] Time-out connecting to debugging client, waited: 200 ms. Tried: ::1:9003 (from HTTP_X_FORWARDED_FOR HTTP header), localhost:9003 (fallback through xdebug.client_host/xdebug.client_port) :-(
[15-Apr-2024 07:09:43 UTC] Xdebug: [Step Debug] Time-out connecting to debugging client, waited: 200 ms. Tried: ::1:9003 (from HTTP_X_FORWARDED_FOR HTTP header), localhost:9003 (fallback through xdebug.client_host/xdebug.client_port) :-(
[15-Apr-2024 07:09:44 UTC] Xdebug: [Step Debug] Time-out connecting to debugging client, waited: 200 ms. Tried: ::1:9003 (from HTTP_X_FORWARDED_FOR HTTP header), localhost:9003 (fallback through xdebug.client_host/xdebug.client_port) :-(
[15-Apr-2024 07:09:44 UTC] Xdebug: [Step Debug] Time-out connecting to debugging client, waited: 200 ms. Tried: ::1:9003 (from HTTP_X_FORWARDED_FOR HTTP header), localhost:9003 (fallback through xdebug.client_host/xdebug.client_port) :-(
[15-Apr-2024 07:09:45 UTC] Xdebug: [Step Debug] Time-out connecting to debugging client, waited: 200 ms. Tried: ::1:9003 (from HTTP_X_FORWARDED_FOR HTTP header), localhost:9003 (fallback through xdebug.client_host/xdebug.client_port) :-(
[15-Apr-2024 07:09:45 UTC] Xdebug: [Step Debug] Time-out connecting to debugging client, waited: 200 ms. Tried: ::1:9003 (from HTTP_X_FORWARDED_FOR HTTP header), localhost:9003 (fallback through xdebug.client_host/xdebug.client_port) :-(
[15-Apr-2024 07:09:45 UTC] Xdebug: [Step Debug] Time-out connecting to debugging client, waited: 200 ms. Tried: ::1:9003 (from HTTP_X_FORWARDED_FOR HTTP header), localhost:9003 (fallback through xdebug.client_host/xdebug.client_port) :-(
[15-Apr-2024 07:09:45 UTC] Xdebug: [Step Debug] Time-out connecting to debugging client, waited: 200 ms. Tried: ::1:9003 (from HTTP_X_FORWARDED_FOR HTTP header), localhost:9003 (fallback through xdebug.client_host/xdebug.client_port) :-(
[15-Apr-2024 07:09:46 UTC] Xdebug: [Step Debug] Time-out connecting to debugging client, waited: 200 ms. Tried: ::1:9003 (from HTTP_X_FORWARDED_FOR HTTP header), localhost:9003 (fallback through xdebug.client_host/xdebug.client_port) :-(
[15-Apr-2024 07:09:46 UTC] Xdebug: [Step Debug] Time-out connecting to debugging client, waited: 200 ms. Tried: ::1:9003 (from HTTP_X_FORWARDED_FOR HTTP header), localhost:9003 (fallback through xdebug.client_host/xdebug.client_port) :-(
[15-Apr-2024 07:09:46 UTC] Xdebug: [Step Debug] Time-out connecting to debugging client, waited: 200 ms. Tried: ::1:9003 (from HTTP_X_FORWARDED_FOR HTTP header), localhost:9003 (fallback through xdebug.client_host/xdebug.client_port) :-(
[15-Apr-2024 07:09:47 UTC] Xdebug: [Step Debug] Time-out connecting to debugging client, waited: 200 ms. Tried: ::1:9003 (from HTTP_X_FORWARDED_FOR HTTP header), localhost:9003 (fallback through xdebug.client_host/xdebug.client_port) :-(
[15-Apr-2024 07:09:47 UTC] Xdebug: [Step Debug] Time-out connecting to debugging client, waited: 200 ms. Tried: ::1:9003 (from HTTP_X_FORWARDED_FOR HTTP header), localhost:9003 (fallback through xdebug.client_host/xdebug.client_port) :-(
[15-Apr-2024 07:09:47 UTC] Xdebug: [Step Debug] Time-out connecting to debugging client, waited: 200 ms. Tried: ::1:9003 (from HTTP_X_FORWARDED_FOR HTTP header), localhost:9003 (fallback through xdebug.client_host/xdebug.client_port) :-(
[15-Apr-2024 07:09:48 UTC] Xdebug: [Step Debug] Time-out connecting to debugging client, waited: 200 ms. Tried: ::1:9003 (from HTTP_X_FORWARDED_FOR HTTP header), localhost:9003 (fallback through xdebug.client_host/xdebug.client_port) :-(
[15-Apr-2024 07:09:48 UTC] Xdebug: [Step Debug] Time-out connecting to debugging client, waited: 200 ms. Tried: ::1:9003 (from HTTP_X_FORWARDED_FOR HTTP header), localhost:9003 (fallback through xdebug.client_host/xdebug.client_port) :-(
[15-Apr-2024 07:09:48 UTC] Xdebug: [Step Debug] Time-out connecting to debugging client, waited: 200 ms. Tried: ::1:9003 (from HTTP_X_FORWARDED_FOR HTTP header), localhost:9003 (fallback through xdebug.client_host/xdebug.client_port) :-(
[15-Apr-2024 07:09:49 UTC] Xdebug: [Step Debug] Time-out connecting to debugging client, waited: 200 ms. Tried: ::1:9003 (from HTTP_X_FORWARDED_FOR HTTP header), localhost:9003 (fallback through xdebug.client_host/xdebug.client_port) :-(
[15-Apr-2024 07:09:49 UTC] Xdebug: [Step Debug] Time-out connecting to debugging client, waited: 200 ms. Tried: ::1:9003 (from HTTP_X_FORWARDED_FOR HTTP header), localhost:9003 (fallback through xdebug.client_host/xdebug.client_port) :-(
[15-Apr-2024 07:09:49 UTC] Xdebug: [Step Debug] Time-out connecting to debugging client, waited: 200 ms. Tried: ::1:9003 (from HTTP_X_FORWARDED_FOR HTTP header), localhost:9003 (fallback through xdebug.client_host/xdebug.client_port) :-(
[15-Apr-2024 07:09:50 UTC] Xdebug: [Step Debug] Time-out connecting to debugging client, waited: 200 ms. Tried: ::1:9003 (from HTTP_X_FORWARDED_FOR HTTP header), localhost:9003 (fallback through xdebug.client_host/xdebug.client_port) :-(
[15-Apr-2024 07:09:50 UTC] Xdebug: [Step Debug] Time-out connecting to debugging client, waited: 200 ms. Tried: ::1:9003 (from HTTP_X_FORWARDED_FOR HTTP header), localhost:9003 (fallback through xdebug.client_host/xdebug.client_port) :-(
[15-Apr-2024 07:09:50 UTC] Xdebug: [Step Debug] Time-out connecting to debugging client, waited: 200 ms. Tried: ::1:9003 (from HTTP_X_FORWARDED_FOR HTTP header), localhost:9003 (fallback through xdebug.client_host/xdebug.client_port) :-(
[15-Apr-2024 07:09:51 UTC] Xdebug: [Step Debug] Time-out connecting to debugging client, waited: 200 ms. Tried: ::1:9003 (from HTTP_X_FORWARDED_FOR HTTP header), localhost:9003 (fallback through xdebug.client_host/xdebug.client_port) :-(
[15-Apr-2024 07:09:51 UTC] Xdebug: [Step Debug] Time-out connecting to debugging client, waited: 200 ms. Tried: ::1:9003 (from HTTP_X_FORWARDED_FOR HTTP header), localhost:9003 (fallback through xdebug.client_host/xdebug.client_port) :-(
[15-Apr-2024 07:09:51 UTC] Xdebug: [Step Debug] Time-out connecting to debugging client, waited: 200 ms. Tried: ::1:9003 (from HTTP_X_FORWARDED_FOR HTTP header), localhost:9003 (fallback through xdebug.client_host/xdebug.client_port) :-(
[15-Apr-2024 07:09:52 UTC] Xdebug: [Step Debug] Time-out connecting to debugging client, waited: 200 ms. Tried: ::1:9003 (from HTTP_X_FORWARDED_FOR HTTP header), localhost:9003 (fallback through xdebug.client_host/xdebug.client_port) :-(
[15-Apr-2024 07:09:52 UTC] Xdebug: [Step Debug] Time-out connecting to debugging client, waited: 200 ms. Tried: ::1:9003 (from HTTP_X_FORWARDED_FOR HTTP header), localhost:9003 (fallback through xdebug.client_host/xdebug.client_port) :-(
[15-Apr-2024 07:09:52 UTC] Xdebug: [Step Debug] Time-out connecting to debugging client, waited: 200 ms. Tried: ::1:9003 (from HTTP_X_FORWARDED_FOR HTTP header), localhost:9003 (fallback through xdebug.client_host/xdebug.client_port) :-(
[15-Apr-2024 07:09:52 UTC] Xdebug: [Step Debug] Time-out connecting to debugging client, waited: 200 ms. Tried: ::1:9003 (from HTTP_X_FORWARDED_FOR HTTP header), localhost:9003 (fallback through xdebug.client_host/xdebug.client_port) :-(
[15-Apr-2024 07:09:53 UTC] Xdebug: [Step Debug] Time-out connecting to debugging client, waited: 200 ms. Tried: ::1:9003 (from HTTP_X_FORWARDED_FOR HTTP header), localhost:9003 (fallback through xdebug.client_host/xdebug.client_port) :-(
[15-Apr-2024 07:09:53 UTC] Xdebug: [Step Debug] Time-out connecting to debugging client, waited: 200 ms. Tried: ::1:9003 (from HTTP_X_FORWARDED_FOR HTTP header), localhost:9003 (fallback through xdebug.client_host/xdebug.client_port) :-(
[15-Apr-2024 07:09:53 UTC] Xdebug: [Step Debug] Time-out connecting to debugging client, waited: 200 ms. Tried: ::1:9003 (from HTTP_X_FORWARDED_FOR HTTP header), localhost:9003 (fallback through xdebug.client_host/xdebug.client_port) :-(
[15-Apr-2024 07:09:54 UTC] Xdebug: [Step Debug] Time-out connecting to debugging client, waited: 200 ms. Tried: ::1:9003 (from HTTP_X_FORWARDED_FOR HTTP header), localhost:9003 (fallback through xdebug.client_host/xdebug.client_port) :-(
[15-Apr-2024 07:09:54 UTC] Xdebug: [Step Debug] Time-out connecting to debugging client, waited: 200 ms. Tried: ::1:9003 (from HTTP_X_FORWARDED_FOR HTTP header), localhost:9003 (fallback through xdebug.client_host/xdebug.client_port) :-(
[15-Apr-2024 07:09:54 UTC] Xdebug: [Step Debug] Time-out connecting to debugging client, waited: 200 ms. Tried: ::1:9003 (from HTTP_X_FORWARDED_FOR HTTP header), localhost:9003 (fallback through xdebug.client_host/xdebug.client_port) :-(
[15-Apr-2024 07:09:55 UTC] Xdebug: [Step Debug] Time-out connecting to debugging client, waited: 200 ms. Tried: ::1:9003 (from HTTP_X_FORWARDED_FOR HTTP header), localhost:9003 (fallback through xdebug.client_host/xdebug.client_port) :-(
[15-Apr-2024 07:09:55 UTC] Xdebug: [Step Debug] Time-out connecting to debugging client, waited: 200 ms. Tried: ::1:9003 (from HTTP_X_FORWARDED_FOR HTTP header), localhost:9003 (fallback through xdebug.client_host/xdebug.client_port) :-(
[15-Apr-2024 07:09:55 UTC] Xdebug: [Step Debug] Time-out connecting to debugging client, waited: 200 ms. Tried: ::1:9003 (from HTTP_X_FORWARDED_FOR HTTP header), localhost:9003 (fallback through xdebug.client_host/xdebug.client_port) :-(
[15-Apr-2024 07:09:56 UTC] Xdebug: [Step Debug] Time-out connecting to debugging client, waited: 200 ms. Tried: ::1:9003 (from HTTP_X_FORWARDED_FOR HTTP header), localhost:9003 (fallback through xdebug.client_host/xdebug.client_port) :-(
[15-Apr-2024 07:09:56 UTC] Xdebug: [Step Debug] Time-out connecting to debugging client, waited: 200 ms. Tried: ::1:9003 (from HTTP_X_FORWARDED_FOR HTTP header), localhost:9003 (fallback through xdebug.client_host/xdebug.client_port) :-(
[15-Apr-2024 07:09:56 UTC] Xdebug: [Step Debug] Time-out connecting to debugging client, waited: 200 ms. Tried: ::1:9003 (from HTTP_X_FORWARDED_FOR HTTP header), localhost:9003 (fallback through xdebug.client_host/xdebug.client_port) :-(
[15-Apr-2024 07:09:57 UTC] Xdebug: [Step Debug] Time-out connecting to debugging client, waited: 200 ms. Tried: ::1:9003 (from HTTP_X_FORWARDED_FOR HTTP header), localhost:9003 (fallback through xdebug.client_host/xdebug.client_port) :-(
[15-Apr-2024 07:09:57 UTC] Xdebug: [Step Debug] Time-out connecting to debugging client, waited: 200 ms. Tried: ::1:9003 (from HTTP_X_FORWARDED_FOR HTTP header), localhost:9003 (fallback through xdebug.client_host/xdebug.client_port) :-(
[15-Apr-2024 07:09:57 UTC] Xdebug: [Step Debug] Time-out connecting to debugging client, waited: 200 ms. Tried: ::1:9003 (from HTTP_X_FORWARDED_FOR HTTP header), localhost:9003 (fallback through xdebug.client_host/xdebug.client_port) :-(
[15-Apr-2024 07:09:58 UTC] Xdebug: [Step Debug] Time-out connecting to debugging client, waited: 200 ms. Tried: ::1:9003 (from HTTP_X_FORWARDED_FOR HTTP header), localhost:9003 (fallback through xdebug.client_host/xdebug.client_port) :-(
[15-Apr-2024 07:09:59 UTC] Xdebug: [Step Debug] Time-out connecting to debugging client, waited: 200 ms. Tried: ::1:9003 (from HTTP_X_FORWARDED_FOR HTTP header), localhost:9003 (fallback through xdebug.client_host/xdebug.client_port) :-(
[15-Apr-2024 07:09:59 UTC] Xdebug: [Step Debug] Time-out connecting to debugging client, waited: 200 ms. Tried: ::1:9003 (from HTTP_X_FORWARDED_FOR HTTP header), localhost:9003 (fallback through xdebug.client_host/xdebug.client_port) :-(
[15-Apr-2024 07:10:00 UTC] Xdebug: [Step Debug] Time-out connecting to debugging client, waited: 200 ms. Tried: ::1:9003 (from HTTP_X_FORWARDED_FOR HTTP header), localhost:9003 (fallback through xdebug.client_host/xdebug.client_port) :-(
[15-Apr-2024 07:10:00 UTC] Xdebug: [Step Debug] Time-out connecting to debugging client, waited: 200 ms. Tried: ::1:9003 (from HTTP_X_FORWARDED_FOR HTTP header), localhost:9003 (fallback through xdebug.client_host/xdebug.client_port) :-(
[15-Apr-2024 07:10:01 UTC] Xdebug: [Step Debug] Time-out connecting to debugging client, waited: 200 ms. Tried: ::1:9003 (from HTTP_X_FORWARDED_FOR HTTP header), localhost:9003 (fallback through xdebug.client_host/xdebug.client_port) :-(
[15-Apr-2024 07:10:02 UTC] Xdebug: [Step Debug] Time-out connecting to debugging client, waited: 200 ms. Tried: ::1:9003 (from HTTP_X_FORWARDED_FOR HTTP header), localhost:9003 (fallback through xdebug.client_host/xdebug.client_port) :-(
[15-Apr-2024 07:10:02 UTC] Xdebug: [Step Debug] Time-out connecting to debugging client, waited: 200 ms. Tried: ::1:9003 (from HTTP_X_FORWARDED_FOR HTTP header), localhost:9003 (fallback through xdebug.client_host/xdebug.client_port) :-(
[15-Apr-2024 07:10:03 UTC] Xdebug: [Step Debug] Time-out connecting to debugging client, waited: 200 ms. Tried: ::1:9003 (from HTTP_X_FORWARDED_FOR HTTP header), localhost:9003 (fallback through xdebug.client_host/xdebug.client_port) :-(
[15-Apr-2024 07:10:04 UTC] Xdebug: [Step Debug] Time-out connecting to debugging client, waited: 200 ms. Tried: ::1:9003 (from HTTP_X_FORWARDED_FOR HTTP header), localhost:9003 (fallback through xdebug.client_host/xdebug.client_port) :-(
[15-Apr-2024 07:10:04 UTC] Xdebug: [Step Debug] Time-out connecting to debugging client, waited: 200 ms. Tried: ::1:9003 (from HTTP_X_FORWARDED_FOR HTTP header), localhost:9003 (fallback through xdebug.client_host/xdebug.client_port) :-(
[15-Apr-2024 07:10:05 UTC] Xdebug: [Step Debug] Time-out connecting to debugging client, waited: 200 ms. Tried: ::1:9003 (from HTTP_X_FORWARDED_FOR HTTP header), localhost:9003 (fallback through xdebug.client_host/xdebug.client_port) :-(
[15-Apr-2024 07:10:05 UTC] Xdebug: [Step Debug] Time-out connecting to debugging client, waited: 200 ms. Tried: ::1:9003 (from HTTP_X_FORWARDED_FOR HTTP header), localhost:9003 (fallback through xdebug.client_host/xdebug.client_port) :-(
[15-Apr-2024 07:10:06 UTC] Xdebug: [Step Debug] Time-out connecting to debugging client, waited: 200 ms. Tried: ::1:9003 (from HTTP_X_FORWARDED_FOR HTTP header), localhost:9003 (fallback through xdebug.client_host/xdebug.client_port) :-(
[15-Apr-2024 07:10:07 UTC] Xdebug: [Step Debug] Time-out connecting to debugging client, waited: 200 ms. Tried: ::1:9003 (from HTTP_X_FORWARDED_FOR HTTP header), localhost:9003 (fallback through xdebug.client_host/xdebug.client_port) :-(
[15-Apr-2024 07:10:07 UTC] Xdebug: [Step Debug] Time-out connecting to debugging client, waited: 200 ms. Tried: ::1:9003 (from HTTP_X_FORWARDED_FOR HTTP header), localhost:9003 (fallback through xdebug.client_host/xdebug.client_port) :-(
[15-Apr-2024 07:10:08 UTC] Xdebug: [Step Debug] Time-out connecting to debugging client, waited: 200 ms. Tried: ::1:9003 (from HTTP_X_FORWARDED_FOR HTTP header), localhost:9003 (fallback through xdebug.client_host/xdebug.client_port) :-(
[15-Apr-2024 07:10:09 UTC] Xdebug: [Step Debug] Time-out connecting to debugging client, waited: 200 ms. Tried: ::1:9003 (from HTTP_X_FORWARDED_FOR HTTP header), localhost:9003 (fallback through xdebug.client_host/xdebug.client_port) :-(
[15-Apr-2024 07:10:09 UTC] Xdebug: [Step Debug] Time-out connecting to debugging client, waited: 200 ms. Tried: ::1:9003 (from HTTP_X_FORWARDED_FOR HTTP header), localhost:9003 (fallback through xdebug.client_host/xdebug.client_port) :-(
[15-Apr-2024 07:10:10 UTC] Xdebug: [Step Debug] Time-out connecting to debugging client, waited: 200 ms. Tried: ::1:9003 (from HTTP_X_FORWARDED_FOR HTTP header), localhost:9003 (fallback through xdebug.client_host/xdebug.client_port) :-(
[15-Apr-2024 07:10:11 UTC] Xdebug: [Step Debug] Time-out connecting to debugging client, waited: 200 ms. Tried: ::1:9003 (from HTTP_X_FORWARDED_FOR HTTP header), localhost:9003 (fallback through xdebug.client_host/xdebug.client_port) :-(
[15-Apr-2024 07:10:11 UTC] Xdebug: [Step Debug] Time-out connecting to debugging client, waited: 200 ms. Tried: ::1:9003 (from HTTP_X_FORWARDED_FOR HTTP header), localhost:9003 (fallback through xdebug.client_host/xdebug.client_port) :-(
[15-Apr-2024 07:10:12 UTC] Xdebug: [Step Debug] Time-out connecting to debugging client, waited: 200 ms. Tried: ::1:9003 (from HTTP_X_FORWARDED_FOR HTTP header), localhost:9003 (fallback through xdebug.client_host/xdebug.client_port) :-(
[15-Apr-2024 07:10:28 UTC] Xdebug: [Step Debug] Time-out connecting to debugging client, waited: 200 ms. Tried: ::1:9003 (from HTTP_X_FORWARDED_FOR HTTP header), localhost:9003 (fallback through xdebug.client_host/xdebug.client_port) :-(
[15-Apr-2024 07:10:28 UTC] Xdebug: [Step Debug] Time-out connecting to debugging client, waited: 200 ms. Tried: ::1:9003 (from HTTP_X_FORWARDED_FOR HTTP header), localhost:9003 (fallback through xdebug.client_host/xdebug.client_port) :-(
[15-Apr-2024 07:10:29 UTC] Xdebug: [Step Debug] Time-out connecting to debugging client, waited: 200 ms. Tried: ::1:9003 (from HTTP_X_FORWARDED_FOR HTTP header), localhost:9003 (fallback through xdebug.client_host/xdebug.client_port) :-(
[15-Apr-2024 07:10:30 UTC] Xdebug: [Step Debug] Time-out connecting to debugging client, waited: 200 ms. Tried: ::1:9003 (from HTTP_X_FORWARDED_FOR HTTP header), localhost:9003 (fallback through xdebug.client_host/xdebug.client_port) :-(
[15-Apr-2024 07:10:31 UTC] Xdebug: [Step Debug] Time-out connecting to debugging client, waited: 200 ms. Tried: ::1:9003 (from HTTP_X_FORWARDED_FOR HTTP header), localhost:9003 (fallback through xdebug.client_host/xdebug.client_port) :-(
[15-Apr-2024 07:10:31 UTC] Xdebug: [Step Debug] Time-out connecting to debugging client, waited: 200 ms. Tried: ::1:9003 (from HTTP_X_FORWARDED_FOR HTTP header), localhost:9003 (fallback through xdebug.client_host/xdebug.client_port) :-(
[15-Apr-2024 07:11:03 UTC] Xdebug: [Step Debug] Time-out connecting to debugging client, waited: 200 ms. Tried: ::1:9003 (from HTTP_X_FORWARDED_FOR HTTP header), localhost:9003 (fallback through xdebug.client_host/xdebug.client_port) :-(
[15-Apr-2024 07:11:03 UTC] Xdebug: [Step Debug] Time-out connecting to debugging client, waited: 200 ms. Tried: ::1:9003 (from HTTP_X_FORWARDED_FOR HTTP header), localhost:9003 (fallback through xdebug.client_host/xdebug.client_port) :-(
[15-Apr-2024 07:11:07 UTC] Xdebug: [Step Debug] Time-out connecting to debugging client, waited: 200 ms. Tried: ::1:9003 (from HTTP_X_FORWARDED_FOR HTTP header), localhost:9003 (fallback through xdebug.client_host/xdebug.client_port) :-(
[15-Apr-2024 07:11:08 UTC] Xdebug: [Step Debug] Time-out connecting to debugging client, waited: 200 ms. Tried: ::1:9003 (from HTTP_X_FORWARDED_FOR HTTP header), localhost:9003 (fallback through xdebug.client_host/xdebug.client_port) :-(
[15-Apr-2024 07:11:09 UTC] Xdebug: [Step Debug] Time-out connecting to debugging client, waited: 200 ms. Tried: ::1:9003 (from HTTP_X_FORWARDED_FOR HTTP header), localhost:9003 (fallback through xdebug.client_host/xdebug.client_port) :-(
[15-Apr-2024 07:11:09 UTC] Xdebug: [Step Debug] Time-out connecting to debugging client, waited: 200 ms. Tried: ::1:9003 (from HTTP_X_FORWARDED_FOR HTTP header), localhost:9003 (fallback through xdebug.client_host/xdebug.client_port) :-(
[15-Apr-2024 07:11:41 UTC] Xdebug: [Step Debug] Time-out connecting to debugging client, waited: 200 ms. Tried: ::1:9003 (from HTTP_X_FORWARDED_FOR HTTP header), localhost:9003 (fallback through xdebug.client_host/xdebug.client_port) :-(
[15-Apr-2024 07:11:41 UTC] Xdebug: [Step Debug] Time-out connecting to debugging client, waited: 200 ms. Tried: ::1:9003 (from HTTP_X_FORWARDED_FOR HTTP header), localhost:9003 (fallback through xdebug.client_host/xdebug.client_port) :-(
[15-Apr-2024 07:11:42 UTC] Xdebug: [Step Debug] Time-out connecting to debugging client, waited: 200 ms. Tried: ::1:9003 (from HTTP_X_FORWARDED_FOR HTTP header), localhost:9003 (fallback through xdebug.client_host/xdebug.client_port) :-(
[15-Apr-2024 07:11:43 UTC] Xdebug: [Step Debug] Time-out connecting to debugging client, waited: 200 ms. Tried: ::1:9003 (from HTTP_X_FORWARDED_FOR HTTP header), localhost:9003 (fallback through xdebug.client_host/xdebug.client_port) :-(
[15-Apr-2024 07:11:44 UTC] Xdebug: [Step Debug] Time-out connecting to debugging client, waited: 200 ms. Tried: ::1:9003 (from HTTP_X_FORWARDED_FOR HTTP header), localhost:9003 (fallback through xdebug.client_host/xdebug.client_port) :-(
[15-Apr-2024 07:11:44 UTC] Xdebug: [Step Debug] Time-out connecting to debugging client, waited: 200 ms. Tried: ::1:9003 (from HTTP_X_FORWARDED_FOR HTTP header), localhost:9003 (fallback through xdebug.client_host/xdebug.client_port) :-(
[15-Apr-2024 07:12:18 UTC] Xdebug: [Step Debug] Time-out connecting to debugging client, waited: 200 ms. Tried: ::1:9003 (from HTTP_X_FORWARDED_FOR HTTP header), localhost:9003 (fallback through xdebug.client_host/xdebug.client_port) :-(
[15-Apr-2024 07:12:18 UTC] Xdebug: [Step Debug] Time-out connecting to debugging client, waited: 200 ms. Tried: ::1:9003 (from HTTP_X_FORWARDED_FOR HTTP header), localhost:9003 (fallback through xdebug.client_host/xdebug.client_port) :-(
[15-Apr-2024 07:12:19 UTC] Xdebug: [Step Debug] Time-out connecting to debugging client, waited: 200 ms. Tried: ::1:9003 (from HTTP_X_FORWARDED_FOR HTTP header), localhost:9003 (fallback through xdebug.client_host/xdebug.client_port) :-(
[15-Apr-2024 07:12:20 UTC] Xdebug: [Step Debug] Time-out connecting to debugging client, waited: 200 ms. Tried: ::1:9003 (from HTTP_X_FORWARDED_FOR HTTP header), localhost:9003 (fallback through xdebug.client_host/xdebug.client_port) :-(
[15-Apr-2024 07:12:20 UTC] Xdebug: [Step Debug] Time-out connecting to debugging client, waited: 200 ms. Tried: ::1:9003 (from HTTP_X_FORWARDED_FOR HTTP header), localhost:9003 (fallback through xdebug.client_host/xdebug.client_port) :-(
[15-Apr-2024 07:12:21 UTC] Xdebug: [Step Debug] Time-out connecting to debugging client, waited: 200 ms. Tried: ::1:9003 (from HTTP_X_FORWARDED_FOR HTTP header), localhost:9003 (fallback through xdebug.client_host/xdebug.client_port) :-(
[15-Apr-2024 07:12:27 UTC] Xdebug: [Step Debug] Time-out connecting to debugging client, waited: 200 ms. Tried: ::1:9003 (from HTTP_X_FORWARDED_FOR HTTP header), localhost:9003 (fallback through xdebug.client_host/xdebug.client_port) :-(
[15-Apr-2024 07:12:28 UTC] Xdebug: [Step Debug] Time-out connecting to debugging client, waited: 200 ms. Tried: ::1:9003 (from HTTP_X_FORWARDED_FOR HTTP header), localhost:9003 (fallback through xdebug.client_host/xdebug.client_port) :-(
[15-Apr-2024 07:12:29 UTC] Xdebug: [Step Debug] Time-out connecting to debugging client, waited: 200 ms. Tried: ::1:9003 (from HTTP_X_FORWARDED_FOR HTTP header), localhost:9003 (fallback through xdebug.client_host/xdebug.client_port) :-(
[15-Apr-2024 07:12:29 UTC] Xdebug: [Step Debug] Time-out connecting to debugging client, waited: 200 ms. Tried: ::1:9003 (from HTTP_X_FORWARDED_FOR HTTP header), localhost:9003 (fallback through xdebug.client_host/xdebug.client_port) :-(
[15-Apr-2024 07:12:30 UTC] Xdebug: [Step Debug] Time-out connecting to debugging client, waited: 200 ms. Tried: ::1:9003 (from HTTP_X_FORWARDED_FOR HTTP header), localhost:9003 (fallback through xdebug.client_host/xdebug.client_port) :-(
[15-Apr-2024 07:12:30 UTC] Xdebug: [Step Debug] Time-out connecting to debugging client, waited: 200 ms. Tried: ::1:9003 (from HTTP_X_FORWARDED_FOR HTTP header), localhost:9003 (fallback through xdebug.client_host/xdebug.client_port) :-(
[15-Apr-2024 07:12:32 UTC] Xdebug: [Step Debug] Time-out connecting to debugging client, waited: 200 ms. Tried: localhost:9003 (fallback through xdebug.client_host/xdebug.client_port) :-(
[15-Apr-2024 07:12:32 UTC] Xdebug: [Step Debug] Time-out connecting to debugging client, waited: 200 ms. Tried: localhost:9003 (fallback through xdebug.client_host/xdebug.client_port) :-(
[15-Apr-2024 07:12:33 UTC] Xdebug: [Step Debug] Time-out connecting to debugging client, waited: 200 ms. Tried: localhost:9003 (fallback through xdebug.client_host/xdebug.client_port) :-(
[15-Apr-2024 07:12:33 UTC] Xdebug: [Step Debug] Time-out connecting to debugging client, waited: 200 ms. Tried: localhost:9003 (fallback through xdebug.client_host/xdebug.client_port) :-(
[15-Apr-2024 07:12:34 UTC] Xdebug: [Step Debug] Time-out connecting to debugging client, waited: 200 ms. Tried: localhost:9003 (fallback through xdebug.client_host/xdebug.client_port) :-(
[15-Apr-2024 07:12:34 UTC] Xdebug: [Step Debug] Time-out connecting to debugging client, waited: 200 ms. Tried: localhost:9003 (fallback through xdebug.client_host/xdebug.client_port) :-(
[15-Apr-2024 07:12:34 UTC] Xdebug: [Step Debug] Time-out connecting to debugging client, waited: 200 ms. Tried: localhost:9003 (fallback through xdebug.client_host/xdebug.client_port) :-(
[15-Apr-2024 07:12:34 UTC] Xdebug: [Step Debug] Time-out connecting to debugging client, waited: 200 ms. Tried: localhost:9003 (fallback through xdebug.client_host/xdebug.client_port) :-(
[15-Apr-2024 07:12:35 UTC] Xdebug: [Step Debug] Time-out connecting to debugging client, waited: 200 ms. Tried: localhost:9003 (fallback through xdebug.client_host/xdebug.client_port) :-(
[15-Apr-2024 07:12:35 UTC] Xdebug: [Step Debug] Time-out connecting to debugging client, waited: 200 ms. Tried: localhost:9003 (fallback through xdebug.client_host/xdebug.client_port) :-(
[15-Apr-2024 07:12:35 UTC] Xdebug: [Step Debug] Time-out connecting to debugging client, waited: 200 ms. Tried: localhost:9003 (fallback through xdebug.client_host/xdebug.client_port) :-(
[15-Apr-2024 07:12:35 UTC] Xdebug: [Step Debug] Time-out connecting to debugging client, waited: 200 ms. Tried: localhost:9003 (fallback through xdebug.client_host/xdebug.client_port) :-(
[15-Apr-2024 07:12:35 UTC] Xdebug: [Step Debug] Time-out connecting to debugging client, waited: 200 ms. Tried: localhost:9003 (fallback through xdebug.client_host/xdebug.client_port) :-(
[15-Apr-2024 07:12:35 UTC] Xdebug: [Step Debug] Time-out connecting to debugging client, waited: 200 ms. Tried: localhost:9003 (fallback through xdebug.client_host/xdebug.client_port) :-(
[15-Apr-2024 07:12:36 UTC] Xdebug: [Step Debug] Time-out connecting to debugging client, waited: 200 ms. Tried: localhost:9003 (fallback through xdebug.client_host/xdebug.client_port) :-(
[15-Apr-2024 07:12:37 UTC] Xdebug: [Step Debug] Time-out connecting to debugging client, waited: 200 ms. Tried: localhost:9003 (fallback through xdebug.client_host/xdebug.client_port) :-(
[15-Apr-2024 07:12:37 UTC] Xdebug: [Step Debug] Time-out connecting to debugging client, waited: 200 ms. Tried: localhost:9003 (fallback through xdebug.client_host/xdebug.client_port) :-(
[15-Apr-2024 07:12:37 UTC] Xdebug: [Step Debug] Time-out connecting to debugging client, waited: 200 ms. Tried: localhost:9003 (fallback through xdebug.client_host/xdebug.client_port) :-(
[15-Apr-2024 07:12:37 UTC] Xdebug: [Step Debug] Time-out connecting to debugging client, waited: 200 ms. Tried: localhost:9003 (fallback through xdebug.client_host/xdebug.client_port) :-(
[15-Apr-2024 07:12:38 UTC] Xdebug: [Step Debug] Time-out connecting to debugging client, waited: 200 ms. Tried: localhost:9003 (fallback through xdebug.client_host/xdebug.client_port) :-(
[15-Apr-2024 07:12:38 UTC] Xdebug: [Step Debug] Time-out connecting to debugging client, waited: 200 ms. Tried: localhost:9003 (fallback through xdebug.client_host/xdebug.client_port) :-(
[15-Apr-2024 07:12:38 UTC] Xdebug: [Step Debug] Time-out connecting to debugging client, waited: 200 ms. Tried: localhost:9003 (fallback through xdebug.client_host/xdebug.client_port) :-(
[15-Apr-2024 07:12:38 UTC] Xdebug: [Step Debug] Time-out connecting to debugging client, waited: 200 ms. Tried: localhost:9003 (fallback through xdebug.client_host/xdebug.client_port) :-(
[15-Apr-2024 07:12:38 UTC] Xdebug: [Step Debug] Time-out connecting to debugging client, waited: 200 ms. Tried: localhost:9003 (fallback through xdebug.client_host/xdebug.client_port) :-(
[15-Apr-2024 07:12:38 UTC] Xdebug: [Step Debug] Time-out connecting to debugging client, waited: 200 ms. Tried: localhost:9003 (fallback through xdebug.client_host/xdebug.client_port) :-(
[15-Apr-2024 07:12:38 UTC] Xdebug: [Step Debug] Time-out connecting to debugging client, waited: 200 ms. Tried: localhost:9003 (fallback through xdebug.client_host/xdebug.client_port) :-(
[15-Apr-2024 07:12:38 UTC] Xdebug: [Step Debug] Time-out connecting to debugging client, waited: 200 ms. Tried: localhost:9003 (fallback through xdebug.client_host/xdebug.client_port) :-(
[15-Apr-2024 07:12:39 UTC] Xdebug: [Step Debug] Time-out connecting to debugging client, waited: 200 ms. Tried: localhost:9003 (fallback through xdebug.client_host/xdebug.client_port) :-(
[15-Apr-2024 07:12:39 UTC] Xdebug: [Step Debug] Time-out connecting to debugging client, waited: 200 ms. Tried: localhost:9003 (fallback through xdebug.client_host/xdebug.client_port) :-(
[15-Apr-2024 07:12:40 UTC] Xdebug: [Step Debug] Time-out connecting to debugging client, waited: 200 ms. Tried: localhost:9003 (fallback through xdebug.client_host/xdebug.client_port) :-(
[15-Apr-2024 07:12:40 UTC] Xdebug: [Step Debug] Time-out connecting to debugging client, waited: 200 ms. Tried: localhost:9003 (fallback through xdebug.client_host/xdebug.client_port) :-(
[15-Apr-2024 07:12:41 UTC] Xdebug: [Step Debug] Time-out connecting to debugging client, waited: 200 ms. Tried: localhost:9003 (fallback through xdebug.client_host/xdebug.client_port) :-(
[15-Apr-2024 07:12:41 UTC] Xdebug: [Step Debug] Time-out connecting to debugging client, waited: 200 ms. Tried: localhost:9003 (fallback through xdebug.client_host/xdebug.client_port) :-(
[15-Apr-2024 07:12:41 UTC] Xdebug: [Step Debug] Time-out connecting to debugging client, waited: 200 ms. Tried: localhost:9003 (fallback through xdebug.client_host/xdebug.client_port) :-(
[15-Apr-2024 07:12:41 UTC] Xdebug: [Step Debug] Time-out connecting to debugging client, waited: 200 ms. Tried: localhost:9003 (fallback through xdebug.client_host/xdebug.client_port) :-(
[15-Apr-2024 07:12:41 UTC] Xdebug: [Step Debug] Time-out connecting to debugging client, waited: 200 ms. Tried: localhost:9003 (fallback through xdebug.client_host/xdebug.client_port) :-(
[15-Apr-2024 07:12:42 UTC] Xdebug: [Step Debug] Time-out connecting to debugging client, waited: 200 ms. Tried: localhost:9003 (fallback through xdebug.client_host/xdebug.client_port) :-(
[15-Apr-2024 07:12:42 UTC] Xdebug: [Step Debug] Time-out connecting to debugging client, waited: 200 ms. Tried: localhost:9003 (fallback through xdebug.client_host/xdebug.client_port) :-(
[15-Apr-2024 07:12:42 UTC] Xdebug: [Step Debug] Time-out connecting to debugging client, waited: 200 ms. Tried: localhost:9003 (fallback through xdebug.client_host/xdebug.client_port) :-(
[15-Apr-2024 07:12:42 UTC] Xdebug: [Step Debug] Time-out connecting to debugging client, waited: 200 ms. Tried: localhost:9003 (fallback through xdebug.client_host/xdebug.client_port) :-(
[15-Apr-2024 07:12:42 UTC] Xdebug: [Step Debug] Time-out connecting to debugging client, waited: 200 ms. Tried: ::1:9003 (from HTTP_X_FORWARDED_FOR HTTP header), localhost:9003 (fallback through xdebug.client_host/xdebug.client_port) :-(
[15-Apr-2024 07:12:42 UTC] Xdebug: [Step Debug] Time-out connecting to debugging client, waited: 200 ms. Tried: localhost:9003 (fallback through xdebug.client_host/xdebug.client_port) :-(
[15-Apr-2024 07:12:43 UTC] Xdebug: [Step Debug] Time-out connecting to debugging client, waited: 200 ms. Tried: localhost:9003 (fallback through xdebug.client_host/xdebug.client_port) :-(
[15-Apr-2024 07:12:43 UTC] Xdebug: [Step Debug] Time-out connecting to debugging client, waited: 200 ms. Tried: localhost:9003 (fallback through xdebug.client_host/xdebug.client_port) :-(
[15-Apr-2024 07:12:43 UTC] Xdebug: [Step Debug] Time-out connecting to debugging client, waited: 200 ms. Tried: localhost:9003 (fallback through xdebug.client_host/xdebug.client_port) :-(
[15-Apr-2024 07:12:43 UTC] Xdebug: [Step Debug] Time-out connecting to debugging client, waited: 200 ms. Tried: localhost:9003 (fallback through xdebug.client_host/xdebug.client_port) :-(
[15-Apr-2024 07:12:43 UTC] Xdebug: [Step Debug] Time-out connecting to debugging client, waited: 200 ms. Tried: ::1:9003 (from HTTP_X_FORWARDED_FOR HTTP header), localhost:9003 (fallback through xdebug.client_host/xdebug.client_port) :-(
[15-Apr-2024 07:12:43 UTC] Xdebug: [Step Debug] Time-out connecting to debugging client, waited: 200 ms. Tried: localhost:9003 (fallback through xdebug.client_host/xdebug.client_port) :-(
[15-Apr-2024 07:12:43 UTC] Xdebug: [Step Debug] Time-out connecting to debugging client, waited: 200 ms. Tried: localhost:9003 (fallback through xdebug.client_host/xdebug.client_port) :-(
[15-Apr-2024 07:12:43 UTC] Xdebug: [Step Debug] Time-out connecting to debugging client, waited: 200 ms. Tried: localhost:9003 (fallback through xdebug.client_host/xdebug.client_port) :-(
[15-Apr-2024 07:12:44 UTC] Xdebug: [Step Debug] Time-out connecting to debugging client, waited: 200 ms. Tried: localhost:9003 (fallback through xdebug.client_host/xdebug.client_port) :-(
[15-Apr-2024 07:12:44 UTC] Xdebug: [Step Debug] Time-out connecting to debugging client, waited: 200 ms. Tried: ::1:9003 (from HTTP_X_FORWARDED_FOR HTTP header), localhost:9003 (fallback through xdebug.client_host/xdebug.client_port) :-(
[15-Apr-2024 07:12:44 UTC] Xdebug: [Step Debug] Time-out connecting to debugging client, waited: 200 ms. Tried: localhost:9003 (fallback through xdebug.client_host/xdebug.client_port) :-(
[15-Apr-2024 07:12:45 UTC] Xdebug: [Step Debug] Time-out connecting to debugging client, waited: 200 ms. Tried: localhost:9003 (fallback through xdebug.client_host/xdebug.client_port) :-(
[15-Apr-2024 07:12:45 UTC] Xdebug: [Step Debug] Time-out connecting to debugging client, waited: 200 ms. Tried: ::1:9003 (from HTTP_X_FORWARDED_FOR HTTP header), localhost:9003 (fallback through xdebug.client_host/xdebug.client_port) :-(
[15-Apr-2024 07:12:45 UTC] Xdebug: [Step Debug] Time-out connecting to debugging client, waited: 200 ms. Tried: localhost:9003 (fallback through xdebug.client_host/xdebug.client_port) :-(
[15-Apr-2024 07:12:46 UTC] Xdebug: [Step Debug] Time-out connecting to debugging client, waited: 200 ms. Tried: ::1:9003 (from HTTP_X_FORWARDED_FOR HTTP header), localhost:9003 (fallback through xdebug.client_host/xdebug.client_port) :-(
[15-Apr-2024 07:12:46 UTC] Xdebug: [Step Debug] Time-out connecting to debugging client, waited: 200 ms. Tried: ::1:9003 (from HTTP_X_FORWARDED_FOR HTTP header), localhost:9003 (fallback through xdebug.client_host/xdebug.client_port) :-(
[15-Apr-2024 07:12:47 UTC] Xdebug: [Step Debug] Time-out connecting to debugging client, waited: 200 ms. Tried: ::1:9003 (from HTTP_X_FORWARDED_FOR HTTP header), localhost:9003 (fallback through xdebug.client_host/xdebug.client_port) :-(
[15-Apr-2024 07:12:47 UTC] Xdebug: [Step Debug] Time-out connecting to debugging client, waited: 200 ms. Tried: ::1:9003 (from HTTP_X_FORWARDED_FOR HTTP header), localhost:9003 (fallback through xdebug.client_host/xdebug.client_port) :-(
[15-Apr-2024 07:12:48 UTC] Xdebug: [Step Debug] Time-out connecting to debugging client, waited: 200 ms. Tried: ::1:9003 (from HTTP_X_FORWARDED_FOR HTTP header), localhost:9003 (fallback through xdebug.client_host/xdebug.client_port) :-(
[15-Apr-2024 07:12:49 UTC] Xdebug: [Step Debug] Time-out connecting to debugging client, waited: 200 ms. Tried: ::1:9003 (from HTTP_X_FORWARDED_FOR HTTP header), localhost:9003 (fallback through xdebug.client_host/xdebug.client_port) :-(
[15-Apr-2024 07:12:50 UTC] Xdebug: [Step Debug] Time-out connecting to debugging client, waited: 200 ms. Tried: ::1:9003 (from HTTP_X_FORWARDED_FOR HTTP header), localhost:9003 (fallback through xdebug.client_host/xdebug.client_port) :-(
[15-Apr-2024 07:12:50 UTC] Xdebug: [Step Debug] Time-out connecting to debugging client, waited: 200 ms. Tried: ::1:9003 (from HTTP_X_FORWARDED_FOR HTTP header), localhost:9003 (fallback through xdebug.client_host/xdebug.client_port) :-(
[15-Apr-2024 07:12:51 UTC] Xdebug: [Step Debug] Time-out connecting to debugging client, waited: 200 ms. Tried: ::1:9003 (from HTTP_X_FORWARDED_FOR HTTP header), localhost:9003 (fallback through xdebug.client_host/xdebug.client_port) :-(
[15-Apr-2024 07:12:51 UTC] Xdebug: [Step Debug] Time-out connecting to debugging client, waited: 200 ms. Tried: ::1:9003 (from HTTP_X_FORWARDED_FOR HTTP header), localhost:9003 (fallback through xdebug.client_host/xdebug.client_port) :-(
[15-Apr-2024 07:12:52 UTC] Xdebug: [Step Debug] Time-out connecting to debugging client, waited: 200 ms. Tried: ::1:9003 (from HTTP_X_FORWARDED_FOR HTTP header), localhost:9003 (fallback through xdebug.client_host/xdebug.client_port) :-(
[15-Apr-2024 07:12:53 UTC] Xdebug: [Step Debug] Time-out connecting to debugging client, waited: 200 ms. Tried: ::1:9003 (from HTTP_X_FORWARDED_FOR HTTP header), localhost:9003 (fallback through xdebug.client_host/xdebug.client_port) :-(
[15-Apr-2024 07:12:54 UTC] Xdebug: [Step Debug] Time-out connecting to debugging client, waited: 200 ms. Tried: ::1:9003 (from HTTP_X_FORWARDED_FOR HTTP header), localhost:9003 (fallback through xdebug.client_host/xdebug.client_port) :-(
[15-Apr-2024 07:12:54 UTC] Xdebug: [Step Debug] Time-out connecting to debugging client, waited: 200 ms. Tried: ::1:9003 (from HTTP_X_FORWARDED_FOR HTTP header), localhost:9003 (fallback through xdebug.client_host/xdebug.client_port) :-(
[15-Apr-2024 07:12:55 UTC] Xdebug: [Step Debug] Time-out connecting to debugging client, waited: 200 ms. Tried: ::1:9003 (from HTTP_X_FORWARDED_FOR HTTP header), localhost:9003 (fallback through xdebug.client_host/xdebug.client_port) :-(
[15-Apr-2024 07:12:56 UTC] Xdebug: [Step Debug] Time-out connecting to debugging client, waited: 200 ms. Tried: ::1:9003 (from HTTP_X_FORWARDED_FOR HTTP header), localhost:9003 (fallback through xdebug.client_host/xdebug.client_port) :-(
[15-Apr-2024 07:12:56 UTC] Xdebug: [Step Debug] Time-out connecting to debugging client, waited: 200 ms. Tried: ::1:9003 (from HTTP_X_FORWARDED_FOR HTTP header), localhost:9003 (fallback through xdebug.client_host/xdebug.client_port) :-(
[15-Apr-2024 07:12:56 UTC] Xdebug: [Step Debug] Time-out connecting to debugging client, waited: 200 ms. Tried: ::1:9003 (from HTTP_X_FORWARDED_FOR HTTP header), localhost:9003 (fallback through xdebug.client_host/xdebug.client_port) :-(
[15-Apr-2024 07:12:57 UTC] Xdebug: [Step Debug] Time-out connecting to debugging client, waited: 200 ms. Tried: ::1:9003 (from HTTP_X_FORWARDED_FOR HTTP header), localhost:9003 (fallback through xdebug.client_host/xdebug.client_port) :-(
[15-Apr-2024 07:12:58 UTC] Xdebug: [Step Debug] Time-out connecting to debugging client, waited: 200 ms. Tried: ::1:9003 (from HTTP_X_FORWARDED_FOR HTTP header), localhost:9003 (fallback through xdebug.client_host/xdebug.client_port) :-(
[15-Apr-2024 07:12:58 UTC] Xdebug: [Step Debug] Time-out connecting to debugging client, waited: 200 ms. Tried: ::1:9003 (from HTTP_X_FORWARDED_FOR HTTP header), localhost:9003 (fallback through xdebug.client_host/xdebug.client_port) :-(
[15-Apr-2024 07:12:58 UTC] Xdebug: [Step Debug] Time-out connecting to debugging client, waited: 200 ms. Tried: ::1:9003 (from HTTP_X_FORWARDED_FOR HTTP header), localhost:9003 (fallback through xdebug.client_host/xdebug.client_port) :-(
[15-Apr-2024 07:12:58 UTC] Xdebug: [Step Debug] Time-out connecting to debugging client, waited: 200 ms. Tried: ::1:9003 (from HTTP_X_FORWARDED_FOR HTTP header), localhost:9003 (fallback through xdebug.client_host/xdebug.client_port) :-(
[15-Apr-2024 07:12:59 UTC] Xdebug: [Step Debug] Time-out connecting to debugging client, waited: 200 ms. Tried: ::1:9003 (from HTTP_X_FORWARDED_FOR HTTP header), localhost:9003 (fallback through xdebug.client_host/xdebug.client_port) :-(
[15-Apr-2024 07:12:59 UTC] Xdebug: [Step Debug] Time-out connecting to debugging client, waited: 200 ms. Tried: ::1:9003 (from HTTP_X_FORWARDED_FOR HTTP header), localhost:9003 (fallback through xdebug.client_host/xdebug.client_port) :-(
[15-Apr-2024 07:12:59 UTC] Xdebug: [Step Debug] Time-out connecting to debugging client, waited: 200 ms. Tried: ::1:9003 (from HTTP_X_FORWARDED_FOR HTTP header), localhost:9003 (fallback through xdebug.client_host/xdebug.client_port) :-(
[15-Apr-2024 07:13:33 UTC] Xdebug: [Step Debug] Time-out connecting to debugging client, waited: 200 ms. Tried: ::1:9003 (from HTTP_X_FORWARDED_FOR HTTP header), localhost:9003 (fallback through xdebug.client_host/xdebug.client_port) :-(
[15-Apr-2024 07:13:34 UTC] Xdebug: [Step Debug] Time-out connecting to debugging client, waited: 200 ms. Tried: ::1:9003 (from HTTP_X_FORWARDED_FOR HTTP header), localhost:9003 (fallback through xdebug.client_host/xdebug.client_port) :-(
[15-Apr-2024 07:13:35 UTC] Xdebug: [Step Debug] Time-out connecting to debugging client, waited: 200 ms. Tried: ::1:9003 (from HTTP_X_FORWARDED_FOR HTTP header), localhost:9003 (fallback through xdebug.client_host/xdebug.client_port) :-(
[15-Apr-2024 07:13:35 UTC] Xdebug: [Step Debug] Time-out connecting to debugging client, waited: 200 ms. Tried: ::1:9003 (from HTTP_X_FORWARDED_FOR HTTP header), localhost:9003 (fallback through xdebug.client_host/xdebug.client_port) :-(
[15-Apr-2024 07:13:36 UTC] Xdebug: [Step Debug] Time-out connecting to debugging client, waited: 200 ms. Tried: ::1:9003 (from HTTP_X_FORWARDED_FOR HTTP header), localhost:9003 (fallback through xdebug.client_host/xdebug.client_port) :-(
[15-Apr-2024 07:13:36 UTC] Xdebug: [Step Debug] Time-out connecting to debugging client, waited: 200 ms. Tried: ::1:9003 (from HTTP_X_FORWARDED_FOR HTTP header), localhost:9003 (fallback through xdebug.client_host/xdebug.client_port) :-(
[15-Apr-2024 07:13:37 UTC] Xdebug: [Step Debug] Time-out connecting to debugging client, waited: 200 ms. Tried: ::1:9003 (from HTTP_X_FORWARDED_FOR HTTP header), localhost:9003 (fallback through xdebug.client_host/xdebug.client_port) :-(
[15-Apr-2024 07:13:37 UTC] Xdebug: [Step Debug] Time-out connecting to debugging client, waited: 200 ms. Tried: ::1:9003 (from HTTP_X_FORWARDED_FOR HTTP header), localhost:9003 (fallback through xdebug.client_host/xdebug.client_port) :-(
[15-Apr-2024 07:13:38 UTC] Xdebug: [Step Debug] Time-out connecting to debugging client, waited: 200 ms. Tried: ::1:9003 (from HTTP_X_FORWARDED_FOR HTTP header), localhost:9003 (fallback through xdebug.client_host/xdebug.client_port) :-(
[15-Apr-2024 07:13:38 UTC] Xdebug: [Step Debug] Time-out connecting to debugging client, waited: 200 ms. Tried: ::1:9003 (from HTTP_X_FORWARDED_FOR HTTP header), localhost:9003 (fallback through xdebug.client_host/xdebug.client_port) :-(
[15-Apr-2024 07:13:39 UTC] Xdebug: [Step Debug] Time-out connecting to debugging client, waited: 200 ms. Tried: ::1:9003 (from HTTP_X_FORWARDED_FOR HTTP header), localhost:9003 (fallback through xdebug.client_host/xdebug.client_port) :-(
[15-Apr-2024 07:13:39 UTC] Xdebug: [Step Debug] Time-out connecting to debugging client, waited: 200 ms. Tried: ::1:9003 (from HTTP_X_FORWARDED_FOR HTTP header), localhost:9003 (fallback through xdebug.client_host/xdebug.client_port) :-(
[15-Apr-2024 07:13:39 UTC] Xdebug: [Step Debug] Time-out connecting to debugging client, waited: 200 ms. Tried: ::1:9003 (from HTTP_X_FORWARDED_FOR HTTP header), localhost:9003 (fallback through xdebug.client_host/xdebug.client_port) :-(
[15-Apr-2024 07:13:39 UTC] Xdebug: [Step Debug] Time-out connecting to debugging client, waited: 200 ms. Tried: ::1:9003 (from HTTP_X_FORWARDED_FOR HTTP header), localhost:9003 (fallback through xdebug.client_host/xdebug.client_port) :-(
[15-Apr-2024 07:13:40 UTC] Xdebug: [Step Debug] Time-out connecting to debugging client, waited: 200 ms. Tried: ::1:9003 (from HTTP_X_FORWARDED_FOR HTTP header), localhost:9003 (fallback through xdebug.client_host/xdebug.client_port) :-(
[15-Apr-2024 07:13:40 UTC] Xdebug: [Step Debug] Time-out connecting to debugging client, waited: 200 ms. Tried: ::1:9003 (from HTTP_X_FORWARDED_FOR HTTP header), localhost:9003 (fallback through xdebug.client_host/xdebug.client_port) :-(
[15-Apr-2024 07:13:40 UTC] Xdebug: [Step Debug] Time-out connecting to debugging client, waited: 200 ms. Tried: ::1:9003 (from HTTP_X_FORWARDED_FOR HTTP header), localhost:9003 (fallback through xdebug.client_host/xdebug.client_port) :-(
[15-Apr-2024 07:13:41 UTC] Xdebug: [Step Debug] Time-out connecting to debugging client, waited: 200 ms. Tried: ::1:9003 (from HTTP_X_FORWARDED_FOR HTTP header), localhost:9003 (fallback through xdebug.client_host/xdebug.client_port) :-(
[15-Apr-2024 07:13:41 UTC] Xdebug: [Step Debug] Time-out connecting to debugging client, waited: 200 ms. Tried: ::1:9003 (from HTTP_X_FORWARDED_FOR HTTP header), localhost:9003 (fallback through xdebug.client_host/xdebug.client_port) :-(
[15-Apr-2024 07:13:41 UTC] Xdebug: [Step Debug] Time-out connecting to debugging client, waited: 200 ms. Tried: ::1:9003 (from HTTP_X_FORWARDED_FOR HTTP header), localhost:9003 (fallback through xdebug.client_host/xdebug.client_port) :-(
[15-Apr-2024 07:13:42 UTC] Xdebug: [Step Debug] Time-out connecting to debugging client, waited: 200 ms. Tried: ::1:9003 (from HTTP_X_FORWARDED_FOR HTTP header), localhost:9003 (fallback through xdebug.client_host/xdebug.client_port) :-(
[15-Apr-2024 07:13:42 UTC] Xdebug: [Step Debug] Time-out connecting to debugging client, waited: 200 ms. Tried: ::1:9003 (from HTTP_X_FORWARDED_FOR HTTP header), localhost:9003 (fallback through xdebug.client_host/xdebug.client_port) :-(
[15-Apr-2024 07:13:42 UTC] Xdebug: [Step Debug] Time-out connecting to debugging client, waited: 200 ms. Tried: ::1:9003 (from HTTP_X_FORWARDED_FOR HTTP header), localhost:9003 (fallback through xdebug.client_host/xdebug.client_port) :-(
[15-Apr-2024 07:13:43 UTC] Xdebug: [Step Debug] Time-out connecting to debugging client, waited: 200 ms. Tried: ::1:9003 (from HTTP_X_FORWARDED_FOR HTTP header), localhost:9003 (fallback through xdebug.client_host/xdebug.client_port) :-(
[15-Apr-2024 07:13:44 UTC] Xdebug: [Step Debug] Time-out connecting to debugging client, waited: 200 ms. Tried: ::1:9003 (from HTTP_X_FORWARDED_FOR HTTP header), localhost:9003 (fallback through xdebug.client_host/xdebug.client_port) :-(
[15-Apr-2024 07:13:44 UTC] Xdebug: [Step Debug] Time-out connecting to debugging client, waited: 200 ms. Tried: ::1:9003 (from HTTP_X_FORWARDED_FOR HTTP header), localhost:9003 (fallback through xdebug.client_host/xdebug.client_port) :-(
[15-Apr-2024 07:13:45 UTC] Xdebug: [Step Debug] Time-out connecting to debugging client, waited: 200 ms. Tried: ::1:9003 (from HTTP_X_FORWARDED_FOR HTTP header), localhost:9003 (fallback through xdebug.client_host/xdebug.client_port) :-(
[15-Apr-2024 07:13:46 UTC] Xdebug: [Step Debug] Time-out connecting to debugging client, waited: 200 ms. Tried: ::1:9003 (from HTTP_X_FORWARDED_FOR HTTP header), localhost:9003 (fallback through xdebug.client_host/xdebug.client_port) :-(
[15-Apr-2024 07:13:46 UTC] Xdebug: [Step Debug] Time-out connecting to debugging client, waited: 200 ms. Tried: ::1:9003 (from HTTP_X_FORWARDED_FOR HTTP header), localhost:9003 (fallback through xdebug.client_host/xdebug.client_port) :-(
[15-Apr-2024 07:13:47 UTC] Xdebug: [Step Debug] Time-out connecting to debugging client, waited: 200 ms. Tried: ::1:9003 (from HTTP_X_FORWARDED_FOR HTTP header), localhost:9003 (fallback through xdebug.client_host/xdebug.client_port) :-(
[15-Apr-2024 07:13:48 UTC] Xdebug: [Step Debug] Time-out connecting to debugging client, waited: 200 ms. Tried: ::1:9003 (from HTTP_X_FORWARDED_FOR HTTP header), localhost:9003 (fallback through xdebug.client_host/xdebug.client_port) :-(
[15-Apr-2024 07:13:48 UTC] Xdebug: [Step Debug] Time-out connecting to debugging client, waited: 200 ms. Tried: ::1:9003 (from HTTP_X_FORWARDED_FOR HTTP header), localhost:9003 (fallback through xdebug.client_host/xdebug.client_port) :-(
[15-Apr-2024 07:13:49 UTC] Xdebug: [Step Debug] Time-out connecting to debugging client, waited: 200 ms. Tried: ::1:9003 (from HTTP_X_FORWARDED_FOR HTTP header), localhost:9003 (fallback through xdebug.client_host/xdebug.client_port) :-(
[15-Apr-2024 07:13:49 UTC] Xdebug: [Step Debug] Time-out connecting to debugging client, waited: 200 ms. Tried: ::1:9003 (from HTTP_X_FORWARDED_FOR HTTP header), localhost:9003 (fallback through xdebug.client_host/xdebug.client_port) :-(
[15-Apr-2024 07:13:50 UTC] Xdebug: [Step Debug] Time-out connecting to debugging client, waited: 200 ms. Tried: ::1:9003 (from HTTP_X_FORWARDED_FOR HTTP header), localhost:9003 (fallback through xdebug.client_host/xdebug.client_port) :-(
[15-Apr-2024 07:13:51 UTC] Xdebug: [Step Debug] Time-out connecting to debugging client, waited: 200 ms. Tried: ::1:9003 (from HTTP_X_FORWARDED_FOR HTTP header), localhost:9003 (fallback through xdebug.client_host/xdebug.client_port) :-(
[15-Apr-2024 07:13:51 UTC] Xdebug: [Step Debug] Time-out connecting to debugging client, waited: 200 ms. Tried: ::1:9003 (from HTTP_X_FORWARDED_FOR HTTP header), localhost:9003 (fallback through xdebug.client_host/xdebug.client_port) :-(
[15-Apr-2024 07:13:52 UTC] Xdebug: [Step Debug] Time-out connecting to debugging client, waited: 200 ms. Tried: ::1:9003 (from HTTP_X_FORWARDED_FOR HTTP header), localhost:9003 (fallback through xdebug.client_host/xdebug.client_port) :-(
[15-Apr-2024 07:13:53 UTC] Xdebug: [Step Debug] Time-out connecting to debugging client, waited: 200 ms. Tried: ::1:9003 (from HTTP_X_FORWARDED_FOR HTTP header), localhost:9003 (fallback through xdebug.client_host/xdebug.client_port) :-(
[15-Apr-2024 07:13:53 UTC] Xdebug: [Step Debug] Time-out connecting to debugging client, waited: 200 ms. Tried: ::1:9003 (from HTTP_X_FORWARDED_FOR HTTP header), localhost:9003 (fallback through xdebug.client_host/xdebug.client_port) :-(
[15-Apr-2024 07:13:54 UTC] Xdebug: [Step Debug] Time-out connecting to debugging client, waited: 200 ms. Tried: ::1:9003 (from HTTP_X_FORWARDED_FOR HTTP header), localhost:9003 (fallback through xdebug.client_host/xdebug.client_port) :-(
[15-Apr-2024 07:13:55 UTC] Xdebug: [Step Debug] Time-out connecting to debugging client, waited: 200 ms. Tried: ::1:9003 (from HTTP_X_FORWARDED_FOR HTTP header), localhost:9003 (fallback through xdebug.client_host/xdebug.client_port) :-(
[15-Apr-2024 07:13:55 UTC] Xdebug: [Step Debug] Time-out connecting to debugging client, waited: 200 ms. Tried: ::1:9003 (from HTTP_X_FORWARDED_FOR HTTP header), localhost:9003 (fallback through xdebug.client_host/xdebug.client_port) :-(
[15-Apr-2024 07:13:56 UTC] Xdebug: [Step Debug] Time-out connecting to debugging client, waited: 200 ms. Tried: ::1:9003 (from HTTP_X_FORWARDED_FOR HTTP header), localhost:9003 (fallback through xdebug.client_host/xdebug.client_port) :-(
[15-Apr-2024 07:14:05 UTC] Xdebug: [Step Debug] Time-out connecting to debugging client, waited: 200 ms. Tried: ::1:9003 (from HTTP_X_FORWARDED_FOR HTTP header), localhost:9003 (fallback through xdebug.client_host/xdebug.client_port) :-(
[15-Apr-2024 07:14:06 UTC] Xdebug: [Step Debug] Time-out connecting to debugging client, waited: 200 ms. Tried: ::1:9003 (from HTTP_X_FORWARDED_FOR HTTP header), localhost:9003 (fallback through xdebug.client_host/xdebug.client_port) :-(
[15-Apr-2024 07:14:06 UTC] Xdebug: [Step Debug] Time-out connecting to debugging client, waited: 200 ms. Tried: ::1:9003 (from HTTP_X_FORWARDED_FOR HTTP header), localhost:9003 (fallback through xdebug.client_host/xdebug.client_port) :-(
[15-Apr-2024 07:14:07 UTC] Xdebug: [Step Debug] Time-out connecting to debugging client, waited: 200 ms. Tried: ::1:9003 (from HTTP_X_FORWARDED_FOR HTTP header), localhost:9003 (fallback through xdebug.client_host/xdebug.client_port) :-(
[15-Apr-2024 07:14:08 UTC] Xdebug: [Step Debug] Time-out connecting to debugging client, waited: 200 ms. Tried: ::1:9003 (from HTTP_X_FORWARDED_FOR HTTP header), localhost:9003 (fallback through xdebug.client_host/xdebug.client_port) :-(
[15-Apr-2024 07:14:08 UTC] Xdebug: [Step Debug] Time-out connecting to debugging client, waited: 200 ms. Tried: ::1:9003 (from HTTP_X_FORWARDED_FOR HTTP header), localhost:9003 (fallback through xdebug.client_host/xdebug.client_port) :-(
[15-Apr-2024 07:14:10 UTC] Xdebug: [Step Debug] Time-out connecting to debugging client, waited: 200 ms. Tried: ::1:9003 (from HTTP_X_FORWARDED_FOR HTTP header), localhost:9003 (fallback through xdebug.client_host/xdebug.client_port) :-(
[15-Apr-2024 07:14:11 UTC] Xdebug: [Step Debug] Time-out connecting to debugging client, waited: 200 ms. Tried: ::1:9003 (from HTTP_X_FORWARDED_FOR HTTP header), localhost:9003 (fallback through xdebug.client_host/xdebug.client_port) :-(
[15-Apr-2024 07:14:11 UTC] Xdebug: [Step Debug] Time-out connecting to debugging client, waited: 200 ms. Tried: ::1:9003 (from HTTP_X_FORWARDED_FOR HTTP header), localhost:9003 (fallback through xdebug.client_host/xdebug.client_port) :-(
[15-Apr-2024 07:14:12 UTC] Xdebug: [Step Debug] Time-out connecting to debugging client, waited: 200 ms. Tried: ::1:9003 (from HTTP_X_FORWARDED_FOR HTTP header), localhost:9003 (fallback through xdebug.client_host/xdebug.client_port) :-(
[15-Apr-2024 07:14:12 UTC] Xdebug: [Step Debug] Time-out connecting to debugging client, waited: 200 ms. Tried: ::1:9003 (from HTTP_X_FORWARDED_FOR HTTP header), localhost:9003 (fallback through xdebug.client_host/xdebug.client_port) :-(
[15-Apr-2024 07:14:13 UTC] Xdebug: [Step Debug] Time-out connecting to debugging client, waited: 200 ms. Tried: ::1:9003 (from HTTP_X_FORWARDED_FOR HTTP header), localhost:9003 (fallback through xdebug.client_host/xdebug.client_port) :-(
[15-Apr-2024 07:14:13 UTC] Xdebug: [Step Debug] Time-out connecting to debugging client, waited: 200 ms. Tried: ::1:9003 (from HTTP_X_FORWARDED_FOR HTTP header), localhost:9003 (fallback through xdebug.client_host/xdebug.client_port) :-(
[15-Apr-2024 07:14:13 UTC] Xdebug: [Step Debug] Time-out connecting to debugging client, waited: 200 ms. Tried: ::1:9003 (from HTTP_X_FORWARDED_FOR HTTP header), localhost:9003 (fallback through xdebug.client_host/xdebug.client_port) :-(
[15-Apr-2024 07:14:14 UTC] Xdebug: [Step Debug] Time-out connecting to debugging client, waited: 200 ms. Tried: ::1:9003 (from HTTP_X_FORWARDED_FOR HTTP header), localhost:9003 (fallback through xdebug.client_host/xdebug.client_port) :-(
[15-Apr-2024 07:14:14 UTC] Xdebug: [Step Debug] Time-out connecting to debugging client, waited: 200 ms. Tried: ::1:9003 (from HTTP_X_FORWARDED_FOR HTTP header), localhost:9003 (fallback through xdebug.client_host/xdebug.client_port) :-(
[15-Apr-2024 07:14:15 UTC] Xdebug: [Step Debug] Time-out connecting to debugging client, waited: 200 ms. Tried: ::1:9003 (from HTTP_X_FORWARDED_FOR HTTP header), localhost:9003 (fallback through xdebug.client_host/xdebug.client_port) :-(
[15-Apr-2024 07:14:16 UTC] Xdebug: [Step Debug] Time-out connecting to debugging client, waited: 200 ms. Tried: ::1:9003 (from HTTP_X_FORWARDED_FOR HTTP header), localhost:9003 (fallback through xdebug.client_host/xdebug.client_port) :-(
[15-Apr-2024 07:14:16 UTC] Xdebug: [Step Debug] Time-out connecting to debugging client, waited: 200 ms. Tried: ::1:9003 (from HTTP_X_FORWARDED_FOR HTTP header), localhost:9003 (fallback through xdebug.client_host/xdebug.client_port) :-(
[15-Apr-2024 07:14:16 UTC] Xdebug: [Step Debug] Time-out connecting to debugging client, waited: 200 ms. Tried: ::1:9003 (from HTTP_X_FORWARDED_FOR HTTP header), localhost:9003 (fallback through xdebug.client_host/xdebug.client_port) :-(
[15-Apr-2024 07:14:16 UTC] Xdebug: [Step Debug] Time-out connecting to debugging client, waited: 200 ms. Tried: ::1:9003 (from HTTP_X_FORWARDED_FOR HTTP header), localhost:9003 (fallback through xdebug.client_host/xdebug.client_port) :-(
[15-Apr-2024 07:14:17 UTC] Xdebug: [Step Debug] Time-out connecting to debugging client, waited: 200 ms. Tried: ::1:9003 (from HTTP_X_FORWARDED_FOR HTTP header), localhost:9003 (fallback through xdebug.client_host/xdebug.client_port) :-(
[15-Apr-2024 07:14:17 UTC] Xdebug: [Step Debug] Time-out connecting to debugging client, waited: 200 ms. Tried: ::1:9003 (from HTTP_X_FORWARDED_FOR HTTP header), localhost:9003 (fallback through xdebug.client_host/xdebug.client_port) :-(
[15-Apr-2024 07:14:18 UTC] Xdebug: [Step Debug] Time-out connecting to debugging client, waited: 200 ms. Tried: ::1:9003 (from HTTP_X_FORWARDED_FOR HTTP header), localhost:9003 (fallback through xdebug.client_host/xdebug.client_port) :-(
[15-Apr-2024 07:14:18 UTC] Xdebug: [Step Debug] Time-out connecting to debugging client, waited: 200 ms. Tried: ::1:9003 (from HTTP_X_FORWARDED_FOR HTTP header), localhost:9003 (fallback through xdebug.client_host/xdebug.client_port) :-(
[15-Apr-2024 07:14:18 UTC] Xdebug: [Step Debug] Time-out connecting to debugging client, waited: 200 ms. Tried: ::1:9003 (from HTTP_X_FORWARDED_FOR HTTP header), localhost:9003 (fallback through xdebug.client_host/xdebug.client_port) :-(
[15-Apr-2024 07:14:18 UTC] Xdebug: [Step Debug] Time-out connecting to debugging client, waited: 200 ms. Tried: ::1:9003 (from HTTP_X_FORWARDED_FOR HTTP header), localhost:9003 (fallback through xdebug.client_host/xdebug.client_port) :-(
[15-Apr-2024 07:14:19 UTC] Xdebug: [Step Debug] Time-out connecting to debugging client, waited: 200 ms. Tried: ::1:9003 (from HTTP_X_FORWARDED_FOR HTTP header), localhost:9003 (fallback through xdebug.client_host/xdebug.client_port) :-(
[15-Apr-2024 07:14:19 UTC] Xdebug: [Step Debug] Time-out connecting to debugging client, waited: 200 ms. Tried: ::1:9003 (from HTTP_X_FORWARDED_FOR HTTP header), localhost:9003 (fallback through xdebug.client_host/xdebug.client_port) :-(
[15-Apr-2024 07:14:19 UTC] Xdebug: [Step Debug] Time-out connecting to debugging client, waited: 200 ms. Tried: ::1:9003 (from HTTP_X_FORWARDED_FOR HTTP header), localhost:9003 (fallback through xdebug.client_host/xdebug.client_port) :-(
[15-Apr-2024 07:14:19 UTC] Xdebug: [Step Debug] Time-out connecting to debugging client, waited: 200 ms. Tried: ::1:9003 (from HTTP_X_FORWARDED_FOR HTTP header), localhost:9003 (fallback through xdebug.client_host/xdebug.client_port) :-(
[15-Apr-2024 07:14:20 UTC] Xdebug: [Step Debug] Time-out connecting to debugging client, waited: 200 ms. Tried: ::1:9003 (from HTTP_X_FORWARDED_FOR HTTP header), localhost:9003 (fallback through xdebug.client_host/xdebug.client_port) :-(
[15-Apr-2024 07:14:20 UTC] Xdebug: [Step Debug] Time-out connecting to debugging client, waited: 200 ms. Tried: ::1:9003 (from HTTP_X_FORWARDED_FOR HTTP header), localhost:9003 (fallback through xdebug.client_host/xdebug.client_port) :-(
[15-Apr-2024 07:14:21 UTC] Xdebug: [Step Debug] Time-out connecting to debugging client, waited: 200 ms. Tried: ::1:9003 (from HTTP_X_FORWARDED_FOR HTTP header), localhost:9003 (fallback through xdebug.client_host/xdebug.client_port) :-(
[15-Apr-2024 07:14:21 UTC] Xdebug: [Step Debug] Time-out connecting to debugging client, waited: 200 ms. Tried: ::1:9003 (from HTTP_X_FORWARDED_FOR HTTP header), localhost:9003 (fallback through xdebug.client_host/xdebug.client_port) :-(
[15-Apr-2024 07:14:21 UTC] Xdebug: [Step Debug] Time-out connecting to debugging client, waited: 200 ms. Tried: ::1:9003 (from HTTP_X_FORWARDED_FOR HTTP header), localhost:9003 (fallback through xdebug.client_host/xdebug.client_port) :-(
[15-Apr-2024 07:14:22 UTC] Xdebug: [Step Debug] Time-out connecting to debugging client, waited: 200 ms. Tried: ::1:9003 (from HTTP_X_FORWARDED_FOR HTTP header), localhost:9003 (fallback through xdebug.client_host/xdebug.client_port) :-(
[15-Apr-2024 07:14:22 UTC] Xdebug: [Step Debug] Time-out connecting to debugging client, waited: 200 ms. Tried: ::1:9003 (from HTTP_X_FORWARDED_FOR HTTP header), localhost:9003 (fallback through xdebug.client_host/xdebug.client_port) :-(
[15-Apr-2024 07:14:22 UTC] Xdebug: [Step Debug] Time-out connecting to debugging client, waited: 200 ms. Tried: ::1:9003 (from HTTP_X_FORWARDED_FOR HTTP header), localhost:9003 (fallback through xdebug.client_host/xdebug.client_port) :-(
[15-Apr-2024 07:14:23 UTC] Xdebug: [Step Debug] Time-out connecting to debugging client, waited: 200 ms. Tried: ::1:9003 (from HTTP_X_FORWARDED_FOR HTTP header), localhost:9003 (fallback through xdebug.client_host/xdebug.client_port) :-(
[15-Apr-2024 07:14:23 UTC] Xdebug: [Step Debug] Time-out connecting to debugging client, waited: 200 ms. Tried: ::1:9003 (from HTTP_X_FORWARDED_FOR HTTP header), localhost:9003 (fallback through xdebug.client_host/xdebug.client_port) :-(
[15-Apr-2024 07:14:24 UTC] Xdebug: [Step Debug] Time-out connecting to debugging client, waited: 200 ms. Tried: ::1:9003 (from HTTP_X_FORWARDED_FOR HTTP header), localhost:9003 (fallback through xdebug.client_host/xdebug.client_port) :-(
[15-Apr-2024 07:14:24 UTC] Xdebug: [Step Debug] Time-out connecting to debugging client, waited: 200 ms. Tried: ::1:9003 (from HTTP_X_FORWARDED_FOR HTTP header), localhost:9003 (fallback through xdebug.client_host/xdebug.client_port) :-(
[15-Apr-2024 07:14:25 UTC] Xdebug: [Step Debug] Time-out connecting to debugging client, waited: 200 ms. Tried: ::1:9003 (from HTTP_X_FORWARDED_FOR HTTP header), localhost:9003 (fallback through xdebug.client_host/xdebug.client_port) :-(
[15-Apr-2024 07:14:25 UTC] Xdebug: [Step Debug] Time-out connecting to debugging client, waited: 200 ms. Tried: ::1:9003 (from HTTP_X_FORWARDED_FOR HTTP header), localhost:9003 (fallback through xdebug.client_host/xdebug.client_port) :-(
[15-Apr-2024 07:14:26 UTC] Xdebug: [Step Debug] Time-out connecting to debugging client, waited: 200 ms. Tried: ::1:9003 (from HTTP_X_FORWARDED_FOR HTTP header), localhost:9003 (fallback through xdebug.client_host/xdebug.client_port) :-(
[15-Apr-2024 07:14:26 UTC] Xdebug: [Step Debug] Time-out connecting to debugging client, waited: 200 ms. Tried: ::1:9003 (from HTTP_X_FORWARDED_FOR HTTP header), localhost:9003 (fallback through xdebug.client_host/xdebug.client_port) :-(
[15-Apr-2024 07:14:26 UTC] Xdebug: [Step Debug] Time-out connecting to debugging client, waited: 200 ms. Tried: ::1:9003 (from HTTP_X_FORWARDED_FOR HTTP header), localhost:9003 (fallback through xdebug.client_host/xdebug.client_port) :-(
[15-Apr-2024 07:14:26 UTC] Xdebug: [Step Debug] Time-out connecting to debugging client, waited: 200 ms. Tried: ::1:9003 (from HTTP_X_FORWARDED_FOR HTTP header), localhost:9003 (fallback through xdebug.client_host/xdebug.client_port) :-(
[15-Apr-2024 07:14:27 UTC] Xdebug: [Step Debug] Time-out connecting to debugging client, waited: 200 ms. Tried: ::1:9003 (from HTTP_X_FORWARDED_FOR HTTP header), localhost:9003 (fallback through xdebug.client_host/xdebug.client_port) :-(
[15-Apr-2024 07:14:27 UTC] Xdebug: [Step Debug] Time-out connecting to debugging client, waited: 200 ms. Tried: ::1:9003 (from HTTP_X_FORWARDED_FOR HTTP header), localhost:9003 (fallback through xdebug.client_host/xdebug.client_port) :-(
[15-Apr-2024 07:14:28 UTC] Xdebug: [Step Debug] Time-out connecting to debugging client, waited: 200 ms. Tried: ::1:9003 (from HTTP_X_FORWARDED_FOR HTTP header), localhost:9003 (fallback through xdebug.client_host/xdebug.client_port) :-(
[15-Apr-2024 07:14:28 UTC] Xdebug: [Step Debug] Time-out connecting to debugging client, waited: 200 ms. Tried: ::1:9003 (from HTTP_X_FORWARDED_FOR HTTP header), localhost:9003 (fallback through xdebug.client_host/xdebug.client_port) :-(
[15-Apr-2024 07:14:28 UTC] Xdebug: [Step Debug] Time-out connecting to debugging client, waited: 200 ms. Tried: ::1:9003 (from HTTP_X_FORWARDED_FOR HTTP header), localhost:9003 (fallback through xdebug.client_host/xdebug.client_port) :-(
[15-Apr-2024 07:14:28 UTC] Xdebug: [Step Debug] Time-out connecting to debugging client, waited: 200 ms. Tried: ::1:9003 (from HTTP_X_FORWARDED_FOR HTTP header), localhost:9003 (fallback through xdebug.client_host/xdebug.client_port) :-(
[15-Apr-2024 07:14:29 UTC] Xdebug: [Step Debug] Time-out connecting to debugging client, waited: 200 ms. Tried: ::1:9003 (from HTTP_X_FORWARDED_FOR HTTP header), localhost:9003 (fallback through xdebug.client_host/xdebug.client_port) :-(
[15-Apr-2024 07:14:29 UTC] Xdebug: [Step Debug] Time-out connecting to debugging client, waited: 200 ms. Tried: ::1:9003 (from HTTP_X_FORWARDED_FOR HTTP header), localhost:9003 (fallback through xdebug.client_host/xdebug.client_port) :-(
[15-Apr-2024 07:14:29 UTC] Xdebug: [Step Debug] Time-out connecting to debugging client, waited: 200 ms. Tried: ::1:9003 (from HTTP_X_FORWARDED_FOR HTTP header), localhost:9003 (fallback through xdebug.client_host/xdebug.client_port) :-(
[15-Apr-2024 07:14:29 UTC] Xdebug: [Step Debug] Time-out connecting to debugging client, waited: 200 ms. Tried: ::1:9003 (from HTTP_X_FORWARDED_FOR HTTP header), localhost:9003 (fallback through xdebug.client_host/xdebug.client_port) :-(
[15-Apr-2024 07:14:31 UTC] Xdebug: [Step Debug] Time-out connecting to debugging client, waited: 200 ms. Tried: ::1:9003 (from HTTP_X_FORWARDED_FOR HTTP header), localhost:9003 (fallback through xdebug.client_host/xdebug.client_port) :-(
[15-Apr-2024 07:14:31 UTC] Xdebug: [Step Debug] Time-out connecting to debugging client, waited: 200 ms. Tried: ::1:9003 (from HTTP_X_FORWARDED_FOR HTTP header), localhost:9003 (fallback through xdebug.client_host/xdebug.client_port) :-(
[15-Apr-2024 07:14:32 UTC] Xdebug: [Step Debug] Time-out connecting to debugging client, waited: 200 ms. Tried: ::1:9003 (from HTTP_X_FORWARDED_FOR HTTP header), localhost:9003 (fallback through xdebug.client_host/xdebug.client_port) :-(
[15-Apr-2024 07:14:32 UTC] Xdebug: [Step Debug] Time-out connecting to debugging client, waited: 200 ms. Tried: ::1:9003 (from HTTP_X_FORWARDED_FOR HTTP header), localhost:9003 (fallback through xdebug.client_host/xdebug.client_port) :-(
[15-Apr-2024 07:14:32 UTC] Xdebug: [Step Debug] Time-out connecting to debugging client, waited: 200 ms. Tried: ::1:9003 (from HTTP_X_FORWARDED_FOR HTTP header), localhost:9003 (fallback through xdebug.client_host/xdebug.client_port) :-(
[15-Apr-2024 07:14:32 UTC] Xdebug: [Step Debug] Time-out connecting to debugging client, waited: 200 ms. Tried: ::1:9003 (from HTTP_X_FORWARDED_FOR HTTP header), localhost:9003 (fallback through xdebug.client_host/xdebug.client_port) :-(
[15-Apr-2024 07:14:33 UTC] Xdebug: [Step Debug] Time-out connecting to debugging client, waited: 200 ms. Tried: ::1:9003 (from HTTP_X_FORWARDED_FOR HTTP header), localhost:9003 (fallback through xdebug.client_host/xdebug.client_port) :-(
[15-Apr-2024 07:14:33 UTC] Xdebug: [Step Debug] Time-out connecting to debugging client, waited: 200 ms. Tried: ::1:9003 (from HTTP_X_FORWARDED_FOR HTTP header), localhost:9003 (fallback through xdebug.client_host/xdebug.client_port) :-(
[15-Apr-2024 07:14:34 UTC] Xdebug: [Step Debug] Time-out connecting to debugging client, waited: 200 ms. Tried: ::1:9003 (from HTTP_X_FORWARDED_FOR HTTP header), localhost:9003 (fallback through xdebug.client_host/xdebug.client_port) :-(
[15-Apr-2024 07:14:34 UTC] Xdebug: [Step Debug] Time-out connecting to debugging client, waited: 200 ms. Tried: ::1:9003 (from HTTP_X_FORWARDED_FOR HTTP header), localhost:9003 (fallback through xdebug.client_host/xdebug.client_port) :-(
[15-Apr-2024 07:14:34 UTC] Xdebug: [Step Debug] Time-out connecting to debugging client, waited: 200 ms. Tried: ::1:9003 (from HTTP_X_FORWARDED_FOR HTTP header), localhost:9003 (fallback through xdebug.client_host/xdebug.client_port) :-(
[15-Apr-2024 07:14:34 UTC] Xdebug: [Step Debug] Time-out connecting to debugging client, waited: 200 ms. Tried: ::1:9003 (from HTTP_X_FORWARDED_FOR HTTP header), localhost:9003 (fallback through xdebug.client_host/xdebug.client_port) :-(
[15-Apr-2024 07:14:35 UTC] Xdebug: [Step Debug] Time-out connecting to debugging client, waited: 200 ms. Tried: ::1:9003 (from HTTP_X_FORWARDED_FOR HTTP header), localhost:9003 (fallback through xdebug.client_host/xdebug.client_port) :-(
[15-Apr-2024 07:14:36 UTC] Xdebug: [Step Debug] Time-out connecting to debugging client, waited: 200 ms. Tried: ::1:9003 (from HTTP_X_FORWARDED_FOR HTTP header), localhost:9003 (fallback through xdebug.client_host/xdebug.client_port) :-(
[15-Apr-2024 07:14:36 UTC] Xdebug: [Step Debug] Time-out connecting to debugging client, waited: 200 ms. Tried: ::1:9003 (from HTTP_X_FORWARDED_FOR HTTP header), localhost:9003 (fallback through xdebug.client_host/xdebug.client_port) :-(
[15-Apr-2024 07:14:37 UTC] Xdebug: [Step Debug] Time-out connecting to debugging client, waited: 200 ms. Tried: ::1:9003 (from HTTP_X_FORWARDED_FOR HTTP header), localhost:9003 (fallback through xdebug.client_host/xdebug.client_port) :-(
[15-Apr-2024 07:14:38 UTC] Xdebug: [Step Debug] Time-out connecting to debugging client, waited: 200 ms. Tried: ::1:9003 (from HTTP_X_FORWARDED_FOR HTTP header), localhost:9003 (fallback through xdebug.client_host/xdebug.client_port) :-(
[15-Apr-2024 07:14:38 UTC] Xdebug: [Step Debug] Time-out connecting to debugging client, waited: 200 ms. Tried: ::1:9003 (from HTTP_X_FORWARDED_FOR HTTP header), localhost:9003 (fallback through xdebug.client_host/xdebug.client_port) :-(
[15-Apr-2024 07:14:39 UTC] Xdebug: [Step Debug] Time-out connecting to debugging client, waited: 200 ms. Tried: ::1:9003 (from HTTP_X_FORWARDED_FOR HTTP header), localhost:9003 (fallback through xdebug.client_host/xdebug.client_port) :-(
[15-Apr-2024 07:14:40 UTC] Xdebug: [Step Debug] Time-out connecting to debugging client, waited: 200 ms. Tried: ::1:9003 (from HTTP_X_FORWARDED_FOR HTTP header), localhost:9003 (fallback through xdebug.client_host/xdebug.client_port) :-(
[15-Apr-2024 07:14:40 UTC] Xdebug: [Step Debug] Time-out connecting to debugging client, waited: 200 ms. Tried: ::1:9003 (from HTTP_X_FORWARDED_FOR HTTP header), localhost:9003 (fallback through xdebug.client_host/xdebug.client_port) :-(
[15-Apr-2024 07:14:40 UTC] Xdebug: [Step Debug] Time-out connecting to debugging client, waited: 200 ms. Tried: ::1:9003 (from HTTP_X_FORWARDED_FOR HTTP header), localhost:9003 (fallback through xdebug.client_host/xdebug.client_port) :-(
[15-Apr-2024 07:14:41 UTC] Xdebug: [Step Debug] Time-out connecting to debugging client, waited: 200 ms. Tried: ::1:9003 (from HTTP_X_FORWARDED_FOR HTTP header), localhost:9003 (fallback through xdebug.client_host/xdebug.client_port) :-(
[15-Apr-2024 07:14:41 UTC] Xdebug: [Step Debug] Time-out connecting to debugging client, waited: 200 ms. Tried: ::1:9003 (from HTTP_X_FORWARDED_FOR HTTP header), localhost:9003 (fallback through xdebug.client_host/xdebug.client_port) :-(
[15-Apr-2024 07:14:41 UTC] Xdebug: [Step Debug] Time-out connecting to debugging client, waited: 200 ms. Tried: ::1:9003 (from HTTP_X_FORWARDED_FOR HTTP header), localhost:9003 (fallback through xdebug.client_host/xdebug.client_port) :-(
[15-Apr-2024 07:14:41 UTC] Xdebug: [Step Debug] Time-out connecting to debugging client, waited: 200 ms. Tried: ::1:9003 (from HTTP_X_FORWARDED_FOR HTTP header), localhost:9003 (fallback through xdebug.client_host/xdebug.client_port) :-(
[15-Apr-2024 07:14:42 UTC] Xdebug: [Step Debug] Time-out connecting to debugging client, waited: 200 ms. Tried: ::1:9003 (from HTTP_X_FORWARDED_FOR HTTP header), localhost:9003 (fallback through xdebug.client_host/xdebug.client_port) :-(
[15-Apr-2024 07:14:42 UTC] Xdebug: [Step Debug] Time-out connecting to debugging client, waited: 200 ms. Tried: ::1:9003 (from HTTP_X_FORWARDED_FOR HTTP header), localhost:9003 (fallback through xdebug.client_host/xdebug.client_port) :-(
[15-Apr-2024 07:14:43 UTC] Xdebug: [Step Debug] Time-out connecting to debugging client, waited: 200 ms. Tried: ::1:9003 (from HTTP_X_FORWARDED_FOR HTTP header), localhost:9003 (fallback through xdebug.client_host/xdebug.client_port) :-(
[15-Apr-2024 07:14:43 UTC] Xdebug: [Step Debug] Time-out connecting to debugging client, waited: 200 ms. Tried: ::1:9003 (from HTTP_X_FORWARDED_FOR HTTP header), localhost:9003 (fallback through xdebug.client_host/xdebug.client_port) :-(
[15-Apr-2024 07:14:43 UTC] Xdebug: [Step Debug] Time-out connecting to debugging client, waited: 200 ms. Tried: ::1:9003 (from HTTP_X_FORWARDED_FOR HTTP header), localhost:9003 (fallback through xdebug.client_host/xdebug.client_port) :-(
[15-Apr-2024 07:14:43 UTC] Xdebug: [Step Debug] Time-out connecting to debugging client, waited: 200 ms. Tried: ::1:9003 (from HTTP_X_FORWARDED_FOR HTTP header), localhost:9003 (fallback through xdebug.client_host/xdebug.client_port) :-(
[15-Apr-2024 07:14:44 UTC] Xdebug: [Step Debug] Time-out connecting to debugging client, waited: 200 ms. Tried: ::1:9003 (from HTTP_X_FORWARDED_FOR HTTP header), localhost:9003 (fallback through xdebug.client_host/xdebug.client_port) :-(
[15-Apr-2024 07:14:44 UTC] Xdebug: [Step Debug] Time-out connecting to debugging client, waited: 200 ms. Tried: ::1:9003 (from HTTP_X_FORWARDED_FOR HTTP header), localhost:9003 (fallback through xdebug.client_host/xdebug.client_port) :-(
[15-Apr-2024 07:14:45 UTC] Xdebug: [Step Debug] Time-out connecting to debugging client, waited: 200 ms. Tried: ::1:9003 (from HTTP_X_FORWARDED_FOR HTTP header), localhost:9003 (fallback through xdebug.client_host/xdebug.client_port) :-(
[15-Apr-2024 07:14:45 UTC] Xdebug: [Step Debug] Time-out connecting to debugging client, waited: 200 ms. Tried: ::1:9003 (from HTTP_X_FORWARDED_FOR HTTP header), localhost:9003 (fallback through xdebug.client_host/xdebug.client_port) :-(
[15-Apr-2024 07:14:45 UTC] Xdebug: [Step Debug] Time-out connecting to debugging client, waited: 200 ms. Tried: ::1:9003 (from HTTP_X_FORWARDED_FOR HTTP header), localhost:9003 (fallback through xdebug.client_host/xdebug.client_port) :-(
[15-Apr-2024 07:14:45 UTC] Xdebug: [Step Debug] Time-out connecting to debugging client, waited: 200 ms. Tried: ::1:9003 (from HTTP_X_FORWARDED_FOR HTTP header), localhost:9003 (fallback through xdebug.client_host/xdebug.client_port) :-(
[15-Apr-2024 07:14:46 UTC] Xdebug: [Step Debug] Time-out connecting to debugging client, waited: 200 ms. Tried: ::1:9003 (from HTTP_X_FORWARDED_FOR HTTP header), localhost:9003 (fallback through xdebug.client_host/xdebug.client_port) :-(
[15-Apr-2024 07:14:46 UTC] Xdebug: [Step Debug] Time-out connecting to debugging client, waited: 200 ms. Tried: ::1:9003 (from HTTP_X_FORWARDED_FOR HTTP header), localhost:9003 (fallback through xdebug.client_host/xdebug.client_port) :-(
[15-Apr-2024 07:14:46 UTC] Xdebug: [Step Debug] Time-out connecting to debugging client, waited: 200 ms. Tried: ::1:9003 (from HTTP_X_FORWARDED_FOR HTTP header), localhost:9003 (fallback through xdebug.client_host/xdebug.client_port) :-(
[15-Apr-2024 07:14:47 UTC] Xdebug: [Step Debug] Time-out connecting to debugging client, waited: 200 ms. Tried: ::1:9003 (from HTTP_X_FORWARDED_FOR HTTP header), localhost:9003 (fallback through xdebug.client_host/xdebug.client_port) :-(
[15-Apr-2024 07:14:47 UTC] Xdebug: [Step Debug] Time-out connecting to debugging client, waited: 200 ms. Tried: ::1:9003 (from HTTP_X_FORWARDED_FOR HTTP header), localhost:9003 (fallback through xdebug.client_host/xdebug.client_port) :-(
[15-Apr-2024 07:14:47 UTC] Xdebug: [Step Debug] Time-out connecting to debugging client, waited: 200 ms. Tried: ::1:9003 (from HTTP_X_FORWARDED_FOR HTTP header), localhost:9003 (fallback through xdebug.client_host/xdebug.client_port) :-(
[15-Apr-2024 07:14:48 UTC] Xdebug: [Step Debug] Time-out connecting to debugging client, waited: 200 ms. Tried: ::1:9003 (from HTTP_X_FORWARDED_FOR HTTP header), localhost:9003 (fallback through xdebug.client_host/xdebug.client_port) :-(
[15-Apr-2024 07:14:48 UTC] Xdebug: [Step Debug] Time-out connecting to debugging client, waited: 200 ms. Tried: ::1:9003 (from HTTP_X_FORWARDED_FOR HTTP header), localhost:9003 (fallback through xdebug.client_host/xdebug.client_port) :-(
[15-Apr-2024 07:14:48 UTC] Xdebug: [Step Debug] Time-out connecting to debugging client, waited: 200 ms. Tried: ::1:9003 (from HTTP_X_FORWARDED_FOR HTTP header), localhost:9003 (fallback through xdebug.client_host/xdebug.client_port) :-(
[15-Apr-2024 07:14:48 UTC] Xdebug: [Step Debug] Time-out connecting to debugging client, waited: 200 ms. Tried: ::1:9003 (from HTTP_X_FORWARDED_FOR HTTP header), localhost:9003 (fallback through xdebug.client_host/xdebug.client_port) :-(
[15-Apr-2024 07:14:49 UTC] Xdebug: [Step Debug] Time-out connecting to debugging client, waited: 200 ms. Tried: ::1:9003 (from HTTP_X_FORWARDED_FOR HTTP header), localhost:9003 (fallback through xdebug.client_host/xdebug.client_port) :-(
[15-Apr-2024 07:14:49 UTC] Xdebug: [Step Debug] Time-out connecting to debugging client, waited: 200 ms. Tried: ::1:9003 (from HTTP_X_FORWARDED_FOR HTTP header), localhost:9003 (fallback through xdebug.client_host/xdebug.client_port) :-(
[15-Apr-2024 07:14:50 UTC] Xdebug: [Step Debug] Time-out connecting to debugging client, waited: 200 ms. Tried: ::1:9003 (from HTTP_X_FORWARDED_FOR HTTP header), localhost:9003 (fallback through xdebug.client_host/xdebug.client_port) :-(
[15-Apr-2024 07:14:50 UTC] Xdebug: [Step Debug] Time-out connecting to debugging client, waited: 200 ms. Tried: ::1:9003 (from HTTP_X_FORWARDED_FOR HTTP header), localhost:9003 (fallback through xdebug.client_host/xdebug.client_port) :-(
[15-Apr-2024 07:14:50 UTC] Xdebug: [Step Debug] Time-out connecting to debugging client, waited: 200 ms. Tried: ::1:9003 (from HTTP_X_FORWARDED_FOR HTTP header), localhost:9003 (fallback through xdebug.client_host/xdebug.client_port) :-(
[15-Apr-2024 07:14:50 UTC] Xdebug: [Step Debug] Time-out connecting to debugging client, waited: 200 ms. Tried: ::1:9003 (from HTTP_X_FORWARDED_FOR HTTP header), localhost:9003 (fallback through xdebug.client_host/xdebug.client_port) :-(
[15-Apr-2024 07:14:51 UTC] Xdebug: [Step Debug] Time-out connecting to debugging client, waited: 200 ms. Tried: ::1:9003 (from HTTP_X_FORWARDED_FOR HTTP header), localhost:9003 (fallback through xdebug.client_host/xdebug.client_port) :-(
[15-Apr-2024 07:14:51 UTC] Xdebug: [Step Debug] Time-out connecting to debugging client, waited: 200 ms. Tried: ::1:9003 (from HTTP_X_FORWARDED_FOR HTTP header), localhost:9003 (fallback through xdebug.client_host/xdebug.client_port) :-(
[15-Apr-2024 07:14:52 UTC] Xdebug: [Step Debug] Time-out connecting to debugging client, waited: 200 ms. Tried: ::1:9003 (from HTTP_X_FORWARDED_FOR HTTP header), localhost:9003 (fallback through xdebug.client_host/xdebug.client_port) :-(
[15-Apr-2024 07:14:52 UTC] Xdebug: [Step Debug] Time-out connecting to debugging client, waited: 200 ms. Tried: ::1:9003 (from HTTP_X_FORWARDED_FOR HTTP header), localhost:9003 (fallback through xdebug.client_host/xdebug.client_port) :-(
[15-Apr-2024 07:14:52 UTC] Xdebug: [Step Debug] Time-out connecting to debugging client, waited: 200 ms. Tried: ::1:9003 (from HTTP_X_FORWARDED_FOR HTTP header), localhost:9003 (fallback through xdebug.client_host/xdebug.client_port) :-(
[15-Apr-2024 07:14:52 UTC] Xdebug: [Step Debug] Time-out connecting to debugging client, waited: 200 ms. Tried: ::1:9003 (from HTTP_X_FORWARDED_FOR HTTP header), localhost:9003 (fallback through xdebug.client_host/xdebug.client_port) :-(
[15-Apr-2024 07:14:53 UTC] Xdebug: [Step Debug] Time-out connecting to debugging client, waited: 200 ms. Tried: ::1:9003 (from HTTP_X_FORWARDED_FOR HTTP header), localhost:9003 (fallback through xdebug.client_host/xdebug.client_port) :-(
[15-Apr-2024 07:14:53 UTC] Xdebug: [Step Debug] Time-out connecting to debugging client, waited: 200 ms. Tried: ::1:9003 (from HTTP_X_FORWARDED_FOR HTTP header), localhost:9003 (fallback through xdebug.client_host/xdebug.client_port) :-(
[15-Apr-2024 07:14:53 UTC] Xdebug: [Step Debug] Time-out connecting to debugging client, waited: 200 ms. Tried: ::1:9003 (from HTTP_X_FORWARDED_FOR HTTP header), localhost:9003 (fallback through xdebug.client_host/xdebug.client_port) :-(
[15-Apr-2024 07:14:53 UTC] Xdebug: [Step Debug] Time-out connecting to debugging client, waited: 200 ms. Tried: ::1:9003 (from HTTP_X_FORWARDED_FOR HTTP header), localhost:9003 (fallback through xdebug.client_host/xdebug.client_port) :-(
[15-Apr-2024 07:14:54 UTC] Xdebug: [Step Debug] Time-out connecting to debugging client, waited: 200 ms. Tried: ::1:9003 (from HTTP_X_FORWARDED_FOR HTTP header), localhost:9003 (fallback through xdebug.client_host/xdebug.client_port) :-(
[15-Apr-2024 07:14:54 UTC] Xdebug: [Step Debug] Time-out connecting to debugging client, waited: 200 ms. Tried: ::1:9003 (from HTTP_X_FORWARDED_FOR HTTP header), localhost:9003 (fallback through xdebug.client_host/xdebug.client_port) :-(
[15-Apr-2024 07:14:55 UTC] Xdebug: [Step Debug] Time-out connecting to debugging client, waited: 200 ms. Tried: ::1:9003 (from HTTP_X_FORWARDED_FOR HTTP header), localhost:9003 (fallback through xdebug.client_host/xdebug.client_port) :-(
[15-Apr-2024 07:14:55 UTC] Xdebug: [Step Debug] Time-out connecting to debugging client, waited: 200 ms. Tried: ::1:9003 (from HTTP_X_FORWARDED_FOR HTTP header), localhost:9003 (fallback through xdebug.client_host/xdebug.client_port) :-(
[15-Apr-2024 07:14:55 UTC] Xdebug: [Step Debug] Time-out connecting to debugging client, waited: 200 ms. Tried: ::1:9003 (from HTTP_X_FORWARDED_FOR HTTP header), localhost:9003 (fallback through xdebug.client_host/xdebug.client_port) :-(
[15-Apr-2024 07:14:56 UTC] Xdebug: [Step Debug] Time-out connecting to debugging client, waited: 200 ms. Tried: ::1:9003 (from HTTP_X_FORWARDED_FOR HTTP header), localhost:9003 (fallback through xdebug.client_host/xdebug.client_port) :-(
[15-Apr-2024 07:14:56 UTC] Xdebug: [Step Debug] Time-out connecting to debugging client, waited: 200 ms. Tried: ::1:9003 (from HTTP_X_FORWARDED_FOR HTTP header), localhost:9003 (fallback through xdebug.client_host/xdebug.client_port) :-(
[15-Apr-2024 07:14:56 UTC] Xdebug: [Step Debug] Time-out connecting to debugging client, waited: 200 ms. Tried: ::1:9003 (from HTTP_X_FORWARDED_FOR HTTP header), localhost:9003 (fallback through xdebug.client_host/xdebug.client_port) :-(
[15-Apr-2024 07:14:57 UTC] Xdebug: [Step Debug] Time-out connecting to debugging client, waited: 200 ms. Tried: ::1:9003 (from HTTP_X_FORWARDED_FOR HTTP header), localhost:9003 (fallback through xdebug.client_host/xdebug.client_port) :-(
[15-Apr-2024 07:14:57 UTC] Xdebug: [Step Debug] Time-out connecting to debugging client, waited: 200 ms. Tried: ::1:9003 (from HTTP_X_FORWARDED_FOR HTTP header), localhost:9003 (fallback through xdebug.client_host/xdebug.client_port) :-(
[15-Apr-2024 07:14:57 UTC] Xdebug: [Step Debug] Time-out connecting to debugging client, waited: 200 ms. Tried: ::1:9003 (from HTTP_X_FORWARDED_FOR HTTP header), localhost:9003 (fallback through xdebug.client_host/xdebug.client_port) :-(
[15-Apr-2024 07:14:57 UTC] Xdebug: [Step Debug] Time-out connecting to debugging client, waited: 200 ms. Tried: ::1:9003 (from HTTP_X_FORWARDED_FOR HTTP header), localhost:9003 (fallback through xdebug.client_host/xdebug.client_port) :-(
[15-Apr-2024 07:14:58 UTC] Xdebug: [Step Debug] Time-out connecting to debugging client, waited: 200 ms. Tried: ::1:9003 (from HTTP_X_FORWARDED_FOR HTTP header), localhost:9003 (fallback through xdebug.client_host/xdebug.client_port) :-(
[15-Apr-2024 07:14:58 UTC] Xdebug: [Step Debug] Time-out connecting to debugging client, waited: 200 ms. Tried: ::1:9003 (from HTTP_X_FORWARDED_FOR HTTP header), localhost:9003 (fallback through xdebug.client_host/xdebug.client_port) :-(
[15-Apr-2024 07:14:59 UTC] Xdebug: [Step Debug] Time-out connecting to debugging client, waited: 200 ms. Tried: ::1:9003 (from HTTP_X_FORWARDED_FOR HTTP header), localhost:9003 (fallback through xdebug.client_host/xdebug.client_port) :-(
[15-Apr-2024 07:15:00 UTC] Xdebug: [Step Debug] Time-out connecting to debugging client, waited: 200 ms. Tried: ::1:9003 (from HTTP_X_FORWARDED_FOR HTTP header), localhost:9003 (fallback through xdebug.client_host/xdebug.client_port) :-(
[15-Apr-2024 07:15:00 UTC] Xdebug: [Step Debug] Time-out connecting to debugging client, waited: 200 ms. Tried: ::1:9003 (from HTTP_X_FORWARDED_FOR HTTP header), localhost:9003 (fallback through xdebug.client_host/xdebug.client_port) :-(
[15-Apr-2024 07:15:01 UTC] Xdebug: [Step Debug] Time-out connecting to debugging client, waited: 200 ms. Tried: ::1:9003 (from HTTP_X_FORWARDED_FOR HTTP header), localhost:9003 (fallback through xdebug.client_host/xdebug.client_port) :-(
[15-Apr-2024 07:15:02 UTC] Xdebug: [Step Debug] Time-out connecting to debugging client, waited: 200 ms. Tried: ::1:9003 (from HTTP_X_FORWARDED_FOR HTTP header), localhost:9003 (fallback through xdebug.client_host/xdebug.client_port) :-(
[15-Apr-2024 07:15:02 UTC] Xdebug: [Step Debug] Time-out connecting to debugging client, waited: 200 ms. Tried: ::1:9003 (from HTTP_X_FORWARDED_FOR HTTP header), localhost:9003 (fallback through xdebug.client_host/xdebug.client_port) :-(
[15-Apr-2024 07:15:03 UTC] Xdebug: [Step Debug] Time-out connecting to debugging client, waited: 200 ms. Tried: ::1:9003 (from HTTP_X_FORWARDED_FOR HTTP header), localhost:9003 (fallback through xdebug.client_host/xdebug.client_port) :-(
[15-Apr-2024 07:15:04 UTC] Xdebug: [Step Debug] Time-out connecting to debugging client, waited: 200 ms. Tried: ::1:9003 (from HTTP_X_FORWARDED_FOR HTTP header), localhost:9003 (fallback through xdebug.client_host/xdebug.client_port) :-(
[15-Apr-2024 07:15:04 UTC] Xdebug: [Step Debug] Time-out connecting to debugging client, waited: 200 ms. Tried: ::1:9003 (from HTTP_X_FORWARDED_FOR HTTP header), localhost:9003 (fallback through xdebug.client_host/xdebug.client_port) :-(
[15-Apr-2024 07:15:05 UTC] Xdebug: [Step Debug] Time-out connecting to debugging client, waited: 200 ms. Tried: ::1:9003 (from HTTP_X_FORWARDED_FOR HTTP header), localhost:9003 (fallback through xdebug.client_host/xdebug.client_port) :-(
[15-Apr-2024 07:15:06 UTC] Xdebug: [Step Debug] Time-out connecting to debugging client, waited: 200 ms. Tried: ::1:9003 (from HTTP_X_FORWARDED_FOR HTTP header), localhost:9003 (fallback through xdebug.client_host/xdebug.client_port) :-(
[15-Apr-2024 07:15:06 UTC] Xdebug: [Step Debug] Time-out connecting to debugging client, waited: 200 ms. Tried: ::1:9003 (from HTTP_X_FORWARDED_FOR HTTP header), localhost:9003 (fallback through xdebug.client_host/xdebug.client_port) :-(
[15-Apr-2024 07:15:07 UTC] Xdebug: [Step Debug] Time-out connecting to debugging client, waited: 200 ms. Tried: ::1:9003 (from HTTP_X_FORWARDED_FOR HTTP header), localhost:9003 (fallback through xdebug.client_host/xdebug.client_port) :-(
[15-Apr-2024 07:15:08 UTC] Xdebug: [Step Debug] Time-out connecting to debugging client, waited: 200 ms. Tried: ::1:9003 (from HTTP_X_FORWARDED_FOR HTTP header), localhost:9003 (fallback through xdebug.client_host/xdebug.client_port) :-(
[15-Apr-2024 07:15:08 UTC] Xdebug: [Step Debug] Time-out connecting to debugging client, waited: 200 ms. Tried: ::1:9003 (from HTTP_X_FORWARDED_FOR HTTP header), localhost:9003 (fallback through xdebug.client_host/xdebug.client_port) :-(
[15-Apr-2024 07:15:09 UTC] Xdebug: [Step Debug] Time-out connecting to debugging client, waited: 200 ms. Tried: ::1:9003 (from HTTP_X_FORWARDED_FOR HTTP header), localhost:9003 (fallback through xdebug.client_host/xdebug.client_port) :-(
[15-Apr-2024 07:15:09 UTC] Xdebug: [Step Debug] Time-out connecting to debugging client, waited: 200 ms. Tried: ::1:9003 (from HTTP_X_FORWARDED_FOR HTTP header), localhost:9003 (fallback through xdebug.client_host/xdebug.client_port) :-(
[15-Apr-2024 07:15:10 UTC] Xdebug: [Step Debug] Time-out connecting to debugging client, waited: 200 ms. Tried: ::1:9003 (from HTTP_X_FORWARDED_FOR HTTP header), localhost:9003 (fallback through xdebug.client_host/xdebug.client_port) :-(
[15-Apr-2024 07:15:11 UTC] Xdebug: [Step Debug] Time-out connecting to debugging client, waited: 200 ms. Tried: ::1:9003 (from HTTP_X_FORWARDED_FOR HTTP header), localhost:9003 (fallback through xdebug.client_host/xdebug.client_port) :-(
[15-Apr-2024 07:15:11 UTC] Xdebug: [Step Debug] Time-out connecting to debugging client, waited: 200 ms. Tried: ::1:9003 (from HTTP_X_FORWARDED_FOR HTTP header), localhost:9003 (fallback through xdebug.client_host/xdebug.client_port) :-(
[15-Apr-2024 07:15:12 UTC] Xdebug: [Step Debug] Time-out connecting to debugging client, waited: 200 ms. Tried: ::1:9003 (from HTTP_X_FORWARDED_FOR HTTP header), localhost:9003 (fallback through xdebug.client_host/xdebug.client_port) :-(
[15-Apr-2024 07:15:13 UTC] Xdebug: [Step Debug] Time-out connecting to debugging client, waited: 200 ms. Tried: ::1:9003 (from HTTP_X_FORWARDED_FOR HTTP header), localhost:9003 (fallback through xdebug.client_host/xdebug.client_port) :-(
[15-Apr-2024 07:15:13 UTC] Xdebug: [Step Debug] Time-out connecting to debugging client, waited: 200 ms. Tried: ::1:9003 (from HTTP_X_FORWARDED_FOR HTTP header), localhost:9003 (fallback through xdebug.client_host/xdebug.client_port) :-(
[15-Apr-2024 07:15:14 UTC] Xdebug: [Step Debug] Time-out connecting to debugging client, waited: 200 ms. Tried: ::1:9003 (from HTTP_X_FORWARDED_FOR HTTP header), localhost:9003 (fallback through xdebug.client_host/xdebug.client_port) :-(
[15-Apr-2024 07:15:15 UTC] Xdebug: [Step Debug] Time-out connecting to debugging client, waited: 200 ms. Tried: ::1:9003 (from HTTP_X_FORWARDED_FOR HTTP header), localhost:9003 (fallback through xdebug.client_host/xdebug.client_port) :-(
[15-Apr-2024 07:15:15 UTC] Xdebug: [Step Debug] Time-out connecting to debugging client, waited: 200 ms. Tried: ::1:9003 (from HTTP_X_FORWARDED_FOR HTTP header), localhost:9003 (fallback through xdebug.client_host/xdebug.client_port) :-(
[15-Apr-2024 07:15:16 UTC] Xdebug: [Step Debug] Time-out connecting to debugging client, waited: 200 ms. Tried: ::1:9003 (from HTTP_X_FORWARDED_FOR HTTP header), localhost:9003 (fallback through xdebug.client_host/xdebug.client_port) :-(
[15-Apr-2024 07:15:16 UTC] Xdebug: [Step Debug] Time-out connecting to debugging client, waited: 200 ms. Tried: ::1:9003 (from HTTP_X_FORWARDED_FOR HTTP header), localhost:9003 (fallback through xdebug.client_host/xdebug.client_port) :-(
[15-Apr-2024 07:15:29 UTC] Xdebug: [Step Debug] Time-out connecting to debugging client, waited: 200 ms. Tried: ::1:9003 (from HTTP_X_FORWARDED_FOR HTTP header), localhost:9003 (fallback through xdebug.client_host/xdebug.client_port) :-(
[15-Apr-2024 07:15:30 UTC] Xdebug: [Step Debug] Time-out connecting to debugging client, waited: 200 ms. Tried: ::1:9003 (from HTTP_X_FORWARDED_FOR HTTP header), localhost:9003 (fallback through xdebug.client_host/xdebug.client_port) :-(
[15-Apr-2024 07:15:31 UTC] Xdebug: [Step Debug] Time-out connecting to debugging client, waited: 200 ms. Tried: ::1:9003 (from HTTP_X_FORWARDED_FOR HTTP header), localhost:9003 (fallback through xdebug.client_host/xdebug.client_port) :-(
[15-Apr-2024 07:15:31 UTC] Xdebug: [Step Debug] Time-out connecting to debugging client, waited: 200 ms. Tried: ::1:9003 (from HTTP_X_FORWARDED_FOR HTTP header), localhost:9003 (fallback through xdebug.client_host/xdebug.client_port) :-(
[15-Apr-2024 07:15:32 UTC] Xdebug: [Step Debug] Time-out connecting to debugging client, waited: 200 ms. Tried: ::1:9003 (from HTTP_X_FORWARDED_FOR HTTP header), localhost:9003 (fallback through xdebug.client_host/xdebug.client_port) :-(
[15-Apr-2024 07:15:33 UTC] Xdebug: [Step Debug] Time-out connecting to debugging client, waited: 200 ms. Tried: ::1:9003 (from HTTP_X_FORWARDED_FOR HTTP header), localhost:9003 (fallback through xdebug.client_host/xdebug.client_port) :-(
[15-Apr-2024 07:16:03 UTC] Xdebug: [Step Debug] Time-out connecting to debugging client, waited: 200 ms. Tried: ::1:9003 (from HTTP_X_FORWARDED_FOR HTTP header), localhost:9003 (fallback through xdebug.client_host/xdebug.client_port) :-(
[15-Apr-2024 07:16:04 UTC] Xdebug: [Step Debug] Time-out connecting to debugging client, waited: 200 ms. Tried: ::1:9003 (from HTTP_X_FORWARDED_FOR HTTP header), localhost:9003 (fallback through xdebug.client_host/xdebug.client_port) :-(
[15-Apr-2024 07:16:06 UTC] PHP Warning:  copy(C:/Users/Shekhani Laptops/Local Sites/afaq-waheed-portfolio/home/index.html): Failed to open stream: No such file or directory in C:\Users\Shekhani Laptops\Local Sites\afaq-waheed-portfolio\app\public\wp-content\plugins\simply-static\src\tasks\class-ss-transfer-files-locally-task.php on line 94
[15-Apr-2024 07:16:06 UTC] PHP Stack trace:
[15-Apr-2024 07:16:06 UTC] PHP   1. {main}() C:\Users\Shekhani Laptops\Local Sites\afaq-waheed-portfolio\app\public\wp-admin\admin-ajax.php:0
[15-Apr-2024 07:16:06 UTC] PHP   2. do_action($hook_name = 'wp_ajax_nopriv_wp_archive_creation_job') C:\Users\Shekhani Laptops\Local Sites\afaq-waheed-portfolio\app\public\wp-admin\admin-ajax.php:207
[15-Apr-2024 07:16:06 UTC] PHP   3. WP_Hook->do_action($args = [0 => '']) C:\Users\Shekhani Laptops\Local Sites\afaq-waheed-portfolio\app\public\wp-includes\plugin.php:517
[15-Apr-2024 07:16:06 UTC] PHP   4. WP_Hook->apply_filters($value = '', $args = [0 => '']) C:\Users\Shekhani Laptops\Local Sites\afaq-waheed-portfolio\app\public\wp-includes\class-wp-hook.php:348
[15-Apr-2024 07:16:06 UTC] PHP   5. WP_Background_Process->maybe_handle('') C:\Users\Shekhani Laptops\Local Sites\afaq-waheed-portfolio\app\public\wp-includes\class-wp-hook.php:324
[15-Apr-2024 07:16:06 UTC] PHP   6. WP_Background_Process->handle() C:\Users\Shekhani Laptops\Local Sites\afaq-waheed-portfolio\app\public\wp-content\plugins\simply-static\vendor\a5hleyrich\wp-background-processing\classes\wp-background-process.php:333
[15-Apr-2024 07:16:06 UTC] PHP   7. Simply_Static\Archive_Creation_Job->task($task_name = 'transfer_files_locally') C:\Users\Shekhani Laptops\Local Sites\afaq-waheed-portfolio\app\public\wp-content\plugins\simply-static\vendor\a5hleyrich\wp-background-processing\classes\wp-background-process.php:516
[15-Apr-2024 07:16:06 UTC] PHP   8. Simply_Static\Transfer_Files_Locally_Task->perform() C:\Users\Shekhani Laptops\Local Sites\afaq-waheed-portfolio\app\public\wp-content\plugins\simply-static\src\class-ss-archive-creation-job.php:150
[15-Apr-2024 07:16:06 UTC] PHP   9. Simply_Static\Transfer_Files_Locally_Task->copy_static_files($destination_dir = 'C:\\Users\\Shekhani Laptops\\Local Sites\\afaq-waheed-portfolio') C:\Users\Shekhani Laptops\Local Sites\afaq-waheed-portfolio\app\public\wp-content\plugins\simply-static\src\tasks\class-ss-transfer-files-locally-task.php:28
[15-Apr-2024 07:16:06 UTC] PHP  10. copy($from = 'C:/Users/Shekhani Laptops/Local Sites/afaq-waheed-portfolio/app/public/wp-content/uploads/simply-static/temp-files/simply-static-1-1713164369/home/index.html', $to = 'C:/Users/Shekhani Laptops/Local Sites/afaq-waheed-portfolio/home/index.html') C:\Users\Shekhani Laptops\Local Sites\afaq-waheed-portfolio\app\public\wp-content\plugins\simply-static\src\tasks\class-ss-transfer-files-locally-task.php:94
[15-Apr-2024 07:16:07 UTC] PHP Warning:  copy(C:/Users/Shekhani Laptops/Local Sites/afaq-waheed-portfolio/wp-json/wp/v2/pages/30/index.html): Failed to open stream: No such file or directory in C:\Users\Shekhani Laptops\Local Sites\afaq-waheed-portfolio\app\public\wp-content\plugins\simply-static\src\tasks\class-ss-transfer-files-locally-task.php on line 94
[15-Apr-2024 07:16:07 UTC] PHP Stack trace:
[15-Apr-2024 07:16:07 UTC] PHP   1. {main}() C:\Users\Shekhani Laptops\Local Sites\afaq-waheed-portfolio\app\public\wp-admin\admin-ajax.php:0
[15-Apr-2024 07:16:07 UTC] PHP   2. do_action($hook_name = 'wp_ajax_nopriv_wp_archive_creation_job') C:\Users\Shekhani Laptops\Local Sites\afaq-waheed-portfolio\app\public\wp-admin\admin-ajax.php:207
[15-Apr-2024 07:16:07 UTC] PHP   3. WP_Hook->do_action($args = [0 => '']) C:\Users\Shekhani Laptops\Local Sites\afaq-waheed-portfolio\app\public\wp-includes\plugin.php:517
[15-Apr-2024 07:16:07 UTC] PHP   4. WP_Hook->apply_filters($value = '', $args = [0 => '']) C:\Users\Shekhani Laptops\Local Sites\afaq-waheed-portfolio\app\public\wp-includes\class-wp-hook.php:348
[15-Apr-2024 07:16:07 UTC] PHP   5. WP_Background_Process->maybe_handle('') C:\Users\Shekhani Laptops\Local Sites\afaq-waheed-portfolio\app\public\wp-includes\class-wp-hook.php:324
[15-Apr-2024 07:16:07 UTC] PHP   6. WP_Background_Process->handle() C:\Users\Shekhani Laptops\Local Sites\afaq-waheed-portfolio\app\public\wp-content\plugins\simply-static\vendor\a5hleyrich\wp-background-processing\classes\wp-background-process.php:333
[15-Apr-2024 07:16:07 UTC] PHP   7. Simply_Static\Archive_Creation_Job->task($task_name = 'transfer_files_locally') C:\Users\Shekhani Laptops\Local Sites\afaq-waheed-portfolio\app\public\wp-content\plugins\simply-static\vendor\a5hleyrich\wp-background-processing\classes\wp-background-process.php:516
[15-Apr-2024 07:16:07 UTC] PHP   8. Simply_Static\Transfer_Files_Locally_Task->perform() C:\Users\Shekhani Laptops\Local Sites\afaq-waheed-portfolio\app\public\wp-content\plugins\simply-static\src\class-ss-archive-creation-job.php:150
[15-Apr-2024 07:16:07 UTC] PHP   9. Simply_Static\Transfer_Files_Locally_Task->copy_static_files($destination_dir = 'C:\\Users\\Shekhani Laptops\\Local Sites\\afaq-waheed-portfolio') C:\Users\Shekhani Laptops\Local Sites\afaq-waheed-portfolio\app\public\wp-content\plugins\simply-static\src\tasks\class-ss-transfer-files-locally-task.php:28
[15-Apr-2024 07:16:07 UTC] PHP  10. copy($from = 'C:/Users/Shekhani Laptops/Local Sites/afaq-waheed-portfolio/app/public/wp-content/uploads/simply-static/temp-files/simply-static-1-1713164369/wp-json/wp/v2/pages/30/index.html', $to = 'C:/Users/Shekhani Laptops/Local Sites/afaq-waheed-portfolio/wp-json/wp/v2/pages/30/index.html') C:\Users\Shekhani Laptops\Local Sites\afaq-waheed-portfolio\app\public\wp-content\plugins\simply-static\src\tasks\class-ss-transfer-files-locally-task.php:94
[15-Apr-2024 07:16:07 UTC] PHP Warning:  copy(C:/Users/Shekhani Laptops/Local Sites/afaq-waheed-portfolio/wp-json/wp/v2/pages/253/index.html): Failed to open stream: No such file or directory in C:\Users\Shekhani Laptops\Local Sites\afaq-waheed-portfolio\app\public\wp-content\plugins\simply-static\src\tasks\class-ss-transfer-files-locally-task.php on line 94
[15-Apr-2024 07:16:07 UTC] PHP Stack trace:
[15-Apr-2024 07:16:07 UTC] PHP   1. {main}() C:\Users\Shekhani Laptops\Local Sites\afaq-waheed-portfolio\app\public\wp-admin\admin-ajax.php:0
[15-Apr-2024 07:16:07 UTC] PHP   2. do_action($hook_name = 'wp_ajax_nopriv_wp_archive_creation_job') C:\Users\Shekhani Laptops\Local Sites\afaq-waheed-portfolio\app\public\wp-admin\admin-ajax.php:207
[15-Apr-2024 07:16:07 UTC] PHP   3. WP_Hook->do_action($args = [0 => '']) C:\Users\Shekhani Laptops\Local Sites\afaq-waheed-portfolio\app\public\wp-includes\plugin.php:517
[15-Apr-2024 07:16:07 UTC] PHP   4. WP_Hook->apply_filters($value = '', $args = [0 => '']) C:\Users\Shekhani Laptops\Local Sites\afaq-waheed-portfolio\app\public\wp-includes\class-wp-hook.php:348
[15-Apr-2024 07:16:07 UTC] PHP   5. WP_Background_Process->maybe_handle('') C:\Users\Shekhani Laptops\Local Sites\afaq-waheed-portfolio\app\public\wp-includes\class-wp-hook.php:324
[15-Apr-2024 07:16:07 UTC] PHP   6. WP_Background_Process->handle() C:\Users\Shekhani Laptops\Local Sites\afaq-waheed-portfolio\app\public\wp-content\plugins\simply-static\vendor\a5hleyrich\wp-background-processing\classes\wp-background-process.php:333
[15-Apr-2024 07:16:07 UTC] PHP   7. Simply_Static\Archive_Creation_Job->task($task_name = 'transfer_files_locally') C:\Users\Shekhani Laptops\Local Sites\afaq-waheed-portfolio\app\public\wp-content\plugins\simply-static\vendor\a5hleyrich\wp-background-processing\classes\wp-background-process.php:516
[15-Apr-2024 07:16:07 UTC] PHP   8. Simply_Static\Transfer_Files_Locally_Task->perform() C:\Users\Shekhani Laptops\Local Sites\afaq-waheed-portfolio\app\public\wp-content\plugins\simply-static\src\class-ss-archive-creation-job.php:150
[15-Apr-2024 07:16:07 UTC] PHP   9. Simply_Static\Transfer_Files_Locally_Task->copy_static_files($destination_dir = 'C:\\Users\\Shekhani Laptops\\Local Sites\\afaq-waheed-portfolio') C:\Users\Shekhani Laptops\Local Sites\afaq-waheed-portfolio\app\public\wp-content\plugins\simply-static\src\tasks\class-ss-transfer-files-locally-task.php:28
[15-Apr-2024 07:16:07 UTC] PHP  10. copy($from = 'C:/Users/Shekhani Laptops/Local Sites/afaq-waheed-portfolio/app/public/wp-content/uploads/simply-static/temp-files/simply-static-1-1713164369/wp-json/wp/v2/pages/253/index.html', $to = 'C:/Users/Shekhani Laptops/Local Sites/afaq-waheed-portfolio/wp-json/wp/v2/pages/253/index.html') C:\Users\Shekhani Laptops\Local Sites\afaq-waheed-portfolio\app\public\wp-content\plugins\simply-static\src\tasks\class-ss-transfer-files-locally-task.php:94
[15-Apr-2024 07:16:08 UTC] Xdebug: [Step Debug] Time-out connecting to debugging client, waited: 200 ms. Tried: ::1:9003 (from HTTP_X_FORWARDED_FOR HTTP header), localhost:9003 (fallback through xdebug.client_host/xdebug.client_port) :-(
[15-Apr-2024 07:16:08 UTC] Xdebug: [Step Debug] Time-out connecting to debugging client, waited: 200 ms. Tried: ::1:9003 (from HTTP_X_FORWARDED_FOR HTTP header), localhost:9003 (fallback through xdebug.client_host/xdebug.client_port) :-(
[15-Apr-2024 07:16:08 UTC] Xdebug: [Step Debug] Time-out connecting to debugging client, waited: 200 ms. Tried: ::1:9003 (from HTTP_X_FORWARDED_FOR HTTP header), localhost:9003 (fallback through xdebug.client_host/xdebug.client_port) :-(
[15-Apr-2024 07:16:09 UTC] Xdebug: [Step Debug] Time-out connecting to debugging client, waited: 200 ms. Tried: ::1:9003 (from HTTP_X_FORWARDED_FOR HTTP header), localhost:9003 (fallback through xdebug.client_host/xdebug.client_port) :-(
[15-Apr-2024 07:16:09 UTC] Xdebug: [Step Debug] Time-out connecting to debugging client, waited: 200 ms. Tried: ::1:9003 (from HTTP_X_FORWARDED_FOR HTTP header), localhost:9003 (fallback through xdebug.client_host/xdebug.client_port) :-(
[15-Apr-2024 07:16:09 UTC] Xdebug: [Step Debug] Time-out connecting to debugging client, waited: 200 ms. Tried: ::1:9003 (from HTTP_X_FORWARDED_FOR HTTP header), localhost:9003 (fallback through xdebug.client_host/xdebug.client_port) :-(
[15-Apr-2024 07:16:10 UTC] Xdebug: [Step Debug] Time-out connecting to debugging client, waited: 200 ms. Tried: ::1:9003 (from HTTP_X_FORWARDED_FOR HTTP header), localhost:9003 (fallback through xdebug.client_host/xdebug.client_port) :-(
[15-Apr-2024 07:16:10 UTC] Xdebug: [Step Debug] Time-out connecting to debugging client, waited: 200 ms. Tried: ::1:9003 (from HTTP_X_FORWARDED_FOR HTTP header), localhost:9003 (fallback through xdebug.client_host/xdebug.client_port) :-(
[15-Apr-2024 07:16:11 UTC] Xdebug: [Step Debug] Time-out connecting to debugging client, waited: 200 ms. Tried: ::1:9003 (from HTTP_X_FORWARDED_FOR HTTP header), localhost:9003 (fallback through xdebug.client_host/xdebug.client_port) :-(
[15-Apr-2024 07:16:11 UTC] Xdebug: [Step Debug] Time-out connecting to debugging client, waited: 200 ms. Tried: ::1:9003 (from HTTP_X_FORWARDED_FOR HTTP header), localhost:9003 (fallback through xdebug.client_host/xdebug.client_port) :-(
[15-Apr-2024 07:16:12 UTC] Xdebug: [Step Debug] Time-out connecting to debugging client, waited: 200 ms. Tried: ::1:9003 (from HTTP_X_FORWARDED_FOR HTTP header), localhost:9003 (fallback through xdebug.client_host/xdebug.client_port) :-(
[15-Apr-2024 07:16:13 UTC] Xdebug: [Step Debug] Time-out connecting to debugging client, waited: 200 ms. Tried: ::1:9003 (from HTTP_X_FORWARDED_FOR HTTP header), localhost:9003 (fallback through xdebug.client_host/xdebug.client_port) :-(
[15-Apr-2024 07:16:14 UTC] Xdebug: [Step Debug] Time-out connecting to debugging client, waited: 200 ms. Tried: ::1:9003 (from HTTP_X_FORWARDED_FOR HTTP header), localhost:9003 (fallback through xdebug.client_host/xdebug.client_port) :-(
[15-Apr-2024 07:16:14 UTC] Xdebug: [Step Debug] Time-out connecting to debugging client, waited: 200 ms. Tried: ::1:9003 (from HTTP_X_FORWARDED_FOR HTTP header), localhost:9003 (fallback through xdebug.client_host/xdebug.client_port) :-(
[15-Apr-2024 07:16:15 UTC] Xdebug: [Step Debug] Time-out connecting to debugging client, waited: 200 ms. Tried: ::1:9003 (from HTTP_X_FORWARDED_FOR HTTP header), localhost:9003 (fallback through xdebug.client_host/xdebug.client_port) :-(
[15-Apr-2024 07:16:15 UTC] Xdebug: [Step Debug] Time-out connecting to debugging client, waited: 200 ms. Tried: ::1:9003 (from HTTP_X_FORWARDED_FOR HTTP header), localhost:9003 (fallback through xdebug.client_host/xdebug.client_port) :-(
[15-Apr-2024 07:16:16 UTC] Xdebug: [Step Debug] Time-out connecting to debugging client, waited: 200 ms. Tried: ::1:9003 (from HTTP_X_FORWARDED_FOR HTTP header), localhost:9003 (fallback through xdebug.client_host/xdebug.client_port) :-(
[15-Apr-2024 07:16:17 UTC] Xdebug: [Step Debug] Time-out connecting to debugging client, waited: 200 ms. Tried: ::1:9003 (from HTTP_X_FORWARDED_FOR HTTP header), localhost:9003 (fallback through xdebug.client_host/xdebug.client_port) :-(
[15-Apr-2024 07:16:17 UTC] Xdebug: [Step Debug] Time-out connecting to debugging client, waited: 200 ms. Tried: ::1:9003 (from HTTP_X_FORWARDED_FOR HTTP header), localhost:9003 (fallback through xdebug.client_host/xdebug.client_port) :-(
[15-Apr-2024 07:16:18 UTC] Xdebug: [Step Debug] Time-out connecting to debugging client, waited: 200 ms. Tried: ::1:9003 (from HTTP_X_FORWARDED_FOR HTTP header), localhost:9003 (fallback through xdebug.client_host/xdebug.client_port) :-(
[15-Apr-2024 07:16:19 UTC] Xdebug: [Step Debug] Time-out connecting to debugging client, waited: 200 ms. Tried: ::1:9003 (from HTTP_X_FORWARDED_FOR HTTP header), localhost:9003 (fallback through xdebug.client_host/xdebug.client_port) :-(
[15-Apr-2024 07:16:19 UTC] Xdebug: [Step Debug] Time-out connecting to debugging client, waited: 200 ms. Tried: ::1:9003 (from HTTP_X_FORWARDED_FOR HTTP header), localhost:9003 (fallback through xdebug.client_host/xdebug.client_port) :-(
[15-Apr-2024 07:16:20 UTC] Xdebug: [Step Debug] Time-out connecting to debugging client, waited: 200 ms. Tried: ::1:9003 (from HTTP_X_FORWARDED_FOR HTTP header), localhost:9003 (fallback through xdebug.client_host/xdebug.client_port) :-(
[15-Apr-2024 07:16:21 UTC] Xdebug: [Step Debug] Time-out connecting to debugging client, waited: 200 ms. Tried: ::1:9003 (from HTTP_X_FORWARDED_FOR HTTP header), localhost:9003 (fallback through xdebug.client_host/xdebug.client_port) :-(
[15-Apr-2024 07:16:21 UTC] Xdebug: [Step Debug] Time-out connecting to debugging client, waited: 200 ms. Tried: ::1:9003 (from HTTP_X_FORWARDED_FOR HTTP header), localhost:9003 (fallback through xdebug.client_host/xdebug.client_port) :-(
[15-Apr-2024 07:16:22 UTC] Xdebug: [Step Debug] Time-out connecting to debugging client, waited: 200 ms. Tried: ::1:9003 (from HTTP_X_FORWARDED_FOR HTTP header), localhost:9003 (fallback through xdebug.client_host/xdebug.client_port) :-(
[15-Apr-2024 07:16:22 UTC] Xdebug: [Step Debug] Time-out connecting to debugging client, waited: 200 ms. Tried: ::1:9003 (from HTTP_X_FORWARDED_FOR HTTP header), localhost:9003 (fallback through xdebug.client_host/xdebug.client_port) :-(
[15-Apr-2024 07:16:22 UTC] Xdebug: [Step Debug] Time-out connecting to debugging client, waited: 200 ms. Tried: ::1:9003 (from HTTP_X_FORWARDED_FOR HTTP header), localhost:9003 (fallback through xdebug.client_host/xdebug.client_port) :-(
[15-Apr-2024 07:16:22 UTC] Xdebug: [Step Debug] Time-out connecting to debugging client, waited: 200 ms. Tried: ::1:9003 (from HTTP_X_FORWARDED_FOR HTTP header), localhost:9003 (fallback through xdebug.client_host/xdebug.client_port) :-(
[15-Apr-2024 07:16:23 UTC] Xdebug: [Step Debug] Time-out connecting to debugging client, waited: 200 ms. Tried: ::1:9003 (from HTTP_X_FORWARDED_FOR HTTP header), localhost:9003 (fallback through xdebug.client_host/xdebug.client_port) :-(
[15-Apr-2024 07:16:23 UTC] Xdebug: [Step Debug] Time-out connecting to debugging client, waited: 200 ms. Tried: ::1:9003 (from HTTP_X_FORWARDED_FOR HTTP header), localhost:9003 (fallback through xdebug.client_host/xdebug.client_port) :-(
[15-Apr-2024 07:16:24 UTC] Xdebug: [Step Debug] Time-out connecting to debugging client, waited: 200 ms. Tried: ::1:9003 (from HTTP_X_FORWARDED_FOR HTTP header), localhost:9003 (fallback through xdebug.client_host/xdebug.client_port) :-(
[15-Apr-2024 07:16:24 UTC] Xdebug: [Step Debug] Time-out connecting to debugging client, waited: 200 ms. Tried: ::1:9003 (from HTTP_X_FORWARDED_FOR HTTP header), localhost:9003 (fallback through xdebug.client_host/xdebug.client_port) :-(
[15-Apr-2024 07:16:24 UTC] Xdebug: [Step Debug] Time-out connecting to debugging client, waited: 200 ms. Tried: ::1:9003 (from HTTP_X_FORWARDED_FOR HTTP header), localhost:9003 (fallback through xdebug.client_host/xdebug.client_port) :-(
[15-Apr-2024 07:16:24 UTC] Xdebug: [Step Debug] Time-out connecting to debugging client, waited: 200 ms. Tried: ::1:9003 (from HTTP_X_FORWARDED_FOR HTTP header), localhost:9003 (fallback through xdebug.client_host/xdebug.client_port) :-(
[15-Apr-2024 07:16:25 UTC] Xdebug: [Step Debug] Time-out connecting to debugging client, waited: 200 ms. Tried: ::1:9003 (from HTTP_X_FORWARDED_FOR HTTP header), localhost:9003 (fallback through xdebug.client_host/xdebug.client_port) :-(
[15-Apr-2024 07:16:25 UTC] Xdebug: [Step Debug] Time-out connecting to debugging client, waited: 200 ms. Tried: ::1:9003 (from HTTP_X_FORWARDED_FOR HTTP header), localhost:9003 (fallback through xdebug.client_host/xdebug.client_port) :-(
[15-Apr-2024 07:16:26 UTC] Xdebug: [Step Debug] Time-out connecting to debugging client, waited: 200 ms. Tried: ::1:9003 (from HTTP_X_FORWARDED_FOR HTTP header), localhost:9003 (fallback through xdebug.client_host/xdebug.client_port) :-(
[15-Apr-2024 07:16:26 UTC] Xdebug: [Step Debug] Time-out connecting to debugging client, waited: 200 ms. Tried: ::1:9003 (from HTTP_X_FORWARDED_FOR HTTP header), localhost:9003 (fallback through xdebug.client_host/xdebug.client_port) :-(
[15-Apr-2024 07:16:26 UTC] Xdebug: [Step Debug] Time-out connecting to debugging client, waited: 200 ms. Tried: ::1:9003 (from HTTP_X_FORWARDED_FOR HTTP header), localhost:9003 (fallback through xdebug.client_host/xdebug.client_port) :-(
[15-Apr-2024 07:16:27 UTC] Xdebug: [Step Debug] Time-out connecting to debugging client, waited: 200 ms. Tried: ::1:9003 (from HTTP_X_FORWARDED_FOR HTTP header), localhost:9003 (fallback through xdebug.client_host/xdebug.client_port) :-(
[15-Apr-2024 07:16:27 UTC] Xdebug: [Step Debug] Time-out connecting to debugging client, waited: 200 ms. Tried: ::1:9003 (from HTTP_X_FORWARDED_FOR HTTP header), localhost:9003 (fallback through xdebug.client_host/xdebug.client_port) :-(
[15-Apr-2024 07:16:27 UTC] Xdebug: [Step Debug] Time-out connecting to debugging client, waited: 200 ms. Tried: ::1:9003 (from HTTP_X_FORWARDED_FOR HTTP header), localhost:9003 (fallback through xdebug.client_host/xdebug.client_port) :-(
[15-Apr-2024 07:16:28 UTC] Xdebug: [Step Debug] Time-out connecting to debugging client, waited: 200 ms. Tried: ::1:9003 (from HTTP_X_FORWARDED_FOR HTTP header), localhost:9003 (fallback through xdebug.client_host/xdebug.client_port) :-(
[15-Apr-2024 07:16:28 UTC] Xdebug: [Step Debug] Time-out connecting to debugging client, waited: 200 ms. Tried: ::1:9003 (from HTTP_X_FORWARDED_FOR HTTP header), localhost:9003 (fallback through xdebug.client_host/xdebug.client_port) :-(
[15-Apr-2024 07:16:29 UTC] Xdebug: [Step Debug] Time-out connecting to debugging client, waited: 200 ms. Tried: ::1:9003 (from HTTP_X_FORWARDED_FOR HTTP header), localhost:9003 (fallback through xdebug.client_host/xdebug.client_port) :-(
[15-Apr-2024 07:16:29 UTC] Xdebug: [Step Debug] Time-out connecting to debugging client, waited: 200 ms. Tried: ::1:9003 (from HTTP_X_FORWARDED_FOR HTTP header), localhost:9003 (fallback through xdebug.client_host/xdebug.client_port) :-(
[15-Apr-2024 07:16:30 UTC] Xdebug: [Step Debug] Time-out connecting to debugging client, waited: 200 ms. Tried: ::1:9003 (from HTTP_X_FORWARDED_FOR HTTP header), localhost:9003 (fallback through xdebug.client_host/xdebug.client_port) :-(
[15-Apr-2024 07:16:31 UTC] Xdebug: [Step Debug] Time-out connecting to debugging client, waited: 200 ms. Tried: ::1:9003 (from HTTP_X_FORWARDED_FOR HTTP header), localhost:9003 (fallback through xdebug.client_host/xdebug.client_port) :-(
[15-Apr-2024 07:16:31 UTC] Xdebug: [Step Debug] Time-out connecting to debugging client, waited: 200 ms. Tried: ::1:9003 (from HTTP_X_FORWARDED_FOR HTTP header), localhost:9003 (fallback through xdebug.client_host/xdebug.client_port) :-(
[15-Apr-2024 07:16:32 UTC] Xdebug: [Step Debug] Time-out connecting to debugging client, waited: 200 ms. Tried: ::1:9003 (from HTTP_X_FORWARDED_FOR HTTP header), localhost:9003 (fallback through xdebug.client_host/xdebug.client_port) :-(
[15-Apr-2024 07:16:32 UTC] Xdebug: [Step Debug] Time-out connecting to debugging client, waited: 200 ms. Tried: ::1:9003 (from HTTP_X_FORWARDED_FOR HTTP header), localhost:9003 (fallback through xdebug.client_host/xdebug.client_port) :-(
[15-Apr-2024 07:16:32 UTC] Xdebug: [Step Debug] Time-out connecting to debugging client, waited: 200 ms. Tried: ::1:9003 (from HTTP_X_FORWARDED_FOR HTTP header), localhost:9003 (fallback through xdebug.client_host/xdebug.client_port) :-(
[15-Apr-2024 07:16:32 UTC] Xdebug: [Step Debug] Time-out connecting to debugging client, waited: 200 ms. Tried: ::1:9003 (from HTTP_X_FORWARDED_FOR HTTP header), localhost:9003 (fallback through xdebug.client_host/xdebug.client_port) :-(
[15-Apr-2024 07:16:33 UTC] Xdebug: [Step Debug] Time-out connecting to debugging client, waited: 200 ms. Tried: ::1:9003 (from HTTP_X_FORWARDED_FOR HTTP header), localhost:9003 (fallback through xdebug.client_host/xdebug.client_port) :-(
[15-Apr-2024 07:16:33 UTC] Xdebug: [Step Debug] Time-out connecting to debugging client, waited: 200 ms. Tried: ::1:9003 (from HTTP_X_FORWARDED_FOR HTTP header), localhost:9003 (fallback through xdebug.client_host/xdebug.client_port) :-(
[15-Apr-2024 07:16:34 UTC] Xdebug: [Step Debug] Time-out connecting to debugging client, waited: 200 ms. Tried: ::1:9003 (from HTTP_X_FORWARDED_FOR HTTP header), localhost:9003 (fallback through xdebug.client_host/xdebug.client_port) :-(
[15-Apr-2024 07:16:34 UTC] Xdebug: [Step Debug] Time-out connecting to debugging client, waited: 200 ms. Tried: ::1:9003 (from HTTP_X_FORWARDED_FOR HTTP header), localhost:9003 (fallback through xdebug.client_host/xdebug.client_port) :-(
[15-Apr-2024 07:16:34 UTC] Xdebug: [Step Debug] Time-out connecting to debugging client, waited: 200 ms. Tried: ::1:9003 (from HTTP_X_FORWARDED_FOR HTTP header), localhost:9003 (fallback through xdebug.client_host/xdebug.client_port) :-(
[15-Apr-2024 07:16:34 UTC] Xdebug: [Step Debug] Time-out connecting to debugging client, waited: 200 ms. Tried: ::1:9003 (from HTTP_X_FORWARDED_FOR HTTP header), localhost:9003 (fallback through xdebug.client_host/xdebug.client_port) :-(
[15-Apr-2024 07:16:35 UTC] Xdebug: [Step Debug] Time-out connecting to debugging client, waited: 200 ms. Tried: ::1:9003 (from HTTP_X_FORWARDED_FOR HTTP header), localhost:9003 (fallback through xdebug.client_host/xdebug.client_port) :-(
[15-Apr-2024 07:16:35 UTC] Xdebug: [Step Debug] Time-out connecting to debugging client, waited: 200 ms. Tried: ::1:9003 (from HTTP_X_FORWARDED_FOR HTTP header), localhost:9003 (fallback through xdebug.client_host/xdebug.client_port) :-(
[15-Apr-2024 07:16:36 UTC] Xdebug: [Step Debug] Time-out connecting to debugging client, waited: 200 ms. Tried: ::1:9003 (from HTTP_X_FORWARDED_FOR HTTP header), localhost:9003 (fallback through xdebug.client_host/xdebug.client_port) :-(
[15-Apr-2024 07:16:36 UTC] Xdebug: [Step Debug] Time-out connecting to debugging client, waited: 200 ms. Tried: ::1:9003 (from HTTP_X_FORWARDED_FOR HTTP header), localhost:9003 (fallback through xdebug.client_host/xdebug.client_port) :-(
[15-Apr-2024 07:16:36 UTC] Xdebug: [Step Debug] Time-out connecting to debugging client, waited: 200 ms. Tried: ::1:9003 (from HTTP_X_FORWARDED_FOR HTTP header), localhost:9003 (fallback through xdebug.client_host/xdebug.client_port) :-(
[15-Apr-2024 07:16:36 UTC] Xdebug: [Step Debug] Time-out connecting to debugging client, waited: 200 ms. Tried: ::1:9003 (from HTTP_X_FORWARDED_FOR HTTP header), localhost:9003 (fallback through xdebug.client_host/xdebug.client_port) :-(
[15-Apr-2024 07:16:37 UTC] Xdebug: [Step Debug] Time-out connecting to debugging client, waited: 200 ms. Tried: ::1:9003 (from HTTP_X_FORWARDED_FOR HTTP header), localhost:9003 (fallback through xdebug.client_host/xdebug.client_port) :-(
[15-Apr-2024 07:16:37 UTC] Xdebug: [Step Debug] Time-out connecting to debugging client, waited: 200 ms. Tried: ::1:9003 (from HTTP_X_FORWARDED_FOR HTTP header), localhost:9003 (fallback through xdebug.client_host/xdebug.client_port) :-(
[15-Apr-2024 07:16:38 UTC] Xdebug: [Step Debug] Time-out connecting to debugging client, waited: 200 ms. Tried: ::1:9003 (from HTTP_X_FORWARDED_FOR HTTP header), localhost:9003 (fallback through xdebug.client_host/xdebug.client_port) :-(
[15-Apr-2024 07:16:38 UTC] Xdebug: [Step Debug] Time-out connecting to debugging client, waited: 200 ms. Tried: ::1:9003 (from HTTP_X_FORWARDED_FOR HTTP header), localhost:9003 (fallback through xdebug.client_host/xdebug.client_port) :-(
[15-Apr-2024 07:16:38 UTC] Xdebug: [Step Debug] Time-out connecting to debugging client, waited: 200 ms. Tried: ::1:9003 (from HTTP_X_FORWARDED_FOR HTTP header), localhost:9003 (fallback through xdebug.client_host/xdebug.client_port) :-(
[15-Apr-2024 07:16:38 UTC] Xdebug: [Step Debug] Time-out connecting to debugging client, waited: 200 ms. Tried: ::1:9003 (from HTTP_X_FORWARDED_FOR HTTP header), localhost:9003 (fallback through xdebug.client_host/xdebug.client_port) :-(
[15-Apr-2024 07:16:39 UTC] Xdebug: [Step Debug] Time-out connecting to debugging client, waited: 200 ms. Tried: ::1:9003 (from HTTP_X_FORWARDED_FOR HTTP header), localhost:9003 (fallback through xdebug.client_host/xdebug.client_port) :-(
[15-Apr-2024 07:16:39 UTC] Xdebug: [Step Debug] Time-out connecting to debugging client, waited: 200 ms. Tried: ::1:9003 (from HTTP_X_FORWARDED_FOR HTTP header), localhost:9003 (fallback through xdebug.client_host/xdebug.client_port) :-(
[15-Apr-2024 07:16:40 UTC] Xdebug: [Step Debug] Time-out connecting to debugging client, waited: 200 ms. Tried: ::1:9003 (from HTTP_X_FORWARDED_FOR HTTP header), localhost:9003 (fallback through xdebug.client_host/xdebug.client_port) :-(
[15-Apr-2024 07:16:40 UTC] Xdebug: [Step Debug] Time-out connecting to debugging client, waited: 200 ms. Tried: ::1:9003 (from HTTP_X_FORWARDED_FOR HTTP header), localhost:9003 (fallback through xdebug.client_host/xdebug.client_port) :-(
[15-Apr-2024 07:16:40 UTC] Xdebug: [Step Debug] Time-out connecting to debugging client, waited: 200 ms. Tried: ::1:9003 (from HTTP_X_FORWARDED_FOR HTTP header), localhost:9003 (fallback through xdebug.client_host/xdebug.client_port) :-(
[15-Apr-2024 07:16:40 UTC] Xdebug: [Step Debug] Time-out connecting to debugging client, waited: 200 ms. Tried: ::1:9003 (from HTTP_X_FORWARDED_FOR HTTP header), localhost:9003 (fallback through xdebug.client_host/xdebug.client_port) :-(
[15-Apr-2024 07:16:41 UTC] Xdebug: [Step Debug] Time-out connecting to debugging client, waited: 200 ms. Tried: ::1:9003 (from HTTP_X_FORWARDED_FOR HTTP header), localhost:9003 (fallback through xdebug.client_host/xdebug.client_port) :-(
[15-Apr-2024 07:16:41 UTC] Xdebug: [Step Debug] Time-out connecting to debugging client, waited: 200 ms. Tried: ::1:9003 (from HTTP_X_FORWARDED_FOR HTTP header), localhost:9003 (fallback through xdebug.client_host/xdebug.client_port) :-(
[15-Apr-2024 07:16:42 UTC] Xdebug: [Step Debug] Time-out connecting to debugging client, waited: 200 ms. Tried: ::1:9003 (from HTTP_X_FORWARDED_FOR HTTP header), localhost:9003 (fallback through xdebug.client_host/xdebug.client_port) :-(
[15-Apr-2024 07:16:42 UTC] Xdebug: [Step Debug] Time-out connecting to debugging client, waited: 200 ms. Tried: ::1:9003 (from HTTP_X_FORWARDED_FOR HTTP header), localhost:9003 (fallback through xdebug.client_host/xdebug.client_port) :-(
[15-Apr-2024 07:16:43 UTC] Xdebug: [Step Debug] Time-out connecting to debugging client, waited: 200 ms. Tried: ::1:9003 (from HTTP_X_FORWARDED_FOR HTTP header), localhost:9003 (fallback through xdebug.client_host/xdebug.client_port) :-(
[15-Apr-2024 07:16:44 UTC] Xdebug: [Step Debug] Time-out connecting to debugging client, waited: 200 ms. Tried: ::1:9003 (from HTTP_X_FORWARDED_FOR HTTP header), localhost:9003 (fallback through xdebug.client_host/xdebug.client_port) :-(
[15-Apr-2024 07:16:44 UTC] Xdebug: [Step Debug] Time-out connecting to debugging client, waited: 200 ms. Tried: ::1:9003 (from HTTP_X_FORWARDED_FOR HTTP header), localhost:9003 (fallback through xdebug.client_host/xdebug.client_port) :-(
[15-Apr-2024 07:16:45 UTC] Xdebug: [Step Debug] Time-out connecting to debugging client, waited: 200 ms. Tried: ::1:9003 (from HTTP_X_FORWARDED_FOR HTTP header), localhost:9003 (fallback through xdebug.client_host/xdebug.client_port) :-(
[15-Apr-2024 07:16:45 UTC] Xdebug: [Step Debug] Time-out connecting to debugging client, waited: 200 ms. Tried: ::1:9003 (from HTTP_X_FORWARDED_FOR HTTP header), localhost:9003 (fallback through xdebug.client_host/xdebug.client_port) :-(
[15-Apr-2024 07:16:46 UTC] Xdebug: [Step Debug] Time-out connecting to debugging client, waited: 200 ms. Tried: ::1:9003 (from HTTP_X_FORWARDED_FOR HTTP header), localhost:9003 (fallback through xdebug.client_host/xdebug.client_port) :-(
[15-Apr-2024 07:16:46 UTC] Xdebug: [Step Debug] Time-out connecting to debugging client, waited: 200 ms. Tried: ::1:9003 (from HTTP_X_FORWARDED_FOR HTTP header), localhost:9003 (fallback through xdebug.client_host/xdebug.client_port) :-(
[15-Apr-2024 07:16:46 UTC] Xdebug: [Step Debug] Time-out connecting to debugging client, waited: 200 ms. Tried: ::1:9003 (from HTTP_X_FORWARDED_FOR HTTP header), localhost:9003 (fallback through xdebug.client_host/xdebug.client_port) :-(
[15-Apr-2024 07:16:46 UTC] Xdebug: [Step Debug] Time-out connecting to debugging client, waited: 200 ms. Tried: ::1:9003 (from HTTP_X_FORWARDED_FOR HTTP header), localhost:9003 (fallback through xdebug.client_host/xdebug.client_port) :-(
[15-Apr-2024 07:16:47 UTC] Xdebug: [Step Debug] Time-out connecting to debugging client, waited: 200 ms. Tried: ::1:9003 (from HTTP_X_FORWARDED_FOR HTTP header), localhost:9003 (fallback through xdebug.client_host/xdebug.client_port) :-(
[15-Apr-2024 07:16:47 UTC] Xdebug: [Step Debug] Time-out connecting to debugging client, waited: 200 ms. Tried: ::1:9003 (from HTTP_X_FORWARDED_FOR HTTP header), localhost:9003 (fallback through xdebug.client_host/xdebug.client_port) :-(
[15-Apr-2024 07:16:48 UTC] Xdebug: [Step Debug] Time-out connecting to debugging client, waited: 200 ms. Tried: ::1:9003 (from HTTP_X_FORWARDED_FOR HTTP header), localhost:9003 (fallback through xdebug.client_host/xdebug.client_port) :-(
[15-Apr-2024 07:16:48 UTC] Xdebug: [Step Debug] Time-out connecting to debugging client, waited: 200 ms. Tried: ::1:9003 (from HTTP_X_FORWARDED_FOR HTTP header), localhost:9003 (fallback through xdebug.client_host/xdebug.client_port) :-(
[15-Apr-2024 07:16:48 UTC] Xdebug: [Step Debug] Time-out connecting to debugging client, waited: 200 ms. Tried: ::1:9003 (from HTTP_X_FORWARDED_FOR HTTP header), localhost:9003 (fallback through xdebug.client_host/xdebug.client_port) :-(
[15-Apr-2024 07:16:48 UTC] Xdebug: [Step Debug] Time-out connecting to debugging client, waited: 200 ms. Tried: ::1:9003 (from HTTP_X_FORWARDED_FOR HTTP header), localhost:9003 (fallback through xdebug.client_host/xdebug.client_port) :-(
[15-Apr-2024 07:16:49 UTC] Xdebug: [Step Debug] Time-out connecting to debugging client, waited: 200 ms. Tried: ::1:9003 (from HTTP_X_FORWARDED_FOR HTTP header), localhost:9003 (fallback through xdebug.client_host/xdebug.client_port) :-(
[15-Apr-2024 07:16:49 UTC] Xdebug: [Step Debug] Time-out connecting to debugging client, waited: 200 ms. Tried: ::1:9003 (from HTTP_X_FORWARDED_FOR HTTP header), localhost:9003 (fallback through xdebug.client_host/xdebug.client_port) :-(
[15-Apr-2024 07:16:50 UTC] Xdebug: [Step Debug] Time-out connecting to debugging client, waited: 200 ms. Tried: ::1:9003 (from HTTP_X_FORWARDED_FOR HTTP header), localhost:9003 (fallback through xdebug.client_host/xdebug.client_port) :-(
[15-Apr-2024 07:16:50 UTC] Xdebug: [Step Debug] Time-out connecting to debugging client, waited: 200 ms. Tried: ::1:9003 (from HTTP_X_FORWARDED_FOR HTTP header), localhost:9003 (fallback through xdebug.client_host/xdebug.client_port) :-(
[15-Apr-2024 07:16:50 UTC] Xdebug: [Step Debug] Time-out connecting to debugging client, waited: 200 ms. Tried: ::1:9003 (from HTTP_X_FORWARDED_FOR HTTP header), localhost:9003 (fallback through xdebug.client_host/xdebug.client_port) :-(
[15-Apr-2024 07:16:50 UTC] Xdebug: [Step Debug] Time-out connecting to debugging client, waited: 200 ms. Tried: ::1:9003 (from HTTP_X_FORWARDED_FOR HTTP header), localhost:9003 (fallback through xdebug.client_host/xdebug.client_port) :-(
[15-Apr-2024 07:16:51 UTC] Xdebug: [Step Debug] Time-out connecting to debugging client, waited: 200 ms. Tried: ::1:9003 (from HTTP_X_FORWARDED_FOR HTTP header), localhost:9003 (fallback through xdebug.client_host/xdebug.client_port) :-(
[15-Apr-2024 07:16:51 UTC] Xdebug: [Step Debug] Time-out connecting to debugging client, waited: 200 ms. Tried: ::1:9003 (from HTTP_X_FORWARDED_FOR HTTP header), localhost:9003 (fallback through xdebug.client_host/xdebug.client_port) :-(
[15-Apr-2024 07:16:51 UTC] Xdebug: [Step Debug] Time-out connecting to debugging client, waited: 200 ms. Tried: ::1:9003 (from HTTP_X_FORWARDED_FOR HTTP header), localhost:9003 (fallback through xdebug.client_host/xdebug.client_port) :-(
[15-Apr-2024 07:16:52 UTC] Xdebug: [Step Debug] Time-out connecting to debugging client, waited: 200 ms. Tried: ::1:9003 (from HTTP_X_FORWARDED_FOR HTTP header), localhost:9003 (fallback through xdebug.client_host/xdebug.client_port) :-(
[15-Apr-2024 07:16:52 UTC] Xdebug: [Step Debug] Time-out connecting to debugging client, waited: 200 ms. Tried: ::1:9003 (from HTTP_X_FORWARDED_FOR HTTP header), localhost:9003 (fallback through xdebug.client_host/xdebug.client_port) :-(
[15-Apr-2024 07:16:52 UTC] Xdebug: [Step Debug] Time-out connecting to debugging client, waited: 200 ms. Tried: ::1:9003 (from HTTP_X_FORWARDED_FOR HTTP header), localhost:9003 (fallback through xdebug.client_host/xdebug.client_port) :-(
[15-Apr-2024 07:16:53 UTC] Xdebug: [Step Debug] Time-out connecting to debugging client, waited: 200 ms. Tried: ::1:9003 (from HTTP_X_FORWARDED_FOR HTTP header), localhost:9003 (fallback through xdebug.client_host/xdebug.client_port) :-(
[15-Apr-2024 07:16:53 UTC] Xdebug: [Step Debug] Time-out connecting to debugging client, waited: 200 ms. Tried: ::1:9003 (from HTTP_X_FORWARDED_FOR HTTP header), localhost:9003 (fallback through xdebug.client_host/xdebug.client_port) :-(
[15-Apr-2024 07:16:53 UTC] Xdebug: [Step Debug] Time-out connecting to debugging client, waited: 200 ms. Tried: ::1:9003 (from HTTP_X_FORWARDED_FOR HTTP header), localhost:9003 (fallback through xdebug.client_host/xdebug.client_port) :-(
[15-Apr-2024 07:16:54 UTC] Xdebug: [Step Debug] Time-out connecting to debugging client, waited: 200 ms. Tried: ::1:9003 (from HTTP_X_FORWARDED_FOR HTTP header), localhost:9003 (fallback through xdebug.client_host/xdebug.client_port) :-(
[15-Apr-2024 07:16:54 UTC] Xdebug: [Step Debug] Time-out connecting to debugging client, waited: 200 ms. Tried: ::1:9003 (from HTTP_X_FORWARDED_FOR HTTP header), localhost:9003 (fallback through xdebug.client_host/xdebug.client_port) :-(
[15-Apr-2024 07:16:54 UTC] Xdebug: [Step Debug] Time-out connecting to debugging client, waited: 200 ms. Tried: ::1:9003 (from HTTP_X_FORWARDED_FOR HTTP header), localhost:9003 (fallback through xdebug.client_host/xdebug.client_port) :-(
[15-Apr-2024 07:16:55 UTC] Xdebug: [Step Debug] Time-out connecting to debugging client, waited: 200 ms. Tried: ::1:9003 (from HTTP_X_FORWARDED_FOR HTTP header), localhost:9003 (fallback through xdebug.client_host/xdebug.client_port) :-(
[15-Apr-2024 07:16:55 UTC] Xdebug: [Step Debug] Time-out connecting to debugging client, waited: 200 ms. Tried: ::1:9003 (from HTTP_X_FORWARDED_FOR HTTP header), localhost:9003 (fallback through xdebug.client_host/xdebug.client_port) :-(
[15-Apr-2024 07:16:55 UTC] Xdebug: [Step Debug] Time-out connecting to debugging client, waited: 200 ms. Tried: ::1:9003 (from HTTP_X_FORWARDED_FOR HTTP header), localhost:9003 (fallback through xdebug.client_host/xdebug.client_port) :-(
[15-Apr-2024 07:16:55 UTC] Xdebug: [Step Debug] Time-out connecting to debugging client, waited: 200 ms. Tried: ::1:9003 (from HTTP_X_FORWARDED_FOR HTTP header), localhost:9003 (fallback through xdebug.client_host/xdebug.client_port) :-(
[15-Apr-2024 07:16:56 UTC] Xdebug: [Step Debug] Time-out connecting to debugging client, waited: 200 ms. Tried: ::1:9003 (from HTTP_X_FORWARDED_FOR HTTP header), localhost:9003 (fallback through xdebug.client_host/xdebug.client_port) :-(
[15-Apr-2024 07:16:56 UTC] Xdebug: [Step Debug] Time-out connecting to debugging client, waited: 200 ms. Tried: ::1:9003 (from HTTP_X_FORWARDED_FOR HTTP header), localhost:9003 (fallback through xdebug.client_host/xdebug.client_port) :-(
[15-Apr-2024 07:16:57 UTC] Xdebug: [Step Debug] Time-out connecting to debugging client, waited: 200 ms. Tried: ::1:9003 (from HTTP_X_FORWARDED_FOR HTTP header), localhost:9003 (fallback through xdebug.client_host/xdebug.client_port) :-(
[15-Apr-2024 07:16:57 UTC] Xdebug: [Step Debug] Time-out connecting to debugging client, waited: 200 ms. Tried: ::1:9003 (from HTTP_X_FORWARDED_FOR HTTP header), localhost:9003 (fallback through xdebug.client_host/xdebug.client_port) :-(
[15-Apr-2024 07:16:57 UTC] Xdebug: [Step Debug] Time-out connecting to debugging client, waited: 200 ms. Tried: ::1:9003 (from HTTP_X_FORWARDED_FOR HTTP header), localhost:9003 (fallback through xdebug.client_host/xdebug.client_port) :-(
[15-Apr-2024 07:16:57 UTC] Xdebug: [Step Debug] Time-out connecting to debugging client, waited: 200 ms. Tried: ::1:9003 (from HTTP_X_FORWARDED_FOR HTTP header), localhost:9003 (fallback through xdebug.client_host/xdebug.client_port) :-(
[15-Apr-2024 07:16:58 UTC] Xdebug: [Step Debug] Time-out connecting to debugging client, waited: 200 ms. Tried: ::1:9003 (from HTTP_X_FORWARDED_FOR HTTP header), localhost:9003 (fallback through xdebug.client_host/xdebug.client_port) :-(
[15-Apr-2024 07:16:58 UTC] Xdebug: [Step Debug] Time-out connecting to debugging client, waited: 200 ms. Tried: ::1:9003 (from HTTP_X_FORWARDED_FOR HTTP header), localhost:9003 (fallback through xdebug.client_host/xdebug.client_port) :-(
[15-Apr-2024 07:16:59 UTC] Xdebug: [Step Debug] Time-out connecting to debugging client, waited: 200 ms. Tried: ::1:9003 (from HTTP_X_FORWARDED_FOR HTTP header), localhost:9003 (fallback through xdebug.client_host/xdebug.client_port) :-(
[15-Apr-2024 07:16:59 UTC] Xdebug: [Step Debug] Time-out connecting to debugging client, waited: 200 ms. Tried: ::1:9003 (from HTTP_X_FORWARDED_FOR HTTP header), localhost:9003 (fallback through xdebug.client_host/xdebug.client_port) :-(
[15-Apr-2024 07:16:59 UTC] Xdebug: [Step Debug] Time-out connecting to debugging client, waited: 200 ms. Tried: ::1:9003 (from HTTP_X_FORWARDED_FOR HTTP header), localhost:9003 (fallback through xdebug.client_host/xdebug.client_port) :-(
[15-Apr-2024 07:16:59 UTC] Xdebug: [Step Debug] Time-out connecting to debugging client, waited: 200 ms. Tried: ::1:9003 (from HTTP_X_FORWARDED_FOR HTTP header), localhost:9003 (fallback through xdebug.client_host/xdebug.client_port) :-(
[15-Apr-2024 07:17:00 UTC] Xdebug: [Step Debug] Time-out connecting to debugging client, waited: 200 ms. Tried: ::1:9003 (from HTTP_X_FORWARDED_FOR HTTP header), localhost:9003 (fallback through xdebug.client_host/xdebug.client_port) :-(
[15-Apr-2024 07:17:00 UTC] Xdebug: [Step Debug] Time-out connecting to debugging client, waited: 200 ms. Tried: ::1:9003 (from HTTP_X_FORWARDED_FOR HTTP header), localhost:9003 (fallback through xdebug.client_host/xdebug.client_port) :-(
[15-Apr-2024 07:17:01 UTC] Xdebug: [Step Debug] Time-out connecting to debugging client, waited: 200 ms. Tried: ::1:9003 (from HTTP_X_FORWARDED_FOR HTTP header), localhost:9003 (fallback through xdebug.client_host/xdebug.client_port) :-(
[15-Apr-2024 07:17:01 UTC] Xdebug: [Step Debug] Time-out connecting to debugging client, waited: 200 ms. Tried: ::1:9003 (from HTTP_X_FORWARDED_FOR HTTP header), localhost:9003 (fallback through xdebug.client_host/xdebug.client_port) :-(
[15-Apr-2024 07:17:01 UTC] Xdebug: [Step Debug] Time-out connecting to debugging client, waited: 200 ms. Tried: ::1:9003 (from HTTP_X_FORWARDED_FOR HTTP header), localhost:9003 (fallback through xdebug.client_host/xdebug.client_port) :-(
[15-Apr-2024 07:17:01 UTC] Xdebug: [Step Debug] Time-out connecting to debugging client, waited: 200 ms. Tried: ::1:9003 (from HTTP_X_FORWARDED_FOR HTTP header), localhost:9003 (fallback through xdebug.client_host/xdebug.client_port) :-(
[15-Apr-2024 07:17:02 UTC] Xdebug: [Step Debug] Time-out connecting to debugging client, waited: 200 ms. Tried: ::1:9003 (from HTTP_X_FORWARDED_FOR HTTP header), localhost:9003 (fallback through xdebug.client_host/xdebug.client_port) :-(
[15-Apr-2024 07:17:02 UTC] Xdebug: [Step Debug] Time-out connecting to debugging client, waited: 200 ms. Tried: ::1:9003 (from HTTP_X_FORWARDED_FOR HTTP header), localhost:9003 (fallback through xdebug.client_host/xdebug.client_port) :-(
[15-Apr-2024 07:17:03 UTC] Xdebug: [Step Debug] Time-out connecting to debugging client, waited: 200 ms. Tried: ::1:9003 (from HTTP_X_FORWARDED_FOR HTTP header), localhost:9003 (fallback through xdebug.client_host/xdebug.client_port) :-(
[15-Apr-2024 07:17:03 UTC] Xdebug: [Step Debug] Time-out connecting to debugging client, waited: 200 ms. Tried: ::1:9003 (from HTTP_X_FORWARDED_FOR HTTP header), localhost:9003 (fallback through xdebug.client_host/xdebug.client_port) :-(
[15-Apr-2024 07:17:03 UTC] Xdebug: [Step Debug] Time-out connecting to debugging client, waited: 200 ms. Tried: ::1:9003 (from HTTP_X_FORWARDED_FOR HTTP header), localhost:9003 (fallback through xdebug.client_host/xdebug.client_port) :-(
[15-Apr-2024 07:17:03 UTC] Xdebug: [Step Debug] Time-out connecting to debugging client, waited: 200 ms. Tried: ::1:9003 (from HTTP_X_FORWARDED_FOR HTTP header), localhost:9003 (fallback through xdebug.client_host/xdebug.client_port) :-(
[15-Apr-2024 07:17:04 UTC] Xdebug: [Step Debug] Time-out connecting to debugging client, waited: 200 ms. Tried: ::1:9003 (from HTTP_X_FORWARDED_FOR HTTP header), localhost:9003 (fallback through xdebug.client_host/xdebug.client_port) :-(
[15-Apr-2024 07:17:04 UTC] Xdebug: [Step Debug] Time-out connecting to debugging client, waited: 200 ms. Tried: ::1:9003 (from HTTP_X_FORWARDED_FOR HTTP header), localhost:9003 (fallback through xdebug.client_host/xdebug.client_port) :-(
[15-Apr-2024 07:17:04 UTC] Xdebug: [Step Debug] Time-out connecting to debugging client, waited: 200 ms. Tried: ::1:9003 (from HTTP_X_FORWARDED_FOR HTTP header), localhost:9003 (fallback through xdebug.client_host/xdebug.client_port) :-(
[15-Apr-2024 07:17:05 UTC] Xdebug: [Step Debug] Time-out connecting to debugging client, waited: 200 ms. Tried: ::1:9003 (from HTTP_X_FORWARDED_FOR HTTP header), localhost:9003 (fallback through xdebug.client_host/xdebug.client_port) :-(
[15-Apr-2024 07:17:05 UTC] Xdebug: [Step Debug] Time-out connecting to debugging client, waited: 200 ms. Tried: ::1:9003 (from HTTP_X_FORWARDED_FOR HTTP header), localhost:9003 (fallback through xdebug.client_host/xdebug.client_port) :-(
[15-Apr-2024 07:17:05 UTC] Xdebug: [Step Debug] Time-out connecting to debugging client, waited: 200 ms. Tried: ::1:9003 (from HTTP_X_FORWARDED_FOR HTTP header), localhost:9003 (fallback through xdebug.client_host/xdebug.client_port) :-(
[15-Apr-2024 07:17:06 UTC] Xdebug: [Step Debug] Time-out connecting to debugging client, waited: 200 ms. Tried: ::1:9003 (from HTTP_X_FORWARDED_FOR HTTP header), localhost:9003 (fallback through xdebug.client_host/xdebug.client_port) :-(
[15-Apr-2024 07:17:06 UTC] Xdebug: [Step Debug] Time-out connecting to debugging client, waited: 200 ms. Tried: ::1:9003 (from HTTP_X_FORWARDED_FOR HTTP header), localhost:9003 (fallback through xdebug.client_host/xdebug.client_port) :-(
[15-Apr-2024 07:17:07 UTC] Xdebug: [Step Debug] Time-out connecting to debugging client, waited: 200 ms. Tried: ::1:9003 (from HTTP_X_FORWARDED_FOR HTTP header), localhost:9003 (fallback through xdebug.client_host/xdebug.client_port) :-(
[15-Apr-2024 07:17:07 UTC] Xdebug: [Step Debug] Time-out connecting to debugging client, waited: 200 ms. Tried: ::1:9003 (from HTTP_X_FORWARDED_FOR HTTP header), localhost:9003 (fallback through xdebug.client_host/xdebug.client_port) :-(
[15-Apr-2024 07:17:07 UTC] Xdebug: [Step Debug] Time-out connecting to debugging client, waited: 200 ms. Tried: ::1:9003 (from HTTP_X_FORWARDED_FOR HTTP header), localhost:9003 (fallback through xdebug.client_host/xdebug.client_port) :-(
[15-Apr-2024 07:17:07 UTC] Xdebug: [Step Debug] Time-out connecting to debugging client, waited: 200 ms. Tried: ::1:9003 (from HTTP_X_FORWARDED_FOR HTTP header), localhost:9003 (fallback through xdebug.client_host/xdebug.client_port) :-(
[15-Apr-2024 07:17:08 UTC] Xdebug: [Step Debug] Time-out connecting to debugging client, waited: 200 ms. Tried: ::1:9003 (from HTTP_X_FORWARDED_FOR HTTP header), localhost:9003 (fallback through xdebug.client_host/xdebug.client_port) :-(
[15-Apr-2024 07:17:08 UTC] Xdebug: [Step Debug] Time-out connecting to debugging client, waited: 200 ms. Tried: ::1:9003 (from HTTP_X_FORWARDED_FOR HTTP header), localhost:9003 (fallback through xdebug.client_host/xdebug.client_port) :-(
[15-Apr-2024 07:17:08 UTC] Xdebug: [Step Debug] Time-out connecting to debugging client, waited: 200 ms. Tried: ::1:9003 (from HTTP_X_FORWARDED_FOR HTTP header), localhost:9003 (fallback through xdebug.client_host/xdebug.client_port) :-(
[15-Apr-2024 07:17:08 UTC] Xdebug: [Step Debug] Time-out connecting to debugging client, waited: 200 ms. Tried: ::1:9003 (from HTTP_X_FORWARDED_FOR HTTP header), localhost:9003 (fallback through xdebug.client_host/xdebug.client_port) :-(
[15-Apr-2024 07:17:09 UTC] Xdebug: [Step Debug] Time-out connecting to debugging client, waited: 200 ms. Tried: ::1:9003 (from HTTP_X_FORWARDED_FOR HTTP header), localhost:9003 (fallback through xdebug.client_host/xdebug.client_port) :-(
[15-Apr-2024 07:17:09 UTC] Xdebug: [Step Debug] Time-out connecting to debugging client, waited: 200 ms. Tried: ::1:9003 (from HTTP_X_FORWARDED_FOR HTTP header), localhost:9003 (fallback through xdebug.client_host/xdebug.client_port) :-(
[15-Apr-2024 07:17:10 UTC] Xdebug: [Step Debug] Time-out connecting to debugging client, waited: 200 ms. Tried: ::1:9003 (from HTTP_X_FORWARDED_FOR HTTP header), localhost:9003 (fallback through xdebug.client_host/xdebug.client_port) :-(
[15-Apr-2024 07:17:10 UTC] Xdebug: [Step Debug] Time-out connecting to debugging client, waited: 200 ms. Tried: ::1:9003 (from HTTP_X_FORWARDED_FOR HTTP header), localhost:9003 (fallback through xdebug.client_host/xdebug.client_port) :-(
[15-Apr-2024 07:17:10 UTC] Xdebug: [Step Debug] Time-out connecting to debugging client, waited: 200 ms. Tried: ::1:9003 (from HTTP_X_FORWARDED_FOR HTTP header), localhost:9003 (fallback through xdebug.client_host/xdebug.client_port) :-(
[15-Apr-2024 07:17:10 UTC] Xdebug: [Step Debug] Time-out connecting to debugging client, waited: 200 ms. Tried: ::1:9003 (from HTTP_X_FORWARDED_FOR HTTP header), localhost:9003 (fallback through xdebug.client_host/xdebug.client_port) :-(
[15-Apr-2024 07:17:11 UTC] Xdebug: [Step Debug] Time-out connecting to debugging client, waited: 200 ms. Tried: ::1:9003 (from HTTP_X_FORWARDED_FOR HTTP header), localhost:9003 (fallback through xdebug.client_host/xdebug.client_port) :-(
[15-Apr-2024 07:17:11 UTC] Xdebug: [Step Debug] Time-out connecting to debugging client, waited: 200 ms. Tried: ::1:9003 (from HTTP_X_FORWARDED_FOR HTTP header), localhost:9003 (fallback through xdebug.client_host/xdebug.client_port) :-(
[15-Apr-2024 07:17:12 UTC] Xdebug: [Step Debug] Time-out connecting to debugging client, waited: 200 ms. Tried: ::1:9003 (from HTTP_X_FORWARDED_FOR HTTP header), localhost:9003 (fallback through xdebug.client_host/xdebug.client_port) :-(
[15-Apr-2024 07:17:12 UTC] Xdebug: [Step Debug] Time-out connecting to debugging client, waited: 200 ms. Tried: ::1:9003 (from HTTP_X_FORWARDED_FOR HTTP header), localhost:9003 (fallback through xdebug.client_host/xdebug.client_port) :-(
[15-Apr-2024 07:17:12 UTC] Xdebug: [Step Debug] Time-out connecting to debugging client, waited: 200 ms. Tried: ::1:9003 (from HTTP_X_FORWARDED_FOR HTTP header), localhost:9003 (fallback through xdebug.client_host/xdebug.client_port) :-(
[15-Apr-2024 07:17:12 UTC] Xdebug: [Step Debug] Time-out connecting to debugging client, waited: 200 ms. Tried: ::1:9003 (from HTTP_X_FORWARDED_FOR HTTP header), localhost:9003 (fallback through xdebug.client_host/xdebug.client_port) :-(
[15-Apr-2024 07:17:13 UTC] Xdebug: [Step Debug] Time-out connecting to debugging client, waited: 200 ms. Tried: ::1:9003 (from HTTP_X_FORWARDED_FOR HTTP header), localhost:9003 (fallback through xdebug.client_host/xdebug.client_port) :-(
[15-Apr-2024 07:17:13 UTC] Xdebug: [Step Debug] Time-out connecting to debugging client, waited: 200 ms. Tried: ::1:9003 (from HTTP_X_FORWARDED_FOR HTTP header), localhost:9003 (fallback through xdebug.client_host/xdebug.client_port) :-(
[15-Apr-2024 07:17:14 UTC] Xdebug: [Step Debug] Time-out connecting to debugging client, waited: 200 ms. Tried: ::1:9003 (from HTTP_X_FORWARDED_FOR HTTP header), localhost:9003 (fallback through xdebug.client_host/xdebug.client_port) :-(
[15-Apr-2024 07:17:14 UTC] Xdebug: [Step Debug] Time-out connecting to debugging client, waited: 200 ms. Tried: ::1:9003 (from HTTP_X_FORWARDED_FOR HTTP header), localhost:9003 (fallback through xdebug.client_host/xdebug.client_port) :-(
[15-Apr-2024 07:17:14 UTC] Xdebug: [Step Debug] Time-out connecting to debugging client, waited: 200 ms. Tried: ::1:9003 (from HTTP_X_FORWARDED_FOR HTTP header), localhost:9003 (fallback through xdebug.client_host/xdebug.client_port) :-(
[15-Apr-2024 07:17:14 UTC] Xdebug: [Step Debug] Time-out connecting to debugging client, waited: 200 ms. Tried: ::1:9003 (from HTTP_X_FORWARDED_FOR HTTP header), localhost:9003 (fallback through xdebug.client_host/xdebug.client_port) :-(
[15-Apr-2024 07:17:15 UTC] Xdebug: [Step Debug] Time-out connecting to debugging client, waited: 200 ms. Tried: ::1:9003 (from HTTP_X_FORWARDED_FOR HTTP header), localhost:9003 (fallback through xdebug.client_host/xdebug.client_port) :-(
[15-Apr-2024 07:17:15 UTC] Xdebug: [Step Debug] Time-out connecting to debugging client, waited: 200 ms. Tried: ::1:9003 (from HTTP_X_FORWARDED_FOR HTTP header), localhost:9003 (fallback through xdebug.client_host/xdebug.client_port) :-(
[15-Apr-2024 07:17:16 UTC] Xdebug: [Step Debug] Time-out connecting to debugging client, waited: 200 ms. Tried: ::1:9003 (from HTTP_X_FORWARDED_FOR HTTP header), localhost:9003 (fallback through xdebug.client_host/xdebug.client_port) :-(
[15-Apr-2024 07:17:16 UTC] Xdebug: [Step Debug] Time-out connecting to debugging client, waited: 200 ms. Tried: ::1:9003 (from HTTP_X_FORWARDED_FOR HTTP header), localhost:9003 (fallback through xdebug.client_host/xdebug.client_port) :-(
[15-Apr-2024 07:17:16 UTC] Xdebug: [Step Debug] Time-out connecting to debugging client, waited: 200 ms. Tried: ::1:9003 (from HTTP_X_FORWARDED_FOR HTTP header), localhost:9003 (fallback through xdebug.client_host/xdebug.client_port) :-(
[15-Apr-2024 07:17:16 UTC] Xdebug: [Step Debug] Time-out connecting to debugging client, waited: 200 ms. Tried: ::1:9003 (from HTTP_X_FORWARDED_FOR HTTP header), localhost:9003 (fallback through xdebug.client_host/xdebug.client_port) :-(
[15-Apr-2024 07:17:17 UTC] Xdebug: [Step Debug] Time-out connecting to debugging client, waited: 200 ms. Tried: ::1:9003 (from HTTP_X_FORWARDED_FOR HTTP header), localhost:9003 (fallback through xdebug.client_host/xdebug.client_port) :-(
[15-Apr-2024 07:17:17 UTC] Xdebug: [Step Debug] Time-out connecting to debugging client, waited: 200 ms. Tried: ::1:9003 (from HTTP_X_FORWARDED_FOR HTTP header), localhost:9003 (fallback through xdebug.client_host/xdebug.client_port) :-(
[15-Apr-2024 07:17:17 UTC] Xdebug: [Step Debug] Time-out connecting to debugging client, waited: 200 ms. Tried: ::1:9003 (from HTTP_X_FORWARDED_FOR HTTP header), localhost:9003 (fallback through xdebug.client_host/xdebug.client_port) :-(
[15-Apr-2024 07:17:18 UTC] Xdebug: [Step Debug] Time-out connecting to debugging client, waited: 200 ms. Tried: ::1:9003 (from HTTP_X_FORWARDED_FOR HTTP header), localhost:9003 (fallback through xdebug.client_host/xdebug.client_port) :-(
[15-Apr-2024 07:17:18 UTC] Xdebug: [Step Debug] Time-out connecting to debugging client, waited: 200 ms. Tried: ::1:9003 (from HTTP_X_FORWARDED_FOR HTTP header), localhost:9003 (fallback through xdebug.client_host/xdebug.client_port) :-(
[15-Apr-2024 07:17:18 UTC] Xdebug: [Step Debug] Time-out connecting to debugging client, waited: 200 ms. Tried: ::1:9003 (from HTTP_X_FORWARDED_FOR HTTP header), localhost:9003 (fallback through xdebug.client_host/xdebug.client_port) :-(
[15-Apr-2024 07:17:19 UTC] Xdebug: [Step Debug] Time-out connecting to debugging client, waited: 200 ms. Tried: ::1:9003 (from HTTP_X_FORWARDED_FOR HTTP header), localhost:9003 (fallback through xdebug.client_host/xdebug.client_port) :-(
[15-Apr-2024 07:17:19 UTC] Xdebug: [Step Debug] Time-out connecting to debugging client, waited: 200 ms. Tried: ::1:9003 (from HTTP_X_FORWARDED_FOR HTTP header), localhost:9003 (fallback through xdebug.client_host/xdebug.client_port) :-(
[15-Apr-2024 07:17:19 UTC] Xdebug: [Step Debug] Time-out connecting to debugging client, waited: 200 ms. Tried: ::1:9003 (from HTTP_X_FORWARDED_FOR HTTP header), localhost:9003 (fallback through xdebug.client_host/xdebug.client_port) :-(
[15-Apr-2024 07:17:20 UTC] Xdebug: [Step Debug] Time-out connecting to debugging client, waited: 200 ms. Tried: ::1:9003 (from HTTP_X_FORWARDED_FOR HTTP header), localhost:9003 (fallback through xdebug.client_host/xdebug.client_port) :-(
[15-Apr-2024 07:17:20 UTC] Xdebug: [Step Debug] Time-out connecting to debugging client, waited: 200 ms. Tried: ::1:9003 (from HTTP_X_FORWARDED_FOR HTTP header), localhost:9003 (fallback through xdebug.client_host/xdebug.client_port) :-(
[15-Apr-2024 07:17:20 UTC] Xdebug: [Step Debug] Time-out connecting to debugging client, waited: 200 ms. Tried: ::1:9003 (from HTTP_X_FORWARDED_FOR HTTP header), localhost:9003 (fallback through xdebug.client_host/xdebug.client_port) :-(
[15-Apr-2024 07:17:21 UTC] Xdebug: [Step Debug] Time-out connecting to debugging client, waited: 200 ms. Tried: ::1:9003 (from HTTP_X_FORWARDED_FOR HTTP header), localhost:9003 (fallback through xdebug.client_host/xdebug.client_port) :-(
[15-Apr-2024 07:17:21 UTC] Xdebug: [Step Debug] Time-out connecting to debugging client, waited: 200 ms. Tried: ::1:9003 (from HTTP_X_FORWARDED_FOR HTTP header), localhost:9003 (fallback through xdebug.client_host/xdebug.client_port) :-(
[15-Apr-2024 07:17:21 UTC] Xdebug: [Step Debug] Time-out connecting to debugging client, waited: 200 ms. Tried: ::1:9003 (from HTTP_X_FORWARDED_FOR HTTP header), localhost:9003 (fallback through xdebug.client_host/xdebug.client_port) :-(
[15-Apr-2024 07:17:21 UTC] Xdebug: [Step Debug] Time-out connecting to debugging client, waited: 200 ms. Tried: ::1:9003 (from HTTP_X_FORWARDED_FOR HTTP header), localhost:9003 (fallback through xdebug.client_host/xdebug.client_port) :-(
[15-Apr-2024 07:17:22 UTC] Xdebug: [Step Debug] Time-out connecting to debugging client, waited: 200 ms. Tried: ::1:9003 (from HTTP_X_FORWARDED_FOR HTTP header), localhost:9003 (fallback through xdebug.client_host/xdebug.client_port) :-(
[15-Apr-2024 07:17:22 UTC] Xdebug: [Step Debug] Time-out connecting to debugging client, waited: 200 ms. Tried: ::1:9003 (from HTTP_X_FORWARDED_FOR HTTP header), localhost:9003 (fallback through xdebug.client_host/xdebug.client_port) :-(
[15-Apr-2024 07:17:23 UTC] Xdebug: [Step Debug] Time-out connecting to debugging client, waited: 200 ms. Tried: ::1:9003 (from HTTP_X_FORWARDED_FOR HTTP header), localhost:9003 (fallback through xdebug.client_host/xdebug.client_port) :-(
[15-Apr-2024 07:17:23 UTC] Xdebug: [Step Debug] Time-out connecting to debugging client, waited: 200 ms. Tried: ::1:9003 (from HTTP_X_FORWARDED_FOR HTTP header), localhost:9003 (fallback through xdebug.client_host/xdebug.client_port) :-(
[15-Apr-2024 07:17:23 UTC] Xdebug: [Step Debug] Time-out connecting to debugging client, waited: 200 ms. Tried: ::1:9003 (from HTTP_X_FORWARDED_FOR HTTP header), localhost:9003 (fallback through xdebug.client_host/xdebug.client_port) :-(
[15-Apr-2024 07:17:23 UTC] Xdebug: [Step Debug] Time-out connecting to debugging client, waited: 200 ms. Tried: ::1:9003 (from HTTP_X_FORWARDED_FOR HTTP header), localhost:9003 (fallback through xdebug.client_host/xdebug.client_port) :-(
[15-Apr-2024 07:17:24 UTC] Xdebug: [Step Debug] Time-out connecting to debugging client, waited: 200 ms. Tried: ::1:9003 (from HTTP_X_FORWARDED_FOR HTTP header), localhost:9003 (fallback through xdebug.client_host/xdebug.client_port) :-(
[15-Apr-2024 07:17:24 UTC] Xdebug: [Step Debug] Time-out connecting to debugging client, waited: 200 ms. Tried: ::1:9003 (from HTTP_X_FORWARDED_FOR HTTP header), localhost:9003 (fallback through xdebug.client_host/xdebug.client_port) :-(
[15-Apr-2024 07:17:25 UTC] Xdebug: [Step Debug] Time-out connecting to debugging client, waited: 200 ms. Tried: ::1:9003 (from HTTP_X_FORWARDED_FOR HTTP header), localhost:9003 (fallback through xdebug.client_host/xdebug.client_port) :-(
[15-Apr-2024 07:17:25 UTC] Xdebug: [Step Debug] Time-out connecting to debugging client, waited: 200 ms. Tried: ::1:9003 (from HTTP_X_FORWARDED_FOR HTTP header), localhost:9003 (fallback through xdebug.client_host/xdebug.client_port) :-(
[15-Apr-2024 07:17:25 UTC] Xdebug: [Step Debug] Time-out connecting to debugging client, waited: 200 ms. Tried: ::1:9003 (from HTTP_X_FORWARDED_FOR HTTP header), localhost:9003 (fallback through xdebug.client_host/xdebug.client_port) :-(
[15-Apr-2024 07:17:25 UTC] Xdebug: [Step Debug] Time-out connecting to debugging client, waited: 200 ms. Tried: ::1:9003 (from HTTP_X_FORWARDED_FOR HTTP header), localhost:9003 (fallback through xdebug.client_host/xdebug.client_port) :-(
[15-Apr-2024 07:17:26 UTC] Xdebug: [Step Debug] Time-out connecting to debugging client, waited: 200 ms. Tried: ::1:9003 (from HTTP_X_FORWARDED_FOR HTTP header), localhost:9003 (fallback through xdebug.client_host/xdebug.client_port) :-(
[15-Apr-2024 07:17:26 UTC] Xdebug: [Step Debug] Time-out connecting to debugging client, waited: 200 ms. Tried: ::1:9003 (from HTTP_X_FORWARDED_FOR HTTP header), localhost:9003 (fallback through xdebug.client_host/xdebug.client_port) :-(
[15-Apr-2024 07:17:27 UTC] Xdebug: [Step Debug] Time-out connecting to debugging client, waited: 200 ms. Tried: ::1:9003 (from HTTP_X_FORWARDED_FOR HTTP header), localhost:9003 (fallback through xdebug.client_host/xdebug.client_port) :-(
[15-Apr-2024 07:17:27 UTC] Xdebug: [Step Debug] Time-out connecting to debugging client, waited: 200 ms. Tried: ::1:9003 (from HTTP_X_FORWARDED_FOR HTTP header), localhost:9003 (fallback through xdebug.client_host/xdebug.client_port) :-(
[15-Apr-2024 07:17:27 UTC] Xdebug: [Step Debug] Time-out connecting to debugging client, waited: 200 ms. Tried: ::1:9003 (from HTTP_X_FORWARDED_FOR HTTP header), localhost:9003 (fallback through xdebug.client_host/xdebug.client_port) :-(
[15-Apr-2024 07:17:27 UTC] Xdebug: [Step Debug] Time-out connecting to debugging client, waited: 200 ms. Tried: ::1:9003 (from HTTP_X_FORWARDED_FOR HTTP header), localhost:9003 (fallback through xdebug.client_host/xdebug.client_port) :-(
[15-Apr-2024 07:17:28 UTC] Xdebug: [Step Debug] Time-out connecting to debugging client, waited: 200 ms. Tried: ::1:9003 (from HTTP_X_FORWARDED_FOR HTTP header), localhost:9003 (fallback through xdebug.client_host/xdebug.client_port) :-(
[15-Apr-2024 07:17:28 UTC] Xdebug: [Step Debug] Time-out connecting to debugging client, waited: 200 ms. Tried: ::1:9003 (from HTTP_X_FORWARDED_FOR HTTP header), localhost:9003 (fallback through xdebug.client_host/xdebug.client_port) :-(
[15-Apr-2024 07:17:29 UTC] Xdebug: [Step Debug] Time-out connecting to debugging client, waited: 200 ms. Tried: ::1:9003 (from HTTP_X_FORWARDED_FOR HTTP header), localhost:9003 (fallback through xdebug.client_host/xdebug.client_port) :-(
[15-Apr-2024 07:17:29 UTC] Xdebug: [Step Debug] Time-out connecting to debugging client, waited: 200 ms. Tried: ::1:9003 (from HTTP_X_FORWARDED_FOR HTTP header), localhost:9003 (fallback through xdebug.client_host/xdebug.client_port) :-(
[15-Apr-2024 07:17:29 UTC] Xdebug: [Step Debug] Time-out connecting to debugging client, waited: 200 ms. Tried: ::1:9003 (from HTTP_X_FORWARDED_FOR HTTP header), localhost:9003 (fallback through xdebug.client_host/xdebug.client_port) :-(
[15-Apr-2024 07:17:29 UTC] Xdebug: [Step Debug] Time-out connecting to debugging client, waited: 200 ms. Tried: ::1:9003 (from HTTP_X_FORWARDED_FOR HTTP header), localhost:9003 (fallback through xdebug.client_host/xdebug.client_port) :-(
[15-Apr-2024 07:17:30 UTC] Xdebug: [Step Debug] Time-out connecting to debugging client, waited: 200 ms. Tried: ::1:9003 (from HTTP_X_FORWARDED_FOR HTTP header), localhost:9003 (fallback through xdebug.client_host/xdebug.client_port) :-(
[15-Apr-2024 07:17:30 UTC] Xdebug: [Step Debug] Time-out connecting to debugging client, waited: 200 ms. Tried: ::1:9003 (from HTTP_X_FORWARDED_FOR HTTP header), localhost:9003 (fallback through xdebug.client_host/xdebug.client_port) :-(
[15-Apr-2024 07:17:30 UTC] Xdebug: [Step Debug] Time-out connecting to debugging client, waited: 200 ms. Tried: ::1:9003 (from HTTP_X_FORWARDED_FOR HTTP header), localhost:9003 (fallback through xdebug.client_host/xdebug.client_port) :-(
[15-Apr-2024 07:17:31 UTC] Xdebug: [Step Debug] Time-out connecting to debugging client, waited: 200 ms. Tried: ::1:9003 (from HTTP_X_FORWARDED_FOR HTTP header), localhost:9003 (fallback through xdebug.client_host/xdebug.client_port) :-(
[15-Apr-2024 07:17:31 UTC] Xdebug: [Step Debug] Time-out connecting to debugging client, waited: 200 ms. Tried: ::1:9003 (from HTTP_X_FORWARDED_FOR HTTP header), localhost:9003 (fallback through xdebug.client_host/xdebug.client_port) :-(
[15-Apr-2024 07:17:31 UTC] Xdebug: [Step Debug] Time-out connecting to debugging client, waited: 200 ms. Tried: ::1:9003 (from HTTP_X_FORWARDED_FOR HTTP header), localhost:9003 (fallback through xdebug.client_host/xdebug.client_port) :-(
[15-Apr-2024 07:17:32 UTC] Xdebug: [Step Debug] Time-out connecting to debugging client, waited: 200 ms. Tried: ::1:9003 (from HTTP_X_FORWARDED_FOR HTTP header), localhost:9003 (fallback through xdebug.client_host/xdebug.client_port) :-(
[15-Apr-2024 07:17:32 UTC] Xdebug: [Step Debug] Time-out connecting to debugging client, waited: 200 ms. Tried: ::1:9003 (from HTTP_X_FORWARDED_FOR HTTP header), localhost:9003 (fallback through xdebug.client_host/xdebug.client_port) :-(
[15-Apr-2024 07:17:33 UTC] Xdebug: [Step Debug] Time-out connecting to debugging client, waited: 200 ms. Tried: ::1:9003 (from HTTP_X_FORWARDED_FOR HTTP header), localhost:9003 (fallback through xdebug.client_host/xdebug.client_port) :-(
[15-Apr-2024 07:17:33 UTC] Xdebug: [Step Debug] Time-out connecting to debugging client, waited: 200 ms. Tried: ::1:9003 (from HTTP_X_FORWARDED_FOR HTTP header), localhost:9003 (fallback through xdebug.client_host/xdebug.client_port) :-(
[15-Apr-2024 07:17:33 UTC] Xdebug: [Step Debug] Time-out connecting to debugging client, waited: 200 ms. Tried: ::1:9003 (from HTTP_X_FORWARDED_FOR HTTP header), localhost:9003 (fallback through xdebug.client_host/xdebug.client_port) :-(
[15-Apr-2024 07:17:33 UTC] Xdebug: [Step Debug] Time-out connecting to debugging client, waited: 200 ms. Tried: ::1:9003 (from HTTP_X_FORWARDED_FOR HTTP header), localhost:9003 (fallback through xdebug.client_host/xdebug.client_port) :-(
[15-Apr-2024 07:17:34 UTC] Xdebug: [Step Debug] Time-out connecting to debugging client, waited: 200 ms. Tried: ::1:9003 (from HTTP_X_FORWARDED_FOR HTTP header), localhost:9003 (fallback through xdebug.client_host/xdebug.client_port) :-(
[15-Apr-2024 07:17:34 UTC] Xdebug: [Step Debug] Time-out connecting to debugging client, waited: 200 ms. Tried: ::1:9003 (from HTTP_X_FORWARDED_FOR HTTP header), localhost:9003 (fallback through xdebug.client_host/xdebug.client_port) :-(
[15-Apr-2024 07:17:34 UTC] Xdebug: [Step Debug] Time-out connecting to debugging client, waited: 200 ms. Tried: ::1:9003 (from HTTP_X_FORWARDED_FOR HTTP header), localhost:9003 (fallback through xdebug.client_host/xdebug.client_port) :-(
[15-Apr-2024 07:17:34 UTC] Xdebug: [Step Debug] Time-out connecting to debugging client, waited: 200 ms. Tried: ::1:9003 (from HTTP_X_FORWARDED_FOR HTTP header), localhost:9003 (fallback through xdebug.client_host/xdebug.client_port) :-(
[15-Apr-2024 07:17:35 UTC] Xdebug: [Step Debug] Time-out connecting to debugging client, waited: 200 ms. Tried: ::1:9003 (from HTTP_X_FORWARDED_FOR HTTP header), localhost:9003 (fallback through xdebug.client_host/xdebug.client_port) :-(
[15-Apr-2024 07:17:35 UTC] Xdebug: [Step Debug] Time-out connecting to debugging client, waited: 200 ms. Tried: ::1:9003 (from HTTP_X_FORWARDED_FOR HTTP header), localhost:9003 (fallback through xdebug.client_host/xdebug.client_port) :-(
[15-Apr-2024 07:17:36 UTC] Xdebug: [Step Debug] Time-out connecting to debugging client, waited: 200 ms. Tried: ::1:9003 (from HTTP_X_FORWARDED_FOR HTTP header), localhost:9003 (fallback through xdebug.client_host/xdebug.client_port) :-(
[15-Apr-2024 07:17:36 UTC] Xdebug: [Step Debug] Time-out connecting to debugging client, waited: 200 ms. Tried: ::1:9003 (from HTTP_X_FORWARDED_FOR HTTP header), localhost:9003 (fallback through xdebug.client_host/xdebug.client_port) :-(
[15-Apr-2024 07:17:36 UTC] Xdebug: [Step Debug] Time-out connecting to debugging client, waited: 200 ms. Tried: ::1:9003 (from HTTP_X_FORWARDED_FOR HTTP header), localhost:9003 (fallback through xdebug.client_host/xdebug.client_port) :-(
[15-Apr-2024 07:17:36 UTC] Xdebug: [Step Debug] Time-out connecting to debugging client, waited: 200 ms. Tried: ::1:9003 (from HTTP_X_FORWARDED_FOR HTTP header), localhost:9003 (fallback through xdebug.client_host/xdebug.client_port) :-(
[15-Apr-2024 07:17:37 UTC] Xdebug: [Step Debug] Time-out connecting to debugging client, waited: 200 ms. Tried: ::1:9003 (from HTTP_X_FORWARDED_FOR HTTP header), localhost:9003 (fallback through xdebug.client_host/xdebug.client_port) :-(
[15-Apr-2024 07:17:37 UTC] Xdebug: [Step Debug] Time-out connecting to debugging client, waited: 200 ms. Tried: ::1:9003 (from HTTP_X_FORWARDED_FOR HTTP header), localhost:9003 (fallback through xdebug.client_host/xdebug.client_port) :-(
[15-Apr-2024 07:17:38 UTC] Xdebug: [Step Debug] Time-out connecting to debugging client, waited: 200 ms. Tried: ::1:9003 (from HTTP_X_FORWARDED_FOR HTTP header), localhost:9003 (fallback through xdebug.client_host/xdebug.client_port) :-(
[15-Apr-2024 07:17:38 UTC] Xdebug: [Step Debug] Time-out connecting to debugging client, waited: 200 ms. Tried: ::1:9003 (from HTTP_X_FORWARDED_FOR HTTP header), localhost:9003 (fallback through xdebug.client_host/xdebug.client_port) :-(
[15-Apr-2024 07:17:38 UTC] Xdebug: [Step Debug] Time-out connecting to debugging client, waited: 200 ms. Tried: ::1:9003 (from HTTP_X_FORWARDED_FOR HTTP header), localhost:9003 (fallback through xdebug.client_host/xdebug.client_port) :-(
[15-Apr-2024 07:17:38 UTC] Xdebug: [Step Debug] Time-out connecting to debugging client, waited: 200 ms. Tried: ::1:9003 (from HTTP_X_FORWARDED_FOR HTTP header), localhost:9003 (fallback through xdebug.client_host/xdebug.client_port) :-(
[15-Apr-2024 07:17:39 UTC] Xdebug: [Step Debug] Time-out connecting to debugging client, waited: 200 ms. Tried: ::1:9003 (from HTTP_X_FORWARDED_FOR HTTP header), localhost:9003 (fallback through xdebug.client_host/xdebug.client_port) :-(
[15-Apr-2024 07:17:39 UTC] Xdebug: [Step Debug] Time-out connecting to debugging client, waited: 200 ms. Tried: ::1:9003 (from HTTP_X_FORWARDED_FOR HTTP header), localhost:9003 (fallback through xdebug.client_host/xdebug.client_port) :-(
[15-Apr-2024 07:17:40 UTC] Xdebug: [Step Debug] Time-out connecting to debugging client, waited: 200 ms. Tried: ::1:9003 (from HTTP_X_FORWARDED_FOR HTTP header), localhost:9003 (fallback through xdebug.client_host/xdebug.client_port) :-(
[15-Apr-2024 07:17:40 UTC] Xdebug: [Step Debug] Time-out connecting to debugging client, waited: 200 ms. Tried: ::1:9003 (from HTTP_X_FORWARDED_FOR HTTP header), localhost:9003 (fallback through xdebug.client_host/xdebug.client_port) :-(
[15-Apr-2024 07:17:40 UTC] Xdebug: [Step Debug] Time-out connecting to debugging client, waited: 200 ms. Tried: ::1:9003 (from HTTP_X_FORWARDED_FOR HTTP header), localhost:9003 (fallback through xdebug.client_host/xdebug.client_port) :-(
[15-Apr-2024 07:17:40 UTC] Xdebug: [Step Debug] Time-out connecting to debugging client, waited: 200 ms. Tried: ::1:9003 (from HTTP_X_FORWARDED_FOR HTTP header), localhost:9003 (fallback through xdebug.client_host/xdebug.client_port) :-(
[15-Apr-2024 07:17:41 UTC] Xdebug: [Step Debug] Time-out connecting to debugging client, waited: 200 ms. Tried: ::1:9003 (from HTTP_X_FORWARDED_FOR HTTP header), localhost:9003 (fallback through xdebug.client_host/xdebug.client_port) :-(
[15-Apr-2024 07:17:41 UTC] Xdebug: [Step Debug] Time-out connecting to debugging client, waited: 200 ms. Tried: ::1:9003 (from HTTP_X_FORWARDED_FOR HTTP header), localhost:9003 (fallback through xdebug.client_host/xdebug.client_port) :-(
[15-Apr-2024 07:17:42 UTC] Xdebug: [Step Debug] Time-out connecting to debugging client, waited: 200 ms. Tried: ::1:9003 (from HTTP_X_FORWARDED_FOR HTTP header), localhost:9003 (fallback through xdebug.client_host/xdebug.client_port) :-(
[15-Apr-2024 07:17:42 UTC] Xdebug: [Step Debug] Time-out connecting to debugging client, waited: 200 ms. Tried: ::1:9003 (from HTTP_X_FORWARDED_FOR HTTP header), localhost:9003 (fallback through xdebug.client_host/xdebug.client_port) :-(
[15-Apr-2024 07:17:42 UTC] Xdebug: [Step Debug] Time-out connecting to debugging client, waited: 200 ms. Tried: ::1:9003 (from HTTP_X_FORWARDED_FOR HTTP header), localhost:9003 (fallback through xdebug.client_host/xdebug.client_port) :-(
[15-Apr-2024 07:17:42 UTC] Xdebug: [Step Debug] Time-out connecting to debugging client, waited: 200 ms. Tried: ::1:9003 (from HTTP_X_FORWARDED_FOR HTTP header), localhost:9003 (fallback through xdebug.client_host/xdebug.client_port) :-(
[15-Apr-2024 07:17:43 UTC] Xdebug: [Step Debug] Time-out connecting to debugging client, waited: 200 ms. Tried: ::1:9003 (from HTTP_X_FORWARDED_FOR HTTP header), localhost:9003 (fallback through xdebug.client_host/xdebug.client_port) :-(
[15-Apr-2024 07:17:43 UTC] Xdebug: [Step Debug] Time-out connecting to debugging client, waited: 200 ms. Tried: ::1:9003 (from HTTP_X_FORWARDED_FOR HTTP header), localhost:9003 (fallback through xdebug.client_host/xdebug.client_port) :-(
[15-Apr-2024 07:17:44 UTC] Xdebug: [Step Debug] Time-out connecting to debugging client, waited: 200 ms. Tried: ::1:9003 (from HTTP_X_FORWARDED_FOR HTTP header), localhost:9003 (fallback through xdebug.client_host/xdebug.client_port) :-(
[15-Apr-2024 07:17:44 UTC] Xdebug: [Step Debug] Time-out connecting to debugging client, waited: 200 ms. Tried: ::1:9003 (from HTTP_X_FORWARDED_FOR HTTP header), localhost:9003 (fallback through xdebug.client_host/xdebug.client_port) :-(
[15-Apr-2024 07:17:44 UTC] Xdebug: [Step Debug] Time-out connecting to debugging client, waited: 200 ms. Tried: ::1:9003 (from HTTP_X_FORWARDED_FOR HTTP header), localhost:9003 (fallback through xdebug.client_host/xdebug.client_port) :-(
[15-Apr-2024 07:17:44 UTC] Xdebug: [Step Debug] Time-out connecting to debugging client, waited: 200 ms. Tried: ::1:9003 (from HTTP_X_FORWARDED_FOR HTTP header), localhost:9003 (fallback through xdebug.client_host/xdebug.client_port) :-(
[15-Apr-2024 07:17:45 UTC] Xdebug: [Step Debug] Time-out connecting to debugging client, waited: 200 ms. Tried: ::1:9003 (from HTTP_X_FORWARDED_FOR HTTP header), localhost:9003 (fallback through xdebug.client_host/xdebug.client_port) :-(
[15-Apr-2024 07:17:45 UTC] Xdebug: [Step Debug] Time-out connecting to debugging client, waited: 200 ms. Tried: ::1:9003 (from HTTP_X_FORWARDED_FOR HTTP header), localhost:9003 (fallback through xdebug.client_host/xdebug.client_port) :-(
[15-Apr-2024 07:17:46 UTC] Xdebug: [Step Debug] Time-out connecting to debugging client, waited: 200 ms. Tried: ::1:9003 (from HTTP_X_FORWARDED_FOR HTTP header), localhost:9003 (fallback through xdebug.client_host/xdebug.client_port) :-(
[15-Apr-2024 07:17:46 UTC] Xdebug: [Step Debug] Time-out connecting to debugging client, waited: 200 ms. Tried: ::1:9003 (from HTTP_X_FORWARDED_FOR HTTP header), localhost:9003 (fallback through xdebug.client_host/xdebug.client_port) :-(
[15-Apr-2024 07:17:46 UTC] Xdebug: [Step Debug] Time-out connecting to debugging client, waited: 200 ms. Tried: ::1:9003 (from HTTP_X_FORWARDED_FOR HTTP header), localhost:9003 (fallback through xdebug.client_host/xdebug.client_port) :-(
[15-Apr-2024 07:17:46 UTC] Xdebug: [Step Debug] Time-out connecting to debugging client, waited: 200 ms. Tried: ::1:9003 (from HTTP_X_FORWARDED_FOR HTTP header), localhost:9003 (fallback through xdebug.client_host/xdebug.client_port) :-(
[15-Apr-2024 07:17:47 UTC] Xdebug: [Step Debug] Time-out connecting to debugging client, waited: 200 ms. Tried: ::1:9003 (from HTTP_X_FORWARDED_FOR HTTP header), localhost:9003 (fallback through xdebug.client_host/xdebug.client_port) :-(
[15-Apr-2024 07:17:47 UTC] Xdebug: [Step Debug] Time-out connecting to debugging client, waited: 200 ms. Tried: ::1:9003 (from HTTP_X_FORWARDED_FOR HTTP header), localhost:9003 (fallback through xdebug.client_host/xdebug.client_port) :-(
[15-Apr-2024 07:17:47 UTC] Xdebug: [Step Debug] Time-out connecting to debugging client, waited: 200 ms. Tried: ::1:9003 (from HTTP_X_FORWARDED_FOR HTTP header), localhost:9003 (fallback through xdebug.client_host/xdebug.client_port) :-(
[15-Apr-2024 07:17:47 UTC] Xdebug: [Step Debug] Time-out connecting to debugging client, waited: 200 ms. Tried: ::1:9003 (from HTTP_X_FORWARDED_FOR HTTP header), localhost:9003 (fallback through xdebug.client_host/xdebug.client_port) :-(
[15-Apr-2024 07:17:48 UTC] Xdebug: [Step Debug] Time-out connecting to debugging client, waited: 200 ms. Tried: ::1:9003 (from HTTP_X_FORWARDED_FOR HTTP header), localhost:9003 (fallback through xdebug.client_host/xdebug.client_port) :-(
[15-Apr-2024 07:17:48 UTC] Xdebug: [Step Debug] Time-out connecting to debugging client, waited: 200 ms. Tried: ::1:9003 (from HTTP_X_FORWARDED_FOR HTTP header), localhost:9003 (fallback through xdebug.client_host/xdebug.client_port) :-(
[15-Apr-2024 07:17:49 UTC] Xdebug: [Step Debug] Time-out connecting to debugging client, waited: 200 ms. Tried: ::1:9003 (from HTTP_X_FORWARDED_FOR HTTP header), localhost:9003 (fallback through xdebug.client_host/xdebug.client_port) :-(
[15-Apr-2024 07:17:49 UTC] Xdebug: [Step Debug] Time-out connecting to debugging client, waited: 200 ms. Tried: ::1:9003 (from HTTP_X_FORWARDED_FOR HTTP header), localhost:9003 (fallback through xdebug.client_host/xdebug.client_port) :-(
[15-Apr-2024 07:17:49 UTC] Xdebug: [Step Debug] Time-out connecting to debugging client, waited: 200 ms. Tried: ::1:9003 (from HTTP_X_FORWARDED_FOR HTTP header), localhost:9003 (fallback through xdebug.client_host/xdebug.client_port) :-(
[15-Apr-2024 07:17:49 UTC] Xdebug: [Step Debug] Time-out connecting to debugging client, waited: 200 ms. Tried: ::1:9003 (from HTTP_X_FORWARDED_FOR HTTP header), localhost:9003 (fallback through xdebug.client_host/xdebug.client_port) :-(
[15-Apr-2024 07:17:50 UTC] Xdebug: [Step Debug] Time-out connecting to debugging client, waited: 200 ms. Tried: ::1:9003 (from HTTP_X_FORWARDED_FOR HTTP header), localhost:9003 (fallback through xdebug.client_host/xdebug.client_port) :-(
[15-Apr-2024 07:17:50 UTC] Xdebug: [Step Debug] Time-out connecting to debugging client, waited: 200 ms. Tried: ::1:9003 (from HTTP_X_FORWARDED_FOR HTTP header), localhost:9003 (fallback through xdebug.client_host/xdebug.client_port) :-(
[15-Apr-2024 07:17:51 UTC] Xdebug: [Step Debug] Time-out connecting to debugging client, waited: 200 ms. Tried: ::1:9003 (from HTTP_X_FORWARDED_FOR HTTP header), localhost:9003 (fallback through xdebug.client_host/xdebug.client_port) :-(
[15-Apr-2024 07:17:51 UTC] Xdebug: [Step Debug] Time-out connecting to debugging client, waited: 200 ms. Tried: ::1:9003 (from HTTP_X_FORWARDED_FOR HTTP header), localhost:9003 (fallback through xdebug.client_host/xdebug.client_port) :-(
[15-Apr-2024 07:17:51 UTC] Xdebug: [Step Debug] Time-out connecting to debugging client, waited: 200 ms. Tried: ::1:9003 (from HTTP_X_FORWARDED_FOR HTTP header), localhost:9003 (fallback through xdebug.client_host/xdebug.client_port) :-(
[15-Apr-2024 07:17:51 UTC] Xdebug: [Step Debug] Time-out connecting to debugging client, waited: 200 ms. Tried: ::1:9003 (from HTTP_X_FORWARDED_FOR HTTP header), localhost:9003 (fallback through xdebug.client_host/xdebug.client_port) :-(
[15-Apr-2024 07:17:52 UTC] Xdebug: [Step Debug] Time-out connecting to debugging client, waited: 200 ms. Tried: ::1:9003 (from HTTP_X_FORWARDED_FOR HTTP header), localhost:9003 (fallback through xdebug.client_host/xdebug.client_port) :-(
[15-Apr-2024 07:17:52 UTC] Xdebug: [Step Debug] Time-out connecting to debugging client, waited: 200 ms. Tried: ::1:9003 (from HTTP_X_FORWARDED_FOR HTTP header), localhost:9003 (fallback through xdebug.client_host/xdebug.client_port) :-(
[15-Apr-2024 07:17:53 UTC] Xdebug: [Step Debug] Time-out connecting to debugging client, waited: 200 ms. Tried: ::1:9003 (from HTTP_X_FORWARDED_FOR HTTP header), localhost:9003 (fallback through xdebug.client_host/xdebug.client_port) :-(
[15-Apr-2024 07:17:53 UTC] Xdebug: [Step Debug] Time-out connecting to debugging client, waited: 200 ms. Tried: ::1:9003 (from HTTP_X_FORWARDED_FOR HTTP header), localhost:9003 (fallback through xdebug.client_host/xdebug.client_port) :-(
[15-Apr-2024 07:17:53 UTC] Xdebug: [Step Debug] Time-out connecting to debugging client, waited: 200 ms. Tried: ::1:9003 (from HTTP_X_FORWARDED_FOR HTTP header), localhost:9003 (fallback through xdebug.client_host/xdebug.client_port) :-(
[15-Apr-2024 07:17:53 UTC] Xdebug: [Step Debug] Time-out connecting to debugging client, waited: 200 ms. Tried: ::1:9003 (from HTTP_X_FORWARDED_FOR HTTP header), localhost:9003 (fallback through xdebug.client_host/xdebug.client_port) :-(
[15-Apr-2024 07:17:54 UTC] Xdebug: [Step Debug] Time-out connecting to debugging client, waited: 200 ms. Tried: ::1:9003 (from HTTP_X_FORWARDED_FOR HTTP header), localhost:9003 (fallback through xdebug.client_host/xdebug.client_port) :-(
[15-Apr-2024 07:17:54 UTC] Xdebug: [Step Debug] Time-out connecting to debugging client, waited: 200 ms. Tried: ::1:9003 (from HTTP_X_FORWARDED_FOR HTTP header), localhost:9003 (fallback through xdebug.client_host/xdebug.client_port) :-(
[15-Apr-2024 07:17:55 UTC] Xdebug: [Step Debug] Time-out connecting to debugging client, waited: 200 ms. Tried: ::1:9003 (from HTTP_X_FORWARDED_FOR HTTP header), localhost:9003 (fallback through xdebug.client_host/xdebug.client_port) :-(
[15-Apr-2024 07:17:55 UTC] Xdebug: [Step Debug] Time-out connecting to debugging client, waited: 200 ms. Tried: ::1:9003 (from HTTP_X_FORWARDED_FOR HTTP header), localhost:9003 (fallback through xdebug.client_host/xdebug.client_port) :-(
[15-Apr-2024 07:17:55 UTC] Xdebug: [Step Debug] Time-out connecting to debugging client, waited: 200 ms. Tried: ::1:9003 (from HTTP_X_FORWARDED_FOR HTTP header), localhost:9003 (fallback through xdebug.client_host/xdebug.client_port) :-(
[15-Apr-2024 07:17:55 UTC] Xdebug: [Step Debug] Time-out connecting to debugging client, waited: 200 ms. Tried: ::1:9003 (from HTTP_X_FORWARDED_FOR HTTP header), localhost:9003 (fallback through xdebug.client_host/xdebug.client_port) :-(
[15-Apr-2024 07:17:56 UTC] Xdebug: [Step Debug] Time-out connecting to debugging client, waited: 200 ms. Tried: ::1:9003 (from HTTP_X_FORWARDED_FOR HTTP header), localhost:9003 (fallback through xdebug.client_host/xdebug.client_port) :-(
[15-Apr-2024 07:17:56 UTC] Xdebug: [Step Debug] Time-out connecting to debugging client, waited: 200 ms. Tried: ::1:9003 (from HTTP_X_FORWARDED_FOR HTTP header), localhost:9003 (fallback through xdebug.client_host/xdebug.client_port) :-(
[15-Apr-2024 07:17:57 UTC] Xdebug: [Step Debug] Time-out connecting to debugging client, waited: 200 ms. Tried: ::1:9003 (from HTTP_X_FORWARDED_FOR HTTP header), localhost:9003 (fallback through xdebug.client_host/xdebug.client_port) :-(
[15-Apr-2024 07:17:57 UTC] Xdebug: [Step Debug] Time-out connecting to debugging client, waited: 200 ms. Tried: ::1:9003 (from HTTP_X_FORWARDED_FOR HTTP header), localhost:9003 (fallback through xdebug.client_host/xdebug.client_port) :-(
[15-Apr-2024 07:17:57 UTC] Xdebug: [Step Debug] Time-out connecting to debugging client, waited: 200 ms. Tried: ::1:9003 (from HTTP_X_FORWARDED_FOR HTTP header), localhost:9003 (fallback through xdebug.client_host/xdebug.client_port) :-(
[15-Apr-2024 07:17:57 UTC] Xdebug: [Step Debug] Time-out connecting to debugging client, waited: 200 ms. Tried: ::1:9003 (from HTTP_X_FORWARDED_FOR HTTP header), localhost:9003 (fallback through xdebug.client_host/xdebug.client_port) :-(
[15-Apr-2024 07:17:58 UTC] Xdebug: [Step Debug] Time-out connecting to debugging client, waited: 200 ms. Tried: ::1:9003 (from HTTP_X_FORWARDED_FOR HTTP header), localhost:9003 (fallback through xdebug.client_host/xdebug.client_port) :-(
[15-Apr-2024 07:17:58 UTC] Xdebug: [Step Debug] Time-out connecting to debugging client, waited: 200 ms. Tried: ::1:9003 (from HTTP_X_FORWARDED_FOR HTTP header), localhost:9003 (fallback through xdebug.client_host/xdebug.client_port) :-(
[15-Apr-2024 07:17:59 UTC] Xdebug: [Step Debug] Time-out connecting to debugging client, waited: 200 ms. Tried: ::1:9003 (from HTTP_X_FORWARDED_FOR HTTP header), localhost:9003 (fallback through xdebug.client_host/xdebug.client_port) :-(
[15-Apr-2024 07:17:59 UTC] Xdebug: [Step Debug] Time-out connecting to debugging client, waited: 200 ms. Tried: ::1:9003 (from HTTP_X_FORWARDED_FOR HTTP header), localhost:9003 (fallback through xdebug.client_host/xdebug.client_port) :-(
[15-Apr-2024 07:17:59 UTC] Xdebug: [Step Debug] Time-out connecting to debugging client, waited: 200 ms. Tried: ::1:9003 (from HTTP_X_FORWARDED_FOR HTTP header), localhost:9003 (fallback through xdebug.client_host/xdebug.client_port) :-(
[15-Apr-2024 07:17:59 UTC] Xdebug: [Step Debug] Time-out connecting to debugging client, waited: 200 ms. Tried: ::1:9003 (from HTTP_X_FORWARDED_FOR HTTP header), localhost:9003 (fallback through xdebug.client_host/xdebug.client_port) :-(
[15-Apr-2024 07:18:00 UTC] Xdebug: [Step Debug] Time-out connecting to debugging client, waited: 200 ms. Tried: ::1:9003 (from HTTP_X_FORWARDED_FOR HTTP header), localhost:9003 (fallback through xdebug.client_host/xdebug.client_port) :-(
[15-Apr-2024 07:18:00 UTC] Xdebug: [Step Debug] Time-out connecting to debugging client, waited: 200 ms. Tried: ::1:9003 (from HTTP_X_FORWARDED_FOR HTTP header), localhost:9003 (fallback through xdebug.client_host/xdebug.client_port) :-(
[15-Apr-2024 07:18:00 UTC] Xdebug: [Step Debug] Time-out connecting to debugging client, waited: 200 ms. Tried: ::1:9003 (from HTTP_X_FORWARDED_FOR HTTP header), localhost:9003 (fallback through xdebug.client_host/xdebug.client_port) :-(
[15-Apr-2024 07:18:00 UTC] Xdebug: [Step Debug] Time-out connecting to debugging client, waited: 200 ms. Tried: ::1:9003 (from HTTP_X_FORWARDED_FOR HTTP header), localhost:9003 (fallback through xdebug.client_host/xdebug.client_port) :-(
[15-Apr-2024 07:18:01 UTC] Xdebug: [Step Debug] Time-out connecting to debugging client, waited: 200 ms. Tried: ::1:9003 (from HTTP_X_FORWARDED_FOR HTTP header), localhost:9003 (fallback through xdebug.client_host/xdebug.client_port) :-(
[15-Apr-2024 07:18:01 UTC] Xdebug: [Step Debug] Time-out connecting to debugging client, waited: 200 ms. Tried: ::1:9003 (from HTTP_X_FORWARDED_FOR HTTP header), localhost:9003 (fallback through xdebug.client_host/xdebug.client_port) :-(
[15-Apr-2024 07:18:02 UTC] Xdebug: [Step Debug] Time-out connecting to debugging client, waited: 200 ms. Tried: ::1:9003 (from HTTP_X_FORWARDED_FOR HTTP header), localhost:9003 (fallback through xdebug.client_host/xdebug.client_port) :-(
[15-Apr-2024 07:18:02 UTC] Xdebug: [Step Debug] Time-out connecting to debugging client, waited: 200 ms. Tried: ::1:9003 (from HTTP_X_FORWARDED_FOR HTTP header), localhost:9003 (fallback through xdebug.client_host/xdebug.client_port) :-(
[15-Apr-2024 07:18:02 UTC] Xdebug: [Step Debug] Time-out connecting to debugging client, waited: 200 ms. Tried: ::1:9003 (from HTTP_X_FORWARDED_FOR HTTP header), localhost:9003 (fallback through xdebug.client_host/xdebug.client_port) :-(
[15-Apr-2024 07:18:02 UTC] Xdebug: [Step Debug] Time-out connecting to debugging client, waited: 200 ms. Tried: ::1:9003 (from HTTP_X_FORWARDED_FOR HTTP header), localhost:9003 (fallback through xdebug.client_host/xdebug.client_port) :-(
[15-Apr-2024 07:18:03 UTC] Xdebug: [Step Debug] Time-out connecting to debugging client, waited: 200 ms. Tried: ::1:9003 (from HTTP_X_FORWARDED_FOR HTTP header), localhost:9003 (fallback through xdebug.client_host/xdebug.client_port) :-(
[15-Apr-2024 07:18:03 UTC] Xdebug: [Step Debug] Time-out connecting to debugging client, waited: 200 ms. Tried: ::1:9003 (from HTTP_X_FORWARDED_FOR HTTP header), localhost:9003 (fallback through xdebug.client_host/xdebug.client_port) :-(
[15-Apr-2024 07:18:04 UTC] Xdebug: [Step Debug] Time-out connecting to debugging client, waited: 200 ms. Tried: ::1:9003 (from HTTP_X_FORWARDED_FOR HTTP header), localhost:9003 (fallback through xdebug.client_host/xdebug.client_port) :-(
[15-Apr-2024 07:18:04 UTC] Xdebug: [Step Debug] Time-out connecting to debugging client, waited: 200 ms. Tried: ::1:9003 (from HTTP_X_FORWARDED_FOR HTTP header), localhost:9003 (fallback through xdebug.client_host/xdebug.client_port) :-(
[15-Apr-2024 07:18:04 UTC] Xdebug: [Step Debug] Time-out connecting to debugging client, waited: 200 ms. Tried: ::1:9003 (from HTTP_X_FORWARDED_FOR HTTP header), localhost:9003 (fallback through xdebug.client_host/xdebug.client_port) :-(
[15-Apr-2024 07:18:04 UTC] Xdebug: [Step Debug] Time-out connecting to debugging client, waited: 200 ms. Tried: ::1:9003 (from HTTP_X_FORWARDED_FOR HTTP header), localhost:9003 (fallback through xdebug.client_host/xdebug.client_port) :-(
[15-Apr-2024 07:18:05 UTC] Xdebug: [Step Debug] Time-out connecting to debugging client, waited: 200 ms. Tried: ::1:9003 (from HTTP_X_FORWARDED_FOR HTTP header), localhost:9003 (fallback through xdebug.client_host/xdebug.client_port) :-(
[15-Apr-2024 07:18:05 UTC] Xdebug: [Step Debug] Time-out connecting to debugging client, waited: 200 ms. Tried: ::1:9003 (from HTTP_X_FORWARDED_FOR HTTP header), localhost:9003 (fallback through xdebug.client_host/xdebug.client_port) :-(
[15-Apr-2024 07:18:06 UTC] Xdebug: [Step Debug] Time-out connecting to debugging client, waited: 200 ms. Tried: ::1:9003 (from HTTP_X_FORWARDED_FOR HTTP header), localhost:9003 (fallback through xdebug.client_host/xdebug.client_port) :-(
[15-Apr-2024 07:18:06 UTC] Xdebug: [Step Debug] Time-out connecting to debugging client, waited: 200 ms. Tried: ::1:9003 (from HTTP_X_FORWARDED_FOR HTTP header), localhost:9003 (fallback through xdebug.client_host/xdebug.client_port) :-(
[15-Apr-2024 07:18:06 UTC] Xdebug: [Step Debug] Time-out connecting to debugging client, waited: 200 ms. Tried: ::1:9003 (from HTTP_X_FORWARDED_FOR HTTP header), localhost:9003 (fallback through xdebug.client_host/xdebug.client_port) :-(
[15-Apr-2024 07:18:06 UTC] Xdebug: [Step Debug] Time-out connecting to debugging client, waited: 200 ms. Tried: ::1:9003 (from HTTP_X_FORWARDED_FOR HTTP header), localhost:9003 (fallback through xdebug.client_host/xdebug.client_port) :-(
[15-Apr-2024 07:18:07 UTC] Xdebug: [Step Debug] Time-out connecting to debugging client, waited: 200 ms. Tried: ::1:9003 (from HTTP_X_FORWARDED_FOR HTTP header), localhost:9003 (fallback through xdebug.client_host/xdebug.client_port) :-(
[15-Apr-2024 07:18:07 UTC] Xdebug: [Step Debug] Time-out connecting to debugging client, waited: 200 ms. Tried: ::1:9003 (from HTTP_X_FORWARDED_FOR HTTP header), localhost:9003 (fallback through xdebug.client_host/xdebug.client_port) :-(
[15-Apr-2024 07:18:08 UTC] Xdebug: [Step Debug] Time-out connecting to debugging client, waited: 200 ms. Tried: ::1:9003 (from HTTP_X_FORWARDED_FOR HTTP header), localhost:9003 (fallback through xdebug.client_host/xdebug.client_port) :-(
[15-Apr-2024 07:18:08 UTC] Xdebug: [Step Debug] Time-out connecting to debugging client, waited: 200 ms. Tried: ::1:9003 (from HTTP_X_FORWARDED_FOR HTTP header), localhost:9003 (fallback through xdebug.client_host/xdebug.client_port) :-(
[15-Apr-2024 07:18:08 UTC] Xdebug: [Step Debug] Time-out connecting to debugging client, waited: 200 ms. Tried: ::1:9003 (from HTTP_X_FORWARDED_FOR HTTP header), localhost:9003 (fallback through xdebug.client_host/xdebug.client_port) :-(
[15-Apr-2024 07:18:08 UTC] Xdebug: [Step Debug] Time-out connecting to debugging client, waited: 200 ms. Tried: ::1:9003 (from HTTP_X_FORWARDED_FOR HTTP header), localhost:9003 (fallback through xdebug.client_host/xdebug.client_port) :-(
[15-Apr-2024 07:18:09 UTC] Xdebug: [Step Debug] Time-out connecting to debugging client, waited: 200 ms. Tried: ::1:9003 (from HTTP_X_FORWARDED_FOR HTTP header), localhost:9003 (fallback through xdebug.client_host/xdebug.client_port) :-(
[15-Apr-2024 07:18:09 UTC] Xdebug: [Step Debug] Time-out connecting to debugging client, waited: 200 ms. Tried: ::1:9003 (from HTTP_X_FORWARDED_FOR HTTP header), localhost:9003 (fallback through xdebug.client_host/xdebug.client_port) :-(
[15-Apr-2024 07:18:10 UTC] Xdebug: [Step Debug] Time-out connecting to debugging client, waited: 200 ms. Tried: ::1:9003 (from HTTP_X_FORWARDED_FOR HTTP header), localhost:9003 (fallback through xdebug.client_host/xdebug.client_port) :-(
[15-Apr-2024 07:18:10 UTC] Xdebug: [Step Debug] Time-out connecting to debugging client, waited: 200 ms. Tried: ::1:9003 (from HTTP_X_FORWARDED_FOR HTTP header), localhost:9003 (fallback through xdebug.client_host/xdebug.client_port) :-(
[15-Apr-2024 07:18:10 UTC] Xdebug: [Step Debug] Time-out connecting to debugging client, waited: 200 ms. Tried: ::1:9003 (from HTTP_X_FORWARDED_FOR HTTP header), localhost:9003 (fallback through xdebug.client_host/xdebug.client_port) :-(
[15-Apr-2024 07:18:10 UTC] Xdebug: [Step Debug] Time-out connecting to debugging client, waited: 200 ms. Tried: ::1:9003 (from HTTP_X_FORWARDED_FOR HTTP header), localhost:9003 (fallback through xdebug.client_host/xdebug.client_port) :-(
[15-Apr-2024 07:18:11 UTC] Xdebug: [Step Debug] Time-out connecting to debugging client, waited: 200 ms. Tried: ::1:9003 (from HTTP_X_FORWARDED_FOR HTTP header), localhost:9003 (fallback through xdebug.client_host/xdebug.client_port) :-(
[15-Apr-2024 07:18:11 UTC] Xdebug: [Step Debug] Time-out connecting to debugging client, waited: 200 ms. Tried: ::1:9003 (from HTTP_X_FORWARDED_FOR HTTP header), localhost:9003 (fallback through xdebug.client_host/xdebug.client_port) :-(
[15-Apr-2024 07:18:12 UTC] Xdebug: [Step Debug] Time-out connecting to debugging client, waited: 200 ms. Tried: ::1:9003 (from HTTP_X_FORWARDED_FOR HTTP header), localhost:9003 (fallback through xdebug.client_host/xdebug.client_port) :-(
[15-Apr-2024 07:18:12 UTC] Xdebug: [Step Debug] Time-out connecting to debugging client, waited: 200 ms. Tried: ::1:9003 (from HTTP_X_FORWARDED_FOR HTTP header), localhost:9003 (fallback through xdebug.client_host/xdebug.client_port) :-(
[15-Apr-2024 07:18:12 UTC] Xdebug: [Step Debug] Time-out connecting to debugging client, waited: 200 ms. Tried: ::1:9003 (from HTTP_X_FORWARDED_FOR HTTP header), localhost:9003 (fallback through xdebug.client_host/xdebug.client_port) :-(
[15-Apr-2024 07:18:12 UTC] Xdebug: [Step Debug] Time-out connecting to debugging client, waited: 200 ms. Tried: ::1:9003 (from HTTP_X_FORWARDED_FOR HTTP header), localhost:9003 (fallback through xdebug.client_host/xdebug.client_port) :-(
[15-Apr-2024 07:18:13 UTC] Xdebug: [Step Debug] Time-out connecting to debugging client, waited: 200 ms. Tried: ::1:9003 (from HTTP_X_FORWARDED_FOR HTTP header), localhost:9003 (fallback through xdebug.client_host/xdebug.client_port) :-(
[15-Apr-2024 07:18:13 UTC] Xdebug: [Step Debug] Time-out connecting to debugging client, waited: 200 ms. Tried: ::1:9003 (from HTTP_X_FORWARDED_FOR HTTP header), localhost:9003 (fallback through xdebug.client_host/xdebug.client_port) :-(
[15-Apr-2024 07:18:13 UTC] Xdebug: [Step Debug] Time-out connecting to debugging client, waited: 200 ms. Tried: ::1:9003 (from HTTP_X_FORWARDED_FOR HTTP header), localhost:9003 (fallback through xdebug.client_host/xdebug.client_port) :-(
[15-Apr-2024 07:18:13 UTC] Xdebug: [Step Debug] Time-out connecting to debugging client, waited: 200 ms. Tried: ::1:9003 (from HTTP_X_FORWARDED_FOR HTTP header), localhost:9003 (fallback through xdebug.client_host/xdebug.client_port) :-(
[15-Apr-2024 07:18:14 UTC] Xdebug: [Step Debug] Time-out connecting to debugging client, waited: 200 ms. Tried: ::1:9003 (from HTTP_X_FORWARDED_FOR HTTP header), localhost:9003 (fallback through xdebug.client_host/xdebug.client_port) :-(
[15-Apr-2024 07:18:14 UTC] Xdebug: [Step Debug] Time-out connecting to debugging client, waited: 200 ms. Tried: ::1:9003 (from HTTP_X_FORWARDED_FOR HTTP header), localhost:9003 (fallback through xdebug.client_host/xdebug.client_port) :-(
[15-Apr-2024 07:18:15 UTC] Xdebug: [Step Debug] Time-out connecting to debugging client, waited: 200 ms. Tried: ::1:9003 (from HTTP_X_FORWARDED_FOR HTTP header), localhost:9003 (fallback through xdebug.client_host/xdebug.client_port) :-(
[15-Apr-2024 07:18:15 UTC] Xdebug: [Step Debug] Time-out connecting to debugging client, waited: 200 ms. Tried: ::1:9003 (from HTTP_X_FORWARDED_FOR HTTP header), localhost:9003 (fallback through xdebug.client_host/xdebug.client_port) :-(
[15-Apr-2024 07:18:15 UTC] Xdebug: [Step Debug] Time-out connecting to debugging client, waited: 200 ms. Tried: ::1:9003 (from HTTP_X_FORWARDED_FOR HTTP header), localhost:9003 (fallback through xdebug.client_host/xdebug.client_port) :-(
[15-Apr-2024 07:18:15 UTC] Xdebug: [Step Debug] Time-out connecting to debugging client, waited: 200 ms. Tried: ::1:9003 (from HTTP_X_FORWARDED_FOR HTTP header), localhost:9003 (fallback through xdebug.client_host/xdebug.client_port) :-(
[15-Apr-2024 07:18:16 UTC] Xdebug: [Step Debug] Time-out connecting to debugging client, waited: 200 ms. Tried: ::1:9003 (from HTTP_X_FORWARDED_FOR HTTP header), localhost:9003 (fallback through xdebug.client_host/xdebug.client_port) :-(
[15-Apr-2024 07:18:16 UTC] Xdebug: [Step Debug] Time-out connecting to debugging client, waited: 200 ms. Tried: ::1:9003 (from HTTP_X_FORWARDED_FOR HTTP header), localhost:9003 (fallback through xdebug.client_host/xdebug.client_port) :-(
[15-Apr-2024 07:18:17 UTC] Xdebug: [Step Debug] Time-out connecting to debugging client, waited: 200 ms. Tried: ::1:9003 (from HTTP_X_FORWARDED_FOR HTTP header), localhost:9003 (fallback through xdebug.client_host/xdebug.client_port) :-(
[15-Apr-2024 07:18:17 UTC] Xdebug: [Step Debug] Time-out connecting to debugging client, waited: 200 ms. Tried: ::1:9003 (from HTTP_X_FORWARDED_FOR HTTP header), localhost:9003 (fallback through xdebug.client_host/xdebug.client_port) :-(
[15-Apr-2024 07:18:17 UTC] Xdebug: [Step Debug] Time-out connecting to debugging client, waited: 200 ms. Tried: ::1:9003 (from HTTP_X_FORWARDED_FOR HTTP header), localhost:9003 (fallback through xdebug.client_host/xdebug.client_port) :-(
[15-Apr-2024 07:18:17 UTC] Xdebug: [Step Debug] Time-out connecting to debugging client, waited: 200 ms. Tried: ::1:9003 (from HTTP_X_FORWARDED_FOR HTTP header), localhost:9003 (fallback through xdebug.client_host/xdebug.client_port) :-(
[15-Apr-2024 07:18:18 UTC] Xdebug: [Step Debug] Time-out connecting to debugging client, waited: 200 ms. Tried: ::1:9003 (from HTTP_X_FORWARDED_FOR HTTP header), localhost:9003 (fallback through xdebug.client_host/xdebug.client_port) :-(
[15-Apr-2024 07:18:18 UTC] Xdebug: [Step Debug] Time-out connecting to debugging client, waited: 200 ms. Tried: ::1:9003 (from HTTP_X_FORWARDED_FOR HTTP header), localhost:9003 (fallback through xdebug.client_host/xdebug.client_port) :-(
[15-Apr-2024 07:18:19 UTC] Xdebug: [Step Debug] Time-out connecting to debugging client, waited: 200 ms. Tried: ::1:9003 (from HTTP_X_FORWARDED_FOR HTTP header), localhost:9003 (fallback through xdebug.client_host/xdebug.client_port) :-(
[15-Apr-2024 07:18:19 UTC] Xdebug: [Step Debug] Time-out connecting to debugging client, waited: 200 ms. Tried: ::1:9003 (from HTTP_X_FORWARDED_FOR HTTP header), localhost:9003 (fallback through xdebug.client_host/xdebug.client_port) :-(
[15-Apr-2024 07:18:19 UTC] Xdebug: [Step Debug] Time-out connecting to debugging client, waited: 200 ms. Tried: ::1:9003 (from HTTP_X_FORWARDED_FOR HTTP header), localhost:9003 (fallback through xdebug.client_host/xdebug.client_port) :-(
[15-Apr-2024 07:18:19 UTC] Xdebug: [Step Debug] Time-out connecting to debugging client, waited: 200 ms. Tried: ::1:9003 (from HTTP_X_FORWARDED_FOR HTTP header), localhost:9003 (fallback through xdebug.client_host/xdebug.client_port) :-(
[15-Apr-2024 07:18:20 UTC] Xdebug: [Step Debug] Time-out connecting to debugging client, waited: 200 ms. Tried: ::1:9003 (from HTTP_X_FORWARDED_FOR HTTP header), localhost:9003 (fallback through xdebug.client_host/xdebug.client_port) :-(
[15-Apr-2024 07:18:20 UTC] Xdebug: [Step Debug] Time-out connecting to debugging client, waited: 200 ms. Tried: ::1:9003 (from HTTP_X_FORWARDED_FOR HTTP header), localhost:9003 (fallback through xdebug.client_host/xdebug.client_port) :-(
[15-Apr-2024 07:18:21 UTC] Xdebug: [Step Debug] Time-out connecting to debugging client, waited: 200 ms. Tried: ::1:9003 (from HTTP_X_FORWARDED_FOR HTTP header), localhost:9003 (fallback through xdebug.client_host/xdebug.client_port) :-(
[15-Apr-2024 07:18:21 UTC] Xdebug: [Step Debug] Time-out connecting to debugging client, waited: 200 ms. Tried: ::1:9003 (from HTTP_X_FORWARDED_FOR HTTP header), localhost:9003 (fallback through xdebug.client_host/xdebug.client_port) :-(
[15-Apr-2024 07:18:21 UTC] Xdebug: [Step Debug] Time-out connecting to debugging client, waited: 200 ms. Tried: ::1:9003 (from HTTP_X_FORWARDED_FOR HTTP header), localhost:9003 (fallback through xdebug.client_host/xdebug.client_port) :-(
[15-Apr-2024 07:18:21 UTC] Xdebug: [Step Debug] Time-out connecting to debugging client, waited: 200 ms. Tried: ::1:9003 (from HTTP_X_FORWARDED_FOR HTTP header), localhost:9003 (fallback through xdebug.client_host/xdebug.client_port) :-(
[15-Apr-2024 07:18:22 UTC] Xdebug: [Step Debug] Time-out connecting to debugging client, waited: 200 ms. Tried: ::1:9003 (from HTTP_X_FORWARDED_FOR HTTP header), localhost:9003 (fallback through xdebug.client_host/xdebug.client_port) :-(
[15-Apr-2024 07:18:22 UTC] Xdebug: [Step Debug] Time-out connecting to debugging client, waited: 200 ms. Tried: ::1:9003 (from HTTP_X_FORWARDED_FOR HTTP header), localhost:9003 (fallback through xdebug.client_host/xdebug.client_port) :-(
[15-Apr-2024 07:18:23 UTC] Xdebug: [Step Debug] Time-out connecting to debugging client, waited: 200 ms. Tried: ::1:9003 (from HTTP_X_FORWARDED_FOR HTTP header), localhost:9003 (fallback through xdebug.client_host/xdebug.client_port) :-(
[15-Apr-2024 07:18:23 UTC] Xdebug: [Step Debug] Time-out connecting to debugging client, waited: 200 ms. Tried: ::1:9003 (from HTTP_X_FORWARDED_FOR HTTP header), localhost:9003 (fallback through xdebug.client_host/xdebug.client_port) :-(
[15-Apr-2024 07:18:23 UTC] Xdebug: [Step Debug] Time-out connecting to debugging client, waited: 200 ms. Tried: ::1:9003 (from HTTP_X_FORWARDED_FOR HTTP header), localhost:9003 (fallback through xdebug.client_host/xdebug.client_port) :-(
[15-Apr-2024 07:18:23 UTC] Xdebug: [Step Debug] Time-out connecting to debugging client, waited: 200 ms. Tried: ::1:9003 (from HTTP_X_FORWARDED_FOR HTTP header), localhost:9003 (fallback through xdebug.client_host/xdebug.client_port) :-(
[15-Apr-2024 07:18:24 UTC] Xdebug: [Step Debug] Time-out connecting to debugging client, waited: 200 ms. Tried: ::1:9003 (from HTTP_X_FORWARDED_FOR HTTP header), localhost:9003 (fallback through xdebug.client_host/xdebug.client_port) :-(
[15-Apr-2024 07:18:24 UTC] Xdebug: [Step Debug] Time-out connecting to debugging client, waited: 200 ms. Tried: ::1:9003 (from HTTP_X_FORWARDED_FOR HTTP header), localhost:9003 (fallback through xdebug.client_host/xdebug.client_port) :-(
[15-Apr-2024 07:18:25 UTC] Xdebug: [Step Debug] Time-out connecting to debugging client, waited: 200 ms. Tried: ::1:9003 (from HTTP_X_FORWARDED_FOR HTTP header), localhost:9003 (fallback through xdebug.client_host/xdebug.client_port) :-(
[15-Apr-2024 07:18:25 UTC] Xdebug: [Step Debug] Time-out connecting to debugging client, waited: 200 ms. Tried: ::1:9003 (from HTTP_X_FORWARDED_FOR HTTP header), localhost:9003 (fallback through xdebug.client_host/xdebug.client_port) :-(
[15-Apr-2024 07:18:25 UTC] Xdebug: [Step Debug] Time-out connecting to debugging client, waited: 200 ms. Tried: ::1:9003 (from HTTP_X_FORWARDED_FOR HTTP header), localhost:9003 (fallback through xdebug.client_host/xdebug.client_port) :-(
[15-Apr-2024 07:18:25 UTC] Xdebug: [Step Debug] Time-out connecting to debugging client, waited: 200 ms. Tried: ::1:9003 (from HTTP_X_FORWARDED_FOR HTTP header), localhost:9003 (fallback through xdebug.client_host/xdebug.client_port) :-(
[15-Apr-2024 07:18:26 UTC] Xdebug: [Step Debug] Time-out connecting to debugging client, waited: 200 ms. Tried: ::1:9003 (from HTTP_X_FORWARDED_FOR HTTP header), localhost:9003 (fallback through xdebug.client_host/xdebug.client_port) :-(
[15-Apr-2024 07:18:26 UTC] Xdebug: [Step Debug] Time-out connecting to debugging client, waited: 200 ms. Tried: ::1:9003 (from HTTP_X_FORWARDED_FOR HTTP header), localhost:9003 (fallback through xdebug.client_host/xdebug.client_port) :-(
[15-Apr-2024 07:18:26 UTC] Xdebug: [Step Debug] Time-out connecting to debugging client, waited: 200 ms. Tried: ::1:9003 (from HTTP_X_FORWARDED_FOR HTTP header), localhost:9003 (fallback through xdebug.client_host/xdebug.client_port) :-(
[15-Apr-2024 07:18:26 UTC] Xdebug: [Step Debug] Time-out connecting to debugging client, waited: 200 ms. Tried: ::1:9003 (from HTTP_X_FORWARDED_FOR HTTP header), localhost:9003 (fallback through xdebug.client_host/xdebug.client_port) :-(
[15-Apr-2024 07:18:27 UTC] Xdebug: [Step Debug] Time-out connecting to debugging client, waited: 200 ms. Tried: ::1:9003 (from HTTP_X_FORWARDED_FOR HTTP header), localhost:9003 (fallback through xdebug.client_host/xdebug.client_port) :-(
[15-Apr-2024 07:18:27 UTC] Xdebug: [Step Debug] Time-out connecting to debugging client, waited: 200 ms. Tried: ::1:9003 (from HTTP_X_FORWARDED_FOR HTTP header), localhost:9003 (fallback through xdebug.client_host/xdebug.client_port) :-(
[15-Apr-2024 07:18:28 UTC] Xdebug: [Step Debug] Time-out connecting to debugging client, waited: 200 ms. Tried: ::1:9003 (from HTTP_X_FORWARDED_FOR HTTP header), localhost:9003 (fallback through xdebug.client_host/xdebug.client_port) :-(
[15-Apr-2024 07:18:28 UTC] Xdebug: [Step Debug] Time-out connecting to debugging client, waited: 200 ms. Tried: ::1:9003 (from HTTP_X_FORWARDED_FOR HTTP header), localhost:9003 (fallback through xdebug.client_host/xdebug.client_port) :-(
[15-Apr-2024 07:18:28 UTC] Xdebug: [Step Debug] Time-out connecting to debugging client, waited: 200 ms. Tried: ::1:9003 (from HTTP_X_FORWARDED_FOR HTTP header), localhost:9003 (fallback through xdebug.client_host/xdebug.client_port) :-(
[15-Apr-2024 07:18:28 UTC] Xdebug: [Step Debug] Time-out connecting to debugging client, waited: 200 ms. Tried: ::1:9003 (from HTTP_X_FORWARDED_FOR HTTP header), localhost:9003 (fallback through xdebug.client_host/xdebug.client_port) :-(
[15-Apr-2024 07:18:29 UTC] Xdebug: [Step Debug] Time-out connecting to debugging client, waited: 200 ms. Tried: ::1:9003 (from HTTP_X_FORWARDED_FOR HTTP header), localhost:9003 (fallback through xdebug.client_host/xdebug.client_port) :-(
[15-Apr-2024 07:18:29 UTC] Xdebug: [Step Debug] Time-out connecting to debugging client, waited: 200 ms. Tried: ::1:9003 (from HTTP_X_FORWARDED_FOR HTTP header), localhost:9003 (fallback through xdebug.client_host/xdebug.client_port) :-(
[15-Apr-2024 07:18:30 UTC] Xdebug: [Step Debug] Time-out connecting to debugging client, waited: 200 ms. Tried: ::1:9003 (from HTTP_X_FORWARDED_FOR HTTP header), localhost:9003 (fallback through xdebug.client_host/xdebug.client_port) :-(
[15-Apr-2024 07:18:30 UTC] Xdebug: [Step Debug] Time-out connecting to debugging client, waited: 200 ms. Tried: ::1:9003 (from HTTP_X_FORWARDED_FOR HTTP header), localhost:9003 (fallback through xdebug.client_host/xdebug.client_port) :-(
[15-Apr-2024 07:18:30 UTC] Xdebug: [Step Debug] Time-out connecting to debugging client, waited: 200 ms. Tried: ::1:9003 (from HTTP_X_FORWARDED_FOR HTTP header), localhost:9003 (fallback through xdebug.client_host/xdebug.client_port) :-(
[15-Apr-2024 07:18:30 UTC] Xdebug: [Step Debug] Time-out connecting to debugging client, waited: 200 ms. Tried: ::1:9003 (from HTTP_X_FORWARDED_FOR HTTP header), localhost:9003 (fallback through xdebug.client_host/xdebug.client_port) :-(
[15-Apr-2024 07:18:31 UTC] Xdebug: [Step Debug] Time-out connecting to debugging client, waited: 200 ms. Tried: ::1:9003 (from HTTP_X_FORWARDED_FOR HTTP header), localhost:9003 (fallback through xdebug.client_host/xdebug.client_port) :-(
[15-Apr-2024 07:18:31 UTC] Xdebug: [Step Debug] Time-out connecting to debugging client, waited: 200 ms. Tried: ::1:9003 (from HTTP_X_FORWARDED_FOR HTTP header), localhost:9003 (fallback through xdebug.client_host/xdebug.client_port) :-(
[15-Apr-2024 07:18:32 UTC] Xdebug: [Step Debug] Time-out connecting to debugging client, waited: 200 ms. Tried: ::1:9003 (from HTTP_X_FORWARDED_FOR HTTP header), localhost:9003 (fallback through xdebug.client_host/xdebug.client_port) :-(
[15-Apr-2024 07:18:32 UTC] Xdebug: [Step Debug] Time-out connecting to debugging client, waited: 200 ms. Tried: ::1:9003 (from HTTP_X_FORWARDED_FOR HTTP header), localhost:9003 (fallback through xdebug.client_host/xdebug.client_port) :-(
[15-Apr-2024 07:18:32 UTC] Xdebug: [Step Debug] Time-out connecting to debugging client, waited: 200 ms. Tried: ::1:9003 (from HTTP_X_FORWARDED_FOR HTTP header), localhost:9003 (fallback through xdebug.client_host/xdebug.client_port) :-(
[15-Apr-2024 07:18:32 UTC] Xdebug: [Step Debug] Time-out connecting to debugging client, waited: 200 ms. Tried: ::1:9003 (from HTTP_X_FORWARDED_FOR HTTP header), localhost:9003 (fallback through xdebug.client_host/xdebug.client_port) :-(
[15-Apr-2024 07:18:33 UTC] Xdebug: [Step Debug] Time-out connecting to debugging client, waited: 200 ms. Tried: ::1:9003 (from HTTP_X_FORWARDED_FOR HTTP header), localhost:9003 (fallback through xdebug.client_host/xdebug.client_port) :-(
[15-Apr-2024 07:18:33 UTC] Xdebug: [Step Debug] Time-out connecting to debugging client, waited: 200 ms. Tried: ::1:9003 (from HTTP_X_FORWARDED_FOR HTTP header), localhost:9003 (fallback through xdebug.client_host/xdebug.client_port) :-(
[15-Apr-2024 07:18:34 UTC] Xdebug: [Step Debug] Time-out connecting to debugging client, waited: 200 ms. Tried: ::1:9003 (from HTTP_X_FORWARDED_FOR HTTP header), localhost:9003 (fallback through xdebug.client_host/xdebug.client_port) :-(
[15-Apr-2024 07:18:34 UTC] Xdebug: [Step Debug] Time-out connecting to debugging client, waited: 200 ms. Tried: ::1:9003 (from HTTP_X_FORWARDED_FOR HTTP header), localhost:9003 (fallback through xdebug.client_host/xdebug.client_port) :-(
[15-Apr-2024 07:18:34 UTC] Xdebug: [Step Debug] Time-out connecting to debugging client, waited: 200 ms. Tried: ::1:9003 (from HTTP_X_FORWARDED_FOR HTTP header), localhost:9003 (fallback through xdebug.client_host/xdebug.client_port) :-(
[15-Apr-2024 07:18:34 UTC] Xdebug: [Step Debug] Time-out connecting to debugging client, waited: 200 ms. Tried: ::1:9003 (from HTTP_X_FORWARDED_FOR HTTP header), localhost:9003 (fallback through xdebug.client_host/xdebug.client_port) :-(
[15-Apr-2024 07:18:35 UTC] Xdebug: [Step Debug] Time-out connecting to debugging client, waited: 200 ms. Tried: ::1:9003 (from HTTP_X_FORWARDED_FOR HTTP header), localhost:9003 (fallback through xdebug.client_host/xdebug.client_port) :-(
[15-Apr-2024 07:18:35 UTC] Xdebug: [Step Debug] Time-out connecting to debugging client, waited: 200 ms. Tried: ::1:9003 (from HTTP_X_FORWARDED_FOR HTTP header), localhost:9003 (fallback through xdebug.client_host/xdebug.client_port) :-(
[15-Apr-2024 07:18:36 UTC] Xdebug: [Step Debug] Time-out connecting to debugging client, waited: 200 ms. Tried: ::1:9003 (from HTTP_X_FORWARDED_FOR HTTP header), localhost:9003 (fallback through xdebug.client_host/xdebug.client_port) :-(
[15-Apr-2024 07:18:36 UTC] Xdebug: [Step Debug] Time-out connecting to debugging client, waited: 200 ms. Tried: ::1:9003 (from HTTP_X_FORWARDED_FOR HTTP header), localhost:9003 (fallback through xdebug.client_host/xdebug.client_port) :-(
[15-Apr-2024 07:18:36 UTC] Xdebug: [Step Debug] Time-out connecting to debugging client, waited: 200 ms. Tried: ::1:9003 (from HTTP_X_FORWARDED_FOR HTTP header), localhost:9003 (fallback through xdebug.client_host/xdebug.client_port) :-(
[15-Apr-2024 07:18:36 UTC] Xdebug: [Step Debug] Time-out connecting to debugging client, waited: 200 ms. Tried: ::1:9003 (from HTTP_X_FORWARDED_FOR HTTP header), localhost:9003 (fallback through xdebug.client_host/xdebug.client_port) :-(
[15-Apr-2024 07:18:37 UTC] Xdebug: [Step Debug] Time-out connecting to debugging client, waited: 200 ms. Tried: ::1:9003 (from HTTP_X_FORWARDED_FOR HTTP header), localhost:9003 (fallback through xdebug.client_host/xdebug.client_port) :-(
[15-Apr-2024 07:18:37 UTC] Xdebug: [Step Debug] Time-out connecting to debugging client, waited: 200 ms. Tried: ::1:9003 (from HTTP_X_FORWARDED_FOR HTTP header), localhost:9003 (fallback through xdebug.client_host/xdebug.client_port) :-(
[15-Apr-2024 07:18:38 UTC] Xdebug: [Step Debug] Time-out connecting to debugging client, waited: 200 ms. Tried: ::1:9003 (from HTTP_X_FORWARDED_FOR HTTP header), localhost:9003 (fallback through xdebug.client_host/xdebug.client_port) :-(
[15-Apr-2024 07:18:38 UTC] Xdebug: [Step Debug] Time-out connecting to debugging client, waited: 200 ms. Tried: ::1:9003 (from HTTP_X_FORWARDED_FOR HTTP header), localhost:9003 (fallback through xdebug.client_host/xdebug.client_port) :-(
[15-Apr-2024 07:18:38 UTC] Xdebug: [Step Debug] Time-out connecting to debugging client, waited: 200 ms. Tried: ::1:9003 (from HTTP_X_FORWARDED_FOR HTTP header), localhost:9003 (fallback through xdebug.client_host/xdebug.client_port) :-(
[15-Apr-2024 07:18:38 UTC] Xdebug: [Step Debug] Time-out connecting to debugging client, waited: 200 ms. Tried: ::1:9003 (from HTTP_X_FORWARDED_FOR HTTP header), localhost:9003 (fallback through xdebug.client_host/xdebug.client_port) :-(
[15-Apr-2024 07:18:39 UTC] Xdebug: [Step Debug] Time-out connecting to debugging client, waited: 200 ms. Tried: ::1:9003 (from HTTP_X_FORWARDED_FOR HTTP header), localhost:9003 (fallback through xdebug.client_host/xdebug.client_port) :-(
[15-Apr-2024 07:18:39 UTC] Xdebug: [Step Debug] Time-out connecting to debugging client, waited: 200 ms. Tried: ::1:9003 (from HTTP_X_FORWARDED_FOR HTTP header), localhost:9003 (fallback through xdebug.client_host/xdebug.client_port) :-(
[15-Apr-2024 07:18:39 UTC] Xdebug: [Step Debug] Time-out connecting to debugging client, waited: 200 ms. Tried: ::1:9003 (from HTTP_X_FORWARDED_FOR HTTP header), localhost:9003 (fallback through xdebug.client_host/xdebug.client_port) :-(
[15-Apr-2024 07:18:39 UTC] Xdebug: [Step Debug] Time-out connecting to debugging client, waited: 200 ms. Tried: ::1:9003 (from HTTP_X_FORWARDED_FOR HTTP header), localhost:9003 (fallback through xdebug.client_host/xdebug.client_port) :-(
[15-Apr-2024 07:18:40 UTC] Xdebug: [Step Debug] Time-out connecting to debugging client, waited: 200 ms. Tried: ::1:9003 (from HTTP_X_FORWARDED_FOR HTTP header), localhost:9003 (fallback through xdebug.client_host/xdebug.client_port) :-(
[15-Apr-2024 07:18:40 UTC] Xdebug: [Step Debug] Time-out connecting to debugging client, waited: 200 ms. Tried: ::1:9003 (from HTTP_X_FORWARDED_FOR HTTP header), localhost:9003 (fallback through xdebug.client_host/xdebug.client_port) :-(
[15-Apr-2024 07:18:41 UTC] Xdebug: [Step Debug] Time-out connecting to debugging client, waited: 200 ms. Tried: ::1:9003 (from HTTP_X_FORWARDED_FOR HTTP header), localhost:9003 (fallback through xdebug.client_host/xdebug.client_port) :-(
[15-Apr-2024 07:18:41 UTC] Xdebug: [Step Debug] Time-out connecting to debugging client, waited: 200 ms. Tried: ::1:9003 (from HTTP_X_FORWARDED_FOR HTTP header), localhost:9003 (fallback through xdebug.client_host/xdebug.client_port) :-(
[15-Apr-2024 07:18:41 UTC] Xdebug: [Step Debug] Time-out connecting to debugging client, waited: 200 ms. Tried: ::1:9003 (from HTTP_X_FORWARDED_FOR HTTP header), localhost:9003 (fallback through xdebug.client_host/xdebug.client_port) :-(
[15-Apr-2024 07:18:41 UTC] Xdebug: [Step Debug] Time-out connecting to debugging client, waited: 200 ms. Tried: ::1:9003 (from HTTP_X_FORWARDED_FOR HTTP header), localhost:9003 (fallback through xdebug.client_host/xdebug.client_port) :-(
[15-Apr-2024 07:18:42 UTC] Xdebug: [Step Debug] Time-out connecting to debugging client, waited: 200 ms. Tried: ::1:9003 (from HTTP_X_FORWARDED_FOR HTTP header), localhost:9003 (fallback through xdebug.client_host/xdebug.client_port) :-(
[15-Apr-2024 07:18:42 UTC] Xdebug: [Step Debug] Time-out connecting to debugging client, waited: 200 ms. Tried: ::1:9003 (from HTTP_X_FORWARDED_FOR HTTP header), localhost:9003 (fallback through xdebug.client_host/xdebug.client_port) :-(
[15-Apr-2024 07:18:43 UTC] Xdebug: [Step Debug] Time-out connecting to debugging client, waited: 200 ms. Tried: ::1:9003 (from HTTP_X_FORWARDED_FOR HTTP header), localhost:9003 (fallback through xdebug.client_host/xdebug.client_port) :-(
[15-Apr-2024 07:18:43 UTC] Xdebug: [Step Debug] Time-out connecting to debugging client, waited: 200 ms. Tried: ::1:9003 (from HTTP_X_FORWARDED_FOR HTTP header), localhost:9003 (fallback through xdebug.client_host/xdebug.client_port) :-(
[15-Apr-2024 07:18:43 UTC] Xdebug: [Step Debug] Time-out connecting to debugging client, waited: 200 ms. Tried: ::1:9003 (from HTTP_X_FORWARDED_FOR HTTP header), localhost:9003 (fallback through xdebug.client_host/xdebug.client_port) :-(
[15-Apr-2024 07:18:43 UTC] Xdebug: [Step Debug] Time-out connecting to debugging client, waited: 200 ms. Tried: ::1:9003 (from HTTP_X_FORWARDED_FOR HTTP header), localhost:9003 (fallback through xdebug.client_host/xdebug.client_port) :-(
[15-Apr-2024 07:18:44 UTC] Xdebug: [Step Debug] Time-out connecting to debugging client, waited: 200 ms. Tried: ::1:9003 (from HTTP_X_FORWARDED_FOR HTTP header), localhost:9003 (fallback through xdebug.client_host/xdebug.client_port) :-(
[15-Apr-2024 07:18:44 UTC] Xdebug: [Step Debug] Time-out connecting to debugging client, waited: 200 ms. Tried: ::1:9003 (from HTTP_X_FORWARDED_FOR HTTP header), localhost:9003 (fallback through xdebug.client_host/xdebug.client_port) :-(
[15-Apr-2024 07:18:45 UTC] Xdebug: [Step Debug] Time-out connecting to debugging client, waited: 200 ms. Tried: ::1:9003 (from HTTP_X_FORWARDED_FOR HTTP header), localhost:9003 (fallback through xdebug.client_host/xdebug.client_port) :-(
[15-Apr-2024 07:18:45 UTC] Xdebug: [Step Debug] Time-out connecting to debugging client, waited: 200 ms. Tried: ::1:9003 (from HTTP_X_FORWARDED_FOR HTTP header), localhost:9003 (fallback through xdebug.client_host/xdebug.client_port) :-(
[15-Apr-2024 07:18:45 UTC] Xdebug: [Step Debug] Time-out connecting to debugging client, waited: 200 ms. Tried: ::1:9003 (from HTTP_X_FORWARDED_FOR HTTP header), localhost:9003 (fallback through xdebug.client_host/xdebug.client_port) :-(
[15-Apr-2024 07:18:45 UTC] Xdebug: [Step Debug] Time-out connecting to debugging client, waited: 200 ms. Tried: ::1:9003 (from HTTP_X_FORWARDED_FOR HTTP header), localhost:9003 (fallback through xdebug.client_host/xdebug.client_port) :-(
[15-Apr-2024 07:18:46 UTC] Xdebug: [Step Debug] Time-out connecting to debugging client, waited: 200 ms. Tried: ::1:9003 (from HTTP_X_FORWARDED_FOR HTTP header), localhost:9003 (fallback through xdebug.client_host/xdebug.client_port) :-(
[15-Apr-2024 07:18:46 UTC] Xdebug: [Step Debug] Time-out connecting to debugging client, waited: 200 ms. Tried: ::1:9003 (from HTTP_X_FORWARDED_FOR HTTP header), localhost:9003 (fallback through xdebug.client_host/xdebug.client_port) :-(
[15-Apr-2024 07:18:47 UTC] Xdebug: [Step Debug] Time-out connecting to debugging client, waited: 200 ms. Tried: ::1:9003 (from HTTP_X_FORWARDED_FOR HTTP header), localhost:9003 (fallback through xdebug.client_host/xdebug.client_port) :-(
[15-Apr-2024 07:18:47 UTC] Xdebug: [Step Debug] Time-out connecting to debugging client, waited: 200 ms. Tried: ::1:9003 (from HTTP_X_FORWARDED_FOR HTTP header), localhost:9003 (fallback through xdebug.client_host/xdebug.client_port) :-(
[15-Apr-2024 07:18:47 UTC] Xdebug: [Step Debug] Time-out connecting to debugging client, waited: 200 ms. Tried: ::1:9003 (from HTTP_X_FORWARDED_FOR HTTP header), localhost:9003 (fallback through xdebug.client_host/xdebug.client_port) :-(
[15-Apr-2024 07:18:47 UTC] Xdebug: [Step Debug] Time-out connecting to debugging client, waited: 200 ms. Tried: ::1:9003 (from HTTP_X_FORWARDED_FOR HTTP header), localhost:9003 (fallback through xdebug.client_host/xdebug.client_port) :-(
[15-Apr-2024 07:18:48 UTC] Xdebug: [Step Debug] Time-out connecting to debugging client, waited: 200 ms. Tried: ::1:9003 (from HTTP_X_FORWARDED_FOR HTTP header), localhost:9003 (fallback through xdebug.client_host/xdebug.client_port) :-(
[15-Apr-2024 07:18:48 UTC] Xdebug: [Step Debug] Time-out connecting to debugging client, waited: 200 ms. Tried: ::1:9003 (from HTTP_X_FORWARDED_FOR HTTP header), localhost:9003 (fallback through xdebug.client_host/xdebug.client_port) :-(
[15-Apr-2024 07:18:49 UTC] Xdebug: [Step Debug] Time-out connecting to debugging client, waited: 200 ms. Tried: ::1:9003 (from HTTP_X_FORWARDED_FOR HTTP header), localhost:9003 (fallback through xdebug.client_host/xdebug.client_port) :-(
[15-Apr-2024 07:18:49 UTC] Xdebug: [Step Debug] Time-out connecting to debugging client, waited: 200 ms. Tried: ::1:9003 (from HTTP_X_FORWARDED_FOR HTTP header), localhost:9003 (fallback through xdebug.client_host/xdebug.client_port) :-(
[15-Apr-2024 07:18:49 UTC] Xdebug: [Step Debug] Time-out connecting to debugging client, waited: 200 ms. Tried: ::1:9003 (from HTTP_X_FORWARDED_FOR HTTP header), localhost:9003 (fallback through xdebug.client_host/xdebug.client_port) :-(
[15-Apr-2024 07:18:49 UTC] Xdebug: [Step Debug] Time-out connecting to debugging client, waited: 200 ms. Tried: ::1:9003 (from HTTP_X_FORWARDED_FOR HTTP header), localhost:9003 (fallback through xdebug.client_host/xdebug.client_port) :-(
[15-Apr-2024 07:18:50 UTC] Xdebug: [Step Debug] Time-out connecting to debugging client, waited: 200 ms. Tried: ::1:9003 (from HTTP_X_FORWARDED_FOR HTTP header), localhost:9003 (fallback through xdebug.client_host/xdebug.client_port) :-(
[15-Apr-2024 07:18:50 UTC] Xdebug: [Step Debug] Time-out connecting to debugging client, waited: 200 ms. Tried: ::1:9003 (from HTTP_X_FORWARDED_FOR HTTP header), localhost:9003 (fallback through xdebug.client_host/xdebug.client_port) :-(
[15-Apr-2024 07:18:51 UTC] Xdebug: [Step Debug] Time-out connecting to debugging client, waited: 200 ms. Tried: ::1:9003 (from HTTP_X_FORWARDED_FOR HTTP header), localhost:9003 (fallback through xdebug.client_host/xdebug.client_port) :-(
[15-Apr-2024 07:18:51 UTC] Xdebug: [Step Debug] Time-out connecting to debugging client, waited: 200 ms. Tried: ::1:9003 (from HTTP_X_FORWARDED_FOR HTTP header), localhost:9003 (fallback through xdebug.client_host/xdebug.client_port) :-(
[15-Apr-2024 07:18:51 UTC] Xdebug: [Step Debug] Time-out connecting to debugging client, waited: 200 ms. Tried: ::1:9003 (from HTTP_X_FORWARDED_FOR HTTP header), localhost:9003 (fallback through xdebug.client_host/xdebug.client_port) :-(
[15-Apr-2024 07:18:51 UTC] Xdebug: [Step Debug] Time-out connecting to debugging client, waited: 200 ms. Tried: ::1:9003 (from HTTP_X_FORWARDED_FOR HTTP header), localhost:9003 (fallback through xdebug.client_host/xdebug.client_port) :-(
[15-Apr-2024 07:18:52 UTC] Xdebug: [Step Debug] Time-out connecting to debugging client, waited: 200 ms. Tried: ::1:9003 (from HTTP_X_FORWARDED_FOR HTTP header), localhost:9003 (fallback through xdebug.client_host/xdebug.client_port) :-(
[15-Apr-2024 07:18:52 UTC] Xdebug: [Step Debug] Time-out connecting to debugging client, waited: 200 ms. Tried: ::1:9003 (from HTTP_X_FORWARDED_FOR HTTP header), localhost:9003 (fallback through xdebug.client_host/xdebug.client_port) :-(
[15-Apr-2024 07:18:52 UTC] Xdebug: [Step Debug] Time-out connecting to debugging client, waited: 200 ms. Tried: ::1:9003 (from HTTP_X_FORWARDED_FOR HTTP header), localhost:9003 (fallback through xdebug.client_host/xdebug.client_port) :-(
[15-Apr-2024 07:18:52 UTC] Xdebug: [Step Debug] Time-out connecting to debugging client, waited: 200 ms. Tried: ::1:9003 (from HTTP_X_FORWARDED_FOR HTTP header), localhost:9003 (fallback through xdebug.client_host/xdebug.client_port) :-(
[15-Apr-2024 07:18:53 UTC] Xdebug: [Step Debug] Time-out connecting to debugging client, waited: 200 ms. Tried: ::1:9003 (from HTTP_X_FORWARDED_FOR HTTP header), localhost:9003 (fallback through xdebug.client_host/xdebug.client_port) :-(
[15-Apr-2024 07:18:53 UTC] Xdebug: [Step Debug] Time-out connecting to debugging client, waited: 200 ms. Tried: ::1:9003 (from HTTP_X_FORWARDED_FOR HTTP header), localhost:9003 (fallback through xdebug.client_host/xdebug.client_port) :-(
[15-Apr-2024 07:18:54 UTC] Xdebug: [Step Debug] Time-out connecting to debugging client, waited: 200 ms. Tried: ::1:9003 (from HTTP_X_FORWARDED_FOR HTTP header), localhost:9003 (fallback through xdebug.client_host/xdebug.client_port) :-(
[15-Apr-2024 07:18:54 UTC] Xdebug: [Step Debug] Time-out connecting to debugging client, waited: 200 ms. Tried: ::1:9003 (from HTTP_X_FORWARDED_FOR HTTP header), localhost:9003 (fallback through xdebug.client_host/xdebug.client_port) :-(
[15-Apr-2024 07:18:54 UTC] Xdebug: [Step Debug] Time-out connecting to debugging client, waited: 200 ms. Tried: ::1:9003 (from HTTP_X_FORWARDED_FOR HTTP header), localhost:9003 (fallback through xdebug.client_host/xdebug.client_port) :-(
[15-Apr-2024 07:18:55 UTC] Xdebug: [Step Debug] Time-out connecting to debugging client, waited: 200 ms. Tried: ::1:9003 (from HTTP_X_FORWARDED_FOR HTTP header), localhost:9003 (fallback through xdebug.client_host/xdebug.client_port) :-(
[15-Apr-2024 07:18:55 UTC] Xdebug: [Step Debug] Time-out connecting to debugging client, waited: 200 ms. Tried: ::1:9003 (from HTTP_X_FORWARDED_FOR HTTP header), localhost:9003 (fallback through xdebug.client_host/xdebug.client_port) :-(
[15-Apr-2024 07:18:55 UTC] Xdebug: [Step Debug] Time-out connecting to debugging client, waited: 200 ms. Tried: ::1:9003 (from HTTP_X_FORWARDED_FOR HTTP header), localhost:9003 (fallback through xdebug.client_host/xdebug.client_port) :-(
[15-Apr-2024 07:18:56 UTC] Xdebug: [Step Debug] Time-out connecting to debugging client, waited: 200 ms. Tried: ::1:9003 (from HTTP_X_FORWARDED_FOR HTTP header), localhost:9003 (fallback through xdebug.client_host/xdebug.client_port) :-(
[15-Apr-2024 07:18:56 UTC] Xdebug: [Step Debug] Time-out connecting to debugging client, waited: 200 ms. Tried: ::1:9003 (from HTTP_X_FORWARDED_FOR HTTP header), localhost:9003 (fallback through xdebug.client_host/xdebug.client_port) :-(
[15-Apr-2024 07:18:56 UTC] Xdebug: [Step Debug] Time-out connecting to debugging client, waited: 200 ms. Tried: ::1:9003 (from HTTP_X_FORWARDED_FOR HTTP header), localhost:9003 (fallback through xdebug.client_host/xdebug.client_port) :-(
[15-Apr-2024 07:18:57 UTC] Xdebug: [Step Debug] Time-out connecting to debugging client, waited: 200 ms. Tried: ::1:9003 (from HTTP_X_FORWARDED_FOR HTTP header), localhost:9003 (fallback through xdebug.client_host/xdebug.client_port) :-(
[15-Apr-2024 07:18:57 UTC] Xdebug: [Step Debug] Time-out connecting to debugging client, waited: 200 ms. Tried: ::1:9003 (from HTTP_X_FORWARDED_FOR HTTP header), localhost:9003 (fallback through xdebug.client_host/xdebug.client_port) :-(
[15-Apr-2024 07:18:57 UTC] Xdebug: [Step Debug] Time-out connecting to debugging client, waited: 200 ms. Tried: ::1:9003 (from HTTP_X_FORWARDED_FOR HTTP header), localhost:9003 (fallback through xdebug.client_host/xdebug.client_port) :-(
[15-Apr-2024 07:18:58 UTC] Xdebug: [Step Debug] Time-out connecting to debugging client, waited: 200 ms. Tried: ::1:9003 (from HTTP_X_FORWARDED_FOR HTTP header), localhost:9003 (fallback through xdebug.client_host/xdebug.client_port) :-(
[15-Apr-2024 07:18:58 UTC] Xdebug: [Step Debug] Time-out connecting to debugging client, waited: 200 ms. Tried: ::1:9003 (from HTTP_X_FORWARDED_FOR HTTP header), localhost:9003 (fallback through xdebug.client_host/xdebug.client_port) :-(
[15-Apr-2024 07:18:58 UTC] Xdebug: [Step Debug] Time-out connecting to debugging client, waited: 200 ms. Tried: ::1:9003 (from HTTP_X_FORWARDED_FOR HTTP header), localhost:9003 (fallback through xdebug.client_host/xdebug.client_port) :-(
[15-Apr-2024 07:18:58 UTC] Xdebug: [Step Debug] Time-out connecting to debugging client, waited: 200 ms. Tried: ::1:9003 (from HTTP_X_FORWARDED_FOR HTTP header), localhost:9003 (fallback through xdebug.client_host/xdebug.client_port) :-(
[15-Apr-2024 07:18:59 UTC] Xdebug: [Step Debug] Time-out connecting to debugging client, waited: 200 ms. Tried: ::1:9003 (from HTTP_X_FORWARDED_FOR HTTP header), localhost:9003 (fallback through xdebug.client_host/xdebug.client_port) :-(
[15-Apr-2024 07:18:59 UTC] Xdebug: [Step Debug] Time-out connecting to debugging client, waited: 200 ms. Tried: ::1:9003 (from HTTP_X_FORWARDED_FOR HTTP header), localhost:9003 (fallback through xdebug.client_host/xdebug.client_port) :-(
[15-Apr-2024 07:19:00 UTC] Xdebug: [Step Debug] Time-out connecting to debugging client, waited: 200 ms. Tried: ::1:9003 (from HTTP_X_FORWARDED_FOR HTTP header), localhost:9003 (fallback through xdebug.client_host/xdebug.client_port) :-(
[15-Apr-2024 07:19:00 UTC] Xdebug: [Step Debug] Time-out connecting to debugging client, waited: 200 ms. Tried: ::1:9003 (from HTTP_X_FORWARDED_FOR HTTP header), localhost:9003 (fallback through xdebug.client_host/xdebug.client_port) :-(
[15-Apr-2024 07:19:00 UTC] Xdebug: [Step Debug] Time-out connecting to debugging client, waited: 200 ms. Tried: ::1:9003 (from HTTP_X_FORWARDED_FOR HTTP header), localhost:9003 (fallback through xdebug.client_host/xdebug.client_port) :-(
[15-Apr-2024 07:19:00 UTC] Xdebug: [Step Debug] Time-out connecting to debugging client, waited: 200 ms. Tried: ::1:9003 (from HTTP_X_FORWARDED_FOR HTTP header), localhost:9003 (fallback through xdebug.client_host/xdebug.client_port) :-(
[15-Apr-2024 07:19:01 UTC] Xdebug: [Step Debug] Time-out connecting to debugging client, waited: 200 ms. Tried: ::1:9003 (from HTTP_X_FORWARDED_FOR HTTP header), localhost:9003 (fallback through xdebug.client_host/xdebug.client_port) :-(
[15-Apr-2024 07:19:01 UTC] Xdebug: [Step Debug] Time-out connecting to debugging client, waited: 200 ms. Tried: ::1:9003 (from HTTP_X_FORWARDED_FOR HTTP header), localhost:9003 (fallback through xdebug.client_host/xdebug.client_port) :-(
[15-Apr-2024 07:19:02 UTC] Xdebug: [Step Debug] Time-out connecting to debugging client, waited: 200 ms. Tried: ::1:9003 (from HTTP_X_FORWARDED_FOR HTTP header), localhost:9003 (fallback through xdebug.client_host/xdebug.client_port) :-(
[15-Apr-2024 07:19:02 UTC] Xdebug: [Step Debug] Time-out connecting to debugging client, waited: 200 ms. Tried: ::1:9003 (from HTTP_X_FORWARDED_FOR HTTP header), localhost:9003 (fallback through xdebug.client_host/xdebug.client_port) :-(
[15-Apr-2024 07:19:02 UTC] Xdebug: [Step Debug] Time-out connecting to debugging client, waited: 200 ms. Tried: ::1:9003 (from HTTP_X_FORWARDED_FOR HTTP header), localhost:9003 (fallback through xdebug.client_host/xdebug.client_port) :-(
[15-Apr-2024 07:19:02 UTC] Xdebug: [Step Debug] Time-out connecting to debugging client, waited: 200 ms. Tried: ::1:9003 (from HTTP_X_FORWARDED_FOR HTTP header), localhost:9003 (fallback through xdebug.client_host/xdebug.client_port) :-(
[15-Apr-2024 07:19:03 UTC] Xdebug: [Step Debug] Time-out connecting to debugging client, waited: 200 ms. Tried: ::1:9003 (from HTTP_X_FORWARDED_FOR HTTP header), localhost:9003 (fallback through xdebug.client_host/xdebug.client_port) :-(
[15-Apr-2024 07:19:03 UTC] Xdebug: [Step Debug] Time-out connecting to debugging client, waited: 200 ms. Tried: ::1:9003 (from HTTP_X_FORWARDED_FOR HTTP header), localhost:9003 (fallback through xdebug.client_host/xdebug.client_port) :-(
[15-Apr-2024 07:19:04 UTC] Xdebug: [Step Debug] Time-out connecting to debugging client, waited: 200 ms. Tried: ::1:9003 (from HTTP_X_FORWARDED_FOR HTTP header), localhost:9003 (fallback through xdebug.client_host/xdebug.client_port) :-(
[15-Apr-2024 07:19:04 UTC] Xdebug: [Step Debug] Time-out connecting to debugging client, waited: 200 ms. Tried: ::1:9003 (from HTTP_X_FORWARDED_FOR HTTP header), localhost:9003 (fallback through xdebug.client_host/xdebug.client_port) :-(
[15-Apr-2024 07:19:04 UTC] Xdebug: [Step Debug] Time-out connecting to debugging client, waited: 200 ms. Tried: ::1:9003 (from HTTP_X_FORWARDED_FOR HTTP header), localhost:9003 (fallback through xdebug.client_host/xdebug.client_port) :-(
[15-Apr-2024 07:19:04 UTC] Xdebug: [Step Debug] Time-out connecting to debugging client, waited: 200 ms. Tried: ::1:9003 (from HTTP_X_FORWARDED_FOR HTTP header), localhost:9003 (fallback through xdebug.client_host/xdebug.client_port) :-(
[15-Apr-2024 07:19:05 UTC] Xdebug: [Step Debug] Time-out connecting to debugging client, waited: 200 ms. Tried: ::1:9003 (from HTTP_X_FORWARDED_FOR HTTP header), localhost:9003 (fallback through xdebug.client_host/xdebug.client_port) :-(
[15-Apr-2024 07:19:05 UTC] Xdebug: [Step Debug] Time-out connecting to debugging client, waited: 200 ms. Tried: ::1:9003 (from HTTP_X_FORWARDED_FOR HTTP header), localhost:9003 (fallback through xdebug.client_host/xdebug.client_port) :-(
[15-Apr-2024 07:19:05 UTC] Xdebug: [Step Debug] Time-out connecting to debugging client, waited: 200 ms. Tried: ::1:9003 (from HTTP_X_FORWARDED_FOR HTTP header), localhost:9003 (fallback through xdebug.client_host/xdebug.client_port) :-(
[15-Apr-2024 07:19:06 UTC] Xdebug: [Step Debug] Time-out connecting to debugging client, waited: 200 ms. Tried: ::1:9003 (from HTTP_X_FORWARDED_FOR HTTP header), localhost:9003 (fallback through xdebug.client_host/xdebug.client_port) :-(
[15-Apr-2024 07:19:06 UTC] Xdebug: [Step Debug] Time-out connecting to debugging client, waited: 200 ms. Tried: ::1:9003 (from HTTP_X_FORWARDED_FOR HTTP header), localhost:9003 (fallback through xdebug.client_host/xdebug.client_port) :-(
[15-Apr-2024 07:19:06 UTC] Xdebug: [Step Debug] Time-out connecting to debugging client, waited: 200 ms. Tried: ::1:9003 (from HTTP_X_FORWARDED_FOR HTTP header), localhost:9003 (fallback through xdebug.client_host/xdebug.client_port) :-(
[15-Apr-2024 07:19:07 UTC] Xdebug: [Step Debug] Time-out connecting to debugging client, waited: 200 ms. Tried: ::1:9003 (from HTTP_X_FORWARDED_FOR HTTP header), localhost:9003 (fallback through xdebug.client_host/xdebug.client_port) :-(
[15-Apr-2024 07:19:07 UTC] Xdebug: [Step Debug] Time-out connecting to debugging client, waited: 200 ms. Tried: ::1:9003 (from HTTP_X_FORWARDED_FOR HTTP header), localhost:9003 (fallback through xdebug.client_host/xdebug.client_port) :-(
[15-Apr-2024 07:19:07 UTC] Xdebug: [Step Debug] Time-out connecting to debugging client, waited: 200 ms. Tried: ::1:9003 (from HTTP_X_FORWARDED_FOR HTTP header), localhost:9003 (fallback through xdebug.client_host/xdebug.client_port) :-(
[15-Apr-2024 07:19:07 UTC] Xdebug: [Step Debug] Time-out connecting to debugging client, waited: 200 ms. Tried: ::1:9003 (from HTTP_X_FORWARDED_FOR HTTP header), localhost:9003 (fallback through xdebug.client_host/xdebug.client_port) :-(
[15-Apr-2024 07:19:08 UTC] Xdebug: [Step Debug] Time-out connecting to debugging client, waited: 200 ms. Tried: ::1:9003 (from HTTP_X_FORWARDED_FOR HTTP header), localhost:9003 (fallback through xdebug.client_host/xdebug.client_port) :-(
[15-Apr-2024 07:19:08 UTC] Xdebug: [Step Debug] Time-out connecting to debugging client, waited: 200 ms. Tried: ::1:9003 (from HTTP_X_FORWARDED_FOR HTTP header), localhost:9003 (fallback through xdebug.client_host/xdebug.client_port) :-(
[15-Apr-2024 07:19:09 UTC] Xdebug: [Step Debug] Time-out connecting to debugging client, waited: 200 ms. Tried: ::1:9003 (from HTTP_X_FORWARDED_FOR HTTP header), localhost:9003 (fallback through xdebug.client_host/xdebug.client_port) :-(
[15-Apr-2024 07:19:09 UTC] Xdebug: [Step Debug] Time-out connecting to debugging client, waited: 200 ms. Tried: ::1:9003 (from HTTP_X_FORWARDED_FOR HTTP header), localhost:9003 (fallback through xdebug.client_host/xdebug.client_port) :-(
[15-Apr-2024 07:19:09 UTC] Xdebug: [Step Debug] Time-out connecting to debugging client, waited: 200 ms. Tried: ::1:9003 (from HTTP_X_FORWARDED_FOR HTTP header), localhost:9003 (fallback through xdebug.client_host/xdebug.client_port) :-(
[15-Apr-2024 07:19:09 UTC] Xdebug: [Step Debug] Time-out connecting to debugging client, waited: 200 ms. Tried: ::1:9003 (from HTTP_X_FORWARDED_FOR HTTP header), localhost:9003 (fallback through xdebug.client_host/xdebug.client_port) :-(
[15-Apr-2024 07:19:10 UTC] Xdebug: [Step Debug] Time-out connecting to debugging client, waited: 200 ms. Tried: ::1:9003 (from HTTP_X_FORWARDED_FOR HTTP header), localhost:9003 (fallback through xdebug.client_host/xdebug.client_port) :-(
[15-Apr-2024 07:19:10 UTC] Xdebug: [Step Debug] Time-out connecting to debugging client, waited: 200 ms. Tried: ::1:9003 (from HTTP_X_FORWARDED_FOR HTTP header), localhost:9003 (fallback through xdebug.client_host/xdebug.client_port) :-(
[15-Apr-2024 07:19:11 UTC] Xdebug: [Step Debug] Time-out connecting to debugging client, waited: 200 ms. Tried: ::1:9003 (from HTTP_X_FORWARDED_FOR HTTP header), localhost:9003 (fallback through xdebug.client_host/xdebug.client_port) :-(
[15-Apr-2024 07:19:11 UTC] Xdebug: [Step Debug] Time-out connecting to debugging client, waited: 200 ms. Tried: ::1:9003 (from HTTP_X_FORWARDED_FOR HTTP header), localhost:9003 (fallback through xdebug.client_host/xdebug.client_port) :-(
[15-Apr-2024 07:19:11 UTC] Xdebug: [Step Debug] Time-out connecting to debugging client, waited: 200 ms. Tried: ::1:9003 (from HTTP_X_FORWARDED_FOR HTTP header), localhost:9003 (fallback through xdebug.client_host/xdebug.client_port) :-(
[15-Apr-2024 07:19:11 UTC] Xdebug: [Step Debug] Time-out connecting to debugging client, waited: 200 ms. Tried: ::1:9003 (from HTTP_X_FORWARDED_FOR HTTP header), localhost:9003 (fallback through xdebug.client_host/xdebug.client_port) :-(
[15-Apr-2024 07:19:12 UTC] Xdebug: [Step Debug] Time-out connecting to debugging client, waited: 200 ms. Tried: ::1:9003 (from HTTP_X_FORWARDED_FOR HTTP header), localhost:9003 (fallback through xdebug.client_host/xdebug.client_port) :-(
[15-Apr-2024 07:19:12 UTC] Xdebug: [Step Debug] Time-out connecting to debugging client, waited: 200 ms. Tried: ::1:9003 (from HTTP_X_FORWARDED_FOR HTTP header), localhost:9003 (fallback through xdebug.client_host/xdebug.client_port) :-(
[15-Apr-2024 07:19:13 UTC] Xdebug: [Step Debug] Time-out connecting to debugging client, waited: 200 ms. Tried: ::1:9003 (from HTTP_X_FORWARDED_FOR HTTP header), localhost:9003 (fallback through xdebug.client_host/xdebug.client_port) :-(
[15-Apr-2024 07:19:13 UTC] Xdebug: [Step Debug] Time-out connecting to debugging client, waited: 200 ms. Tried: ::1:9003 (from HTTP_X_FORWARDED_FOR HTTP header), localhost:9003 (fallback through xdebug.client_host/xdebug.client_port) :-(
[15-Apr-2024 07:19:13 UTC] Xdebug: [Step Debug] Time-out connecting to debugging client, waited: 200 ms. Tried: ::1:9003 (from HTTP_X_FORWARDED_FOR HTTP header), localhost:9003 (fallback through xdebug.client_host/xdebug.client_port) :-(
[15-Apr-2024 07:19:13 UTC] Xdebug: [Step Debug] Time-out connecting to debugging client, waited: 200 ms. Tried: ::1:9003 (from HTTP_X_FORWARDED_FOR HTTP header), localhost:9003 (fallback through xdebug.client_host/xdebug.client_port) :-(
[15-Apr-2024 07:19:14 UTC] Xdebug: [Step Debug] Time-out connecting to debugging client, waited: 200 ms. Tried: ::1:9003 (from HTTP_X_FORWARDED_FOR HTTP header), localhost:9003 (fallback through xdebug.client_host/xdebug.client_port) :-(
[15-Apr-2024 07:19:14 UTC] Xdebug: [Step Debug] Time-out connecting to debugging client, waited: 200 ms. Tried: ::1:9003 (from HTTP_X_FORWARDED_FOR HTTP header), localhost:9003 (fallback through xdebug.client_host/xdebug.client_port) :-(
[15-Apr-2024 07:19:15 UTC] Xdebug: [Step Debug] Time-out connecting to debugging client, waited: 200 ms. Tried: ::1:9003 (from HTTP_X_FORWARDED_FOR HTTP header), localhost:9003 (fallback through xdebug.client_host/xdebug.client_port) :-(
[15-Apr-2024 07:19:15 UTC] Xdebug: [Step Debug] Time-out connecting to debugging client, waited: 200 ms. Tried: ::1:9003 (from HTTP_X_FORWARDED_FOR HTTP header), localhost:9003 (fallback through xdebug.client_host/xdebug.client_port) :-(
[15-Apr-2024 07:19:15 UTC] Xdebug: [Step Debug] Time-out connecting to debugging client, waited: 200 ms. Tried: ::1:9003 (from HTTP_X_FORWARDED_FOR HTTP header), localhost:9003 (fallback through xdebug.client_host/xdebug.client_port) :-(
[15-Apr-2024 07:19:15 UTC] Xdebug: [Step Debug] Time-out connecting to debugging client, waited: 200 ms. Tried: ::1:9003 (from HTTP_X_FORWARDED_FOR HTTP header), localhost:9003 (fallback through xdebug.client_host/xdebug.client_port) :-(
[15-Apr-2024 07:19:16 UTC] Xdebug: [Step Debug] Time-out connecting to debugging client, waited: 200 ms. Tried: ::1:9003 (from HTTP_X_FORWARDED_FOR HTTP header), localhost:9003 (fallback through xdebug.client_host/xdebug.client_port) :-(
[15-Apr-2024 07:19:16 UTC] Xdebug: [Step Debug] Time-out connecting to debugging client, waited: 200 ms. Tried: ::1:9003 (from HTTP_X_FORWARDED_FOR HTTP header), localhost:9003 (fallback through xdebug.client_host/xdebug.client_port) :-(
[15-Apr-2024 07:19:17 UTC] Xdebug: [Step Debug] Time-out connecting to debugging client, waited: 200 ms. Tried: ::1:9003 (from HTTP_X_FORWARDED_FOR HTTP header), localhost:9003 (fallback through xdebug.client_host/xdebug.client_port) :-(
[15-Apr-2024 07:19:17 UTC] Xdebug: [Step Debug] Time-out connecting to debugging client, waited: 200 ms. Tried: ::1:9003 (from HTTP_X_FORWARDED_FOR HTTP header), localhost:9003 (fallback through xdebug.client_host/xdebug.client_port) :-(
[15-Apr-2024 07:19:17 UTC] Xdebug: [Step Debug] Time-out connecting to debugging client, waited: 200 ms. Tried: ::1:9003 (from HTTP_X_FORWARDED_FOR HTTP header), localhost:9003 (fallback through xdebug.client_host/xdebug.client_port) :-(
[15-Apr-2024 07:19:17 UTC] Xdebug: [Step Debug] Time-out connecting to debugging client, waited: 200 ms. Tried: ::1:9003 (from HTTP_X_FORWARDED_FOR HTTP header), localhost:9003 (fallback through xdebug.client_host/xdebug.client_port) :-(
[15-Apr-2024 07:19:18 UTC] Xdebug: [Step Debug] Time-out connecting to debugging client, waited: 200 ms. Tried: ::1:9003 (from HTTP_X_FORWARDED_FOR HTTP header), localhost:9003 (fallback through xdebug.client_host/xdebug.client_port) :-(
[15-Apr-2024 07:19:18 UTC] Xdebug: [Step Debug] Time-out connecting to debugging client, waited: 200 ms. Tried: ::1:9003 (from HTTP_X_FORWARDED_FOR HTTP header), localhost:9003 (fallback through xdebug.client_host/xdebug.client_port) :-(
[15-Apr-2024 07:19:18 UTC] Xdebug: [Step Debug] Time-out connecting to debugging client, waited: 200 ms. Tried: ::1:9003 (from HTTP_X_FORWARDED_FOR HTTP header), localhost:9003 (fallback through xdebug.client_host/xdebug.client_port) :-(
[15-Apr-2024 07:19:18 UTC] Xdebug: [Step Debug] Time-out connecting to debugging client, waited: 200 ms. Tried: ::1:9003 (from HTTP_X_FORWARDED_FOR HTTP header), localhost:9003 (fallback through xdebug.client_host/xdebug.client_port) :-(
[15-Apr-2024 07:19:19 UTC] Xdebug: [Step Debug] Time-out connecting to debugging client, waited: 200 ms. Tried: ::1:9003 (from HTTP_X_FORWARDED_FOR HTTP header), localhost:9003 (fallback through xdebug.client_host/xdebug.client_port) :-(
[15-Apr-2024 07:19:19 UTC] Xdebug: [Step Debug] Time-out connecting to debugging client, waited: 200 ms. Tried: ::1:9003 (from HTTP_X_FORWARDED_FOR HTTP header), localhost:9003 (fallback through xdebug.client_host/xdebug.client_port) :-(
[15-Apr-2024 07:19:20 UTC] Xdebug: [Step Debug] Time-out connecting to debugging client, waited: 200 ms. Tried: ::1:9003 (from HTTP_X_FORWARDED_FOR HTTP header), localhost:9003 (fallback through xdebug.client_host/xdebug.client_port) :-(
[15-Apr-2024 07:19:20 UTC] Xdebug: [Step Debug] Time-out connecting to debugging client, waited: 200 ms. Tried: ::1:9003 (from HTTP_X_FORWARDED_FOR HTTP header), localhost:9003 (fallback through xdebug.client_host/xdebug.client_port) :-(
[15-Apr-2024 07:19:20 UTC] Xdebug: [Step Debug] Time-out connecting to debugging client, waited: 200 ms. Tried: ::1:9003 (from HTTP_X_FORWARDED_FOR HTTP header), localhost:9003 (fallback through xdebug.client_host/xdebug.client_port) :-(
[15-Apr-2024 07:19:20 UTC] Xdebug: [Step Debug] Time-out connecting to debugging client, waited: 200 ms. Tried: ::1:9003 (from HTTP_X_FORWARDED_FOR HTTP header), localhost:9003 (fallback through xdebug.client_host/xdebug.client_port) :-(
[15-Apr-2024 07:19:21 UTC] Xdebug: [Step Debug] Time-out connecting to debugging client, waited: 200 ms. Tried: ::1:9003 (from HTTP_X_FORWARDED_FOR HTTP header), localhost:9003 (fallback through xdebug.client_host/xdebug.client_port) :-(
[15-Apr-2024 07:19:21 UTC] Xdebug: [Step Debug] Time-out connecting to debugging client, waited: 200 ms. Tried: ::1:9003 (from HTTP_X_FORWARDED_FOR HTTP header), localhost:9003 (fallback through xdebug.client_host/xdebug.client_port) :-(
[15-Apr-2024 07:19:22 UTC] Xdebug: [Step Debug] Time-out connecting to debugging client, waited: 200 ms. Tried: ::1:9003 (from HTTP_X_FORWARDED_FOR HTTP header), localhost:9003 (fallback through xdebug.client_host/xdebug.client_port) :-(
[15-Apr-2024 07:19:22 UTC] Xdebug: [Step Debug] Time-out connecting to debugging client, waited: 200 ms. Tried: ::1:9003 (from HTTP_X_FORWARDED_FOR HTTP header), localhost:9003 (fallback through xdebug.client_host/xdebug.client_port) :-(
[15-Apr-2024 07:19:22 UTC] Xdebug: [Step Debug] Time-out connecting to debugging client, waited: 200 ms. Tried: ::1:9003 (from HTTP_X_FORWARDED_FOR HTTP header), localhost:9003 (fallback through xdebug.client_host/xdebug.client_port) :-(
[15-Apr-2024 07:19:22 UTC] Xdebug: [Step Debug] Time-out connecting to debugging client, waited: 200 ms. Tried: ::1:9003 (from HTTP_X_FORWARDED_FOR HTTP header), localhost:9003 (fallback through xdebug.client_host/xdebug.client_port) :-(
[15-Apr-2024 07:19:23 UTC] Xdebug: [Step Debug] Time-out connecting to debugging client, waited: 200 ms. Tried: ::1:9003 (from HTTP_X_FORWARDED_FOR HTTP header), localhost:9003 (fallback through xdebug.client_host/xdebug.client_port) :-(
[15-Apr-2024 07:19:23 UTC] Xdebug: [Step Debug] Time-out connecting to debugging client, waited: 200 ms. Tried: ::1:9003 (from HTTP_X_FORWARDED_FOR HTTP header), localhost:9003 (fallback through xdebug.client_host/xdebug.client_port) :-(
[15-Apr-2024 07:19:24 UTC] Xdebug: [Step Debug] Time-out connecting to debugging client, waited: 200 ms. Tried: ::1:9003 (from HTTP_X_FORWARDED_FOR HTTP header), localhost:9003 (fallback through xdebug.client_host/xdebug.client_port) :-(
[15-Apr-2024 07:19:24 UTC] Xdebug: [Step Debug] Time-out connecting to debugging client, waited: 200 ms. Tried: ::1:9003 (from HTTP_X_FORWARDED_FOR HTTP header), localhost:9003 (fallback through xdebug.client_host/xdebug.client_port) :-(
[15-Apr-2024 07:19:24 UTC] Xdebug: [Step Debug] Time-out connecting to debugging client, waited: 200 ms. Tried: ::1:9003 (from HTTP_X_FORWARDED_FOR HTTP header), localhost:9003 (fallback through xdebug.client_host/xdebug.client_port) :-(
[15-Apr-2024 07:19:24 UTC] Xdebug: [Step Debug] Time-out connecting to debugging client, waited: 200 ms. Tried: ::1:9003 (from HTTP_X_FORWARDED_FOR HTTP header), localhost:9003 (fallback through xdebug.client_host/xdebug.client_port) :-(
[15-Apr-2024 07:19:25 UTC] Xdebug: [Step Debug] Time-out connecting to debugging client, waited: 200 ms. Tried: ::1:9003 (from HTTP_X_FORWARDED_FOR HTTP header), localhost:9003 (fallback through xdebug.client_host/xdebug.client_port) :-(
[15-Apr-2024 07:19:25 UTC] Xdebug: [Step Debug] Time-out connecting to debugging client, waited: 200 ms. Tried: ::1:9003 (from HTTP_X_FORWARDED_FOR HTTP header), localhost:9003 (fallback through xdebug.client_host/xdebug.client_port) :-(
[15-Apr-2024 07:19:26 UTC] Xdebug: [Step Debug] Time-out connecting to debugging client, waited: 200 ms. Tried: ::1:9003 (from HTTP_X_FORWARDED_FOR HTTP header), localhost:9003 (fallback through xdebug.client_host/xdebug.client_port) :-(
[15-Apr-2024 07:19:26 UTC] Xdebug: [Step Debug] Time-out connecting to debugging client, waited: 200 ms. Tried: ::1:9003 (from HTTP_X_FORWARDED_FOR HTTP header), localhost:9003 (fallback through xdebug.client_host/xdebug.client_port) :-(
[15-Apr-2024 07:19:26 UTC] Xdebug: [Step Debug] Time-out connecting to debugging client, waited: 200 ms. Tried: ::1:9003 (from HTTP_X_FORWARDED_FOR HTTP header), localhost:9003 (fallback through xdebug.client_host/xdebug.client_port) :-(
[15-Apr-2024 07:19:26 UTC] Xdebug: [Step Debug] Time-out connecting to debugging client, waited: 200 ms. Tried: ::1:9003 (from HTTP_X_FORWARDED_FOR HTTP header), localhost:9003 (fallback through xdebug.client_host/xdebug.client_port) :-(
[15-Apr-2024 07:19:27 UTC] Xdebug: [Step Debug] Time-out connecting to debugging client, waited: 200 ms. Tried: ::1:9003 (from HTTP_X_FORWARDED_FOR HTTP header), localhost:9003 (fallback through xdebug.client_host/xdebug.client_port) :-(
[15-Apr-2024 07:19:27 UTC] Xdebug: [Step Debug] Time-out connecting to debugging client, waited: 200 ms. Tried: ::1:9003 (from HTTP_X_FORWARDED_FOR HTTP header), localhost:9003 (fallback through xdebug.client_host/xdebug.client_port) :-(
[15-Apr-2024 07:19:28 UTC] Xdebug: [Step Debug] Time-out connecting to debugging client, waited: 200 ms. Tried: ::1:9003 (from HTTP_X_FORWARDED_FOR HTTP header), localhost:9003 (fallback through xdebug.client_host/xdebug.client_port) :-(
[15-Apr-2024 07:19:28 UTC] Xdebug: [Step Debug] Time-out connecting to debugging client, waited: 200 ms. Tried: ::1:9003 (from HTTP_X_FORWARDED_FOR HTTP header), localhost:9003 (fallback through xdebug.client_host/xdebug.client_port) :-(
[15-Apr-2024 07:19:29 UTC] Xdebug: [Step Debug] Time-out connecting to debugging client, waited: 200 ms. Tried: ::1:9003 (from HTTP_X_FORWARDED_FOR HTTP header), localhost:9003 (fallback through xdebug.client_host/xdebug.client_port) :-(
[15-Apr-2024 07:19:30 UTC] Xdebug: [Step Debug] Time-out connecting to debugging client, waited: 200 ms. Tried: ::1:9003 (from HTTP_X_FORWARDED_FOR HTTP header), localhost:9003 (fallback through xdebug.client_host/xdebug.client_port) :-(
[15-Apr-2024 07:19:30 UTC] Xdebug: [Step Debug] Time-out connecting to debugging client, waited: 200 ms. Tried: ::1:9003 (from HTTP_X_FORWARDED_FOR HTTP header), localhost:9003 (fallback through xdebug.client_host/xdebug.client_port) :-(
[15-Apr-2024 07:19:31 UTC] Xdebug: [Step Debug] Time-out connecting to debugging client, waited: 200 ms. Tried: ::1:9003 (from HTTP_X_FORWARDED_FOR HTTP header), localhost:9003 (fallback through xdebug.client_host/xdebug.client_port) :-(
[15-Apr-2024 07:19:31 UTC] Xdebug: [Step Debug] Time-out connecting to debugging client, waited: 200 ms. Tried: ::1:9003 (from HTTP_X_FORWARDED_FOR HTTP header), localhost:9003 (fallback through xdebug.client_host/xdebug.client_port) :-(
[15-Apr-2024 07:19:32 UTC] Xdebug: [Step Debug] Time-out connecting to debugging client, waited: 200 ms. Tried: ::1:9003 (from HTTP_X_FORWARDED_FOR HTTP header), localhost:9003 (fallback through xdebug.client_host/xdebug.client_port) :-(
[15-Apr-2024 07:19:33 UTC] Xdebug: [Step Debug] Time-out connecting to debugging client, waited: 200 ms. Tried: ::1:9003 (from HTTP_X_FORWARDED_FOR HTTP header), localhost:9003 (fallback through xdebug.client_host/xdebug.client_port) :-(
[15-Apr-2024 07:19:33 UTC] Xdebug: [Step Debug] Time-out connecting to debugging client, waited: 200 ms. Tried: ::1:9003 (from HTTP_X_FORWARDED_FOR HTTP header), localhost:9003 (fallback through xdebug.client_host/xdebug.client_port) :-(
[15-Apr-2024 07:19:34 UTC] Xdebug: [Step Debug] Time-out connecting to debugging client, waited: 200 ms. Tried: ::1:9003 (from HTTP_X_FORWARDED_FOR HTTP header), localhost:9003 (fallback through xdebug.client_host/xdebug.client_port) :-(
[15-Apr-2024 07:19:35 UTC] Xdebug: [Step Debug] Time-out connecting to debugging client, waited: 200 ms. Tried: ::1:9003 (from HTTP_X_FORWARDED_FOR HTTP header), localhost:9003 (fallback through xdebug.client_host/xdebug.client_port) :-(
[15-Apr-2024 07:19:35 UTC] Xdebug: [Step Debug] Time-out connecting to debugging client, waited: 200 ms. Tried: ::1:9003 (from HTTP_X_FORWARDED_FOR HTTP header), localhost:9003 (fallback through xdebug.client_host/xdebug.client_port) :-(
[15-Apr-2024 07:19:36 UTC] Xdebug: [Step Debug] Time-out connecting to debugging client, waited: 200 ms. Tried: ::1:9003 (from HTTP_X_FORWARDED_FOR HTTP header), localhost:9003 (fallback through xdebug.client_host/xdebug.client_port) :-(
[15-Apr-2024 07:19:37 UTC] Xdebug: [Step Debug] Time-out connecting to debugging client, waited: 200 ms. Tried: ::1:9003 (from HTTP_X_FORWARDED_FOR HTTP header), localhost:9003 (fallback through xdebug.client_host/xdebug.client_port) :-(
[15-Apr-2024 07:19:37 UTC] Xdebug: [Step Debug] Time-out connecting to debugging client, waited: 200 ms. Tried: ::1:9003 (from HTTP_X_FORWARDED_FOR HTTP header), localhost:9003 (fallback through xdebug.client_host/xdebug.client_port) :-(
[15-Apr-2024 07:19:38 UTC] Xdebug: [Step Debug] Time-out connecting to debugging client, waited: 200 ms. Tried: ::1:9003 (from HTTP_X_FORWARDED_FOR HTTP header), localhost:9003 (fallback through xdebug.client_host/xdebug.client_port) :-(
[15-Apr-2024 07:19:39 UTC] Xdebug: [Step Debug] Time-out connecting to debugging client, waited: 200 ms. Tried: ::1:9003 (from HTTP_X_FORWARDED_FOR HTTP header), localhost:9003 (fallback through xdebug.client_host/xdebug.client_port) :-(
[15-Apr-2024 07:19:39 UTC] Xdebug: [Step Debug] Time-out connecting to debugging client, waited: 200 ms. Tried: ::1:9003 (from HTTP_X_FORWARDED_FOR HTTP header), localhost:9003 (fallback through xdebug.client_host/xdebug.client_port) :-(
[15-Apr-2024 07:19:40 UTC] Xdebug: [Step Debug] Time-out connecting to debugging client, waited: 200 ms. Tried: ::1:9003 (from HTTP_X_FORWARDED_FOR HTTP header), localhost:9003 (fallback through xdebug.client_host/xdebug.client_port) :-(
[15-Apr-2024 07:19:41 UTC] Xdebug: [Step Debug] Time-out connecting to debugging client, waited: 200 ms. Tried: ::1:9003 (from HTTP_X_FORWARDED_FOR HTTP header), localhost:9003 (fallback through xdebug.client_host/xdebug.client_port) :-(
[15-Apr-2024 07:19:41 UTC] Xdebug: [Step Debug] Time-out connecting to debugging client, waited: 200 ms. Tried: ::1:9003 (from HTTP_X_FORWARDED_FOR HTTP header), localhost:9003 (fallback through xdebug.client_host/xdebug.client_port) :-(
[15-Apr-2024 07:19:42 UTC] Xdebug: [Step Debug] Time-out connecting to debugging client, waited: 200 ms. Tried: ::1:9003 (from HTTP_X_FORWARDED_FOR HTTP header), localhost:9003 (fallback through xdebug.client_host/xdebug.client_port) :-(
[15-Apr-2024 07:19:43 UTC] Xdebug: [Step Debug] Time-out connecting to debugging client, waited: 200 ms. Tried: ::1:9003 (from HTTP_X_FORWARDED_FOR HTTP header), localhost:9003 (fallback through xdebug.client_host/xdebug.client_port) :-(
[15-Apr-2024 07:19:43 UTC] Xdebug: [Step Debug] Time-out connecting to debugging client, waited: 200 ms. Tried: ::1:9003 (from HTTP_X_FORWARDED_FOR HTTP header), localhost:9003 (fallback through xdebug.client_host/xdebug.client_port) :-(
[15-Apr-2024 07:20:37 UTC] Xdebug: [Step Debug] Time-out connecting to debugging client, waited: 200 ms. Tried: ::1:9003 (from HTTP_X_FORWARDED_FOR HTTP header), localhost:9003 (fallback through xdebug.client_host/xdebug.client_port) :-(
[15-Apr-2024 07:20:38 UTC] Xdebug: [Step Debug] Time-out connecting to debugging client, waited: 200 ms. Tried: ::1:9003 (from HTTP_X_FORWARDED_FOR HTTP header), localhost:9003 (fallback through xdebug.client_host/xdebug.client_port) :-(
[15-Apr-2024 07:20:39 UTC] Xdebug: [Step Debug] Time-out connecting to debugging client, waited: 200 ms. Tried: ::1:9003 (from HTTP_X_FORWARDED_FOR HTTP header), localhost:9003 (fallback through xdebug.client_host/xdebug.client_port) :-(
[15-Apr-2024 07:20:39 UTC] Xdebug: [Step Debug] Time-out connecting to debugging client, waited: 200 ms. Tried: ::1:9003 (from HTTP_X_FORWARDED_FOR HTTP header), localhost:9003 (fallback through xdebug.client_host/xdebug.client_port) :-(
[15-Apr-2024 07:20:40 UTC] Xdebug: [Step Debug] Time-out connecting to debugging client, waited: 200 ms. Tried: ::1:9003 (from HTTP_X_FORWARDED_FOR HTTP header), localhost:9003 (fallback through xdebug.client_host/xdebug.client_port) :-(
[15-Apr-2024 07:21:37 UTC] Xdebug: [Step Debug] Time-out connecting to debugging client, waited: 200 ms. Tried: ::1:9003 (from HTTP_X_FORWARDED_FOR HTTP header), localhost:9003 (fallback through xdebug.client_host/xdebug.client_port) :-(
[15-Apr-2024 07:21:38 UTC] Xdebug: [Step Debug] Time-out connecting to debugging client, waited: 200 ms. Tried: ::1:9003 (from HTTP_X_FORWARDED_FOR HTTP header), localhost:9003 (fallback through xdebug.client_host/xdebug.client_port) :-(
[15-Apr-2024 07:21:39 UTC] Xdebug: [Step Debug] Time-out connecting to debugging client, waited: 200 ms. Tried: ::1:9003 (from HTTP_X_FORWARDED_FOR HTTP header), localhost:9003 (fallback through xdebug.client_host/xdebug.client_port) :-(
[15-Apr-2024 07:21:39 UTC] Xdebug: [Step Debug] Time-out connecting to debugging client, waited: 200 ms. Tried: ::1:9003 (from HTTP_X_FORWARDED_FOR HTTP header), localhost:9003 (fallback through xdebug.client_host/xdebug.client_port) :-(
[15-Apr-2024 07:21:40 UTC] Xdebug: [Step Debug] Time-out connecting to debugging client, waited: 200 ms. Tried: ::1:9003 (from HTTP_X_FORWARDED_FOR HTTP header), localhost:9003 (fallback through xdebug.client_host/xdebug.client_port) :-(
[15-Apr-2024 07:22:37 UTC] Xdebug: [Step Debug] Time-out connecting to debugging client, waited: 200 ms. Tried: ::1:9003 (from HTTP_X_FORWARDED_FOR HTTP header), localhost:9003 (fallback through xdebug.client_host/xdebug.client_port) :-(
[15-Apr-2024 07:22:38 UTC] Xdebug: [Step Debug] Time-out connecting to debugging client, waited: 200 ms. Tried: ::1:9003 (from HTTP_X_FORWARDED_FOR HTTP header), localhost:9003 (fallback through xdebug.client_host/xdebug.client_port) :-(
[15-Apr-2024 07:22:39 UTC] Xdebug: [Step Debug] Time-out connecting to debugging client, waited: 200 ms. Tried: ::1:9003 (from HTTP_X_FORWARDED_FOR HTTP header), localhost:9003 (fallback through xdebug.client_host/xdebug.client_port) :-(
[15-Apr-2024 07:22:39 UTC] Xdebug: [Step Debug] Time-out connecting to debugging client, waited: 200 ms. Tried: ::1:9003 (from HTTP_X_FORWARDED_FOR HTTP header), localhost:9003 (fallback through xdebug.client_host/xdebug.client_port) :-(
[15-Apr-2024 07:22:40 UTC] Xdebug: [Step Debug] Time-out connecting to debugging client, waited: 200 ms. Tried: ::1:9003 (from HTTP_X_FORWARDED_FOR HTTP header), localhost:9003 (fallback through xdebug.client_host/xdebug.client_port) :-(
[15-Apr-2024 07:23:37 UTC] Xdebug: [Step Debug] Time-out connecting to debugging client, waited: 200 ms. Tried: ::1:9003 (from HTTP_X_FORWARDED_FOR HTTP header), localhost:9003 (fallback through xdebug.client_host/xdebug.client_port) :-(
[15-Apr-2024 07:23:38 UTC] Xdebug: [Step Debug] Time-out connecting to debugging client, waited: 200 ms. Tried: ::1:9003 (from HTTP_X_FORWARDED_FOR HTTP header), localhost:9003 (fallback through xdebug.client_host/xdebug.client_port) :-(
[15-Apr-2024 07:23:39 UTC] Xdebug: [Step Debug] Time-out connecting to debugging client, waited: 200 ms. Tried: ::1:9003 (from HTTP_X_FORWARDED_FOR HTTP header), localhost:9003 (fallback through xdebug.client_host/xdebug.client_port) :-(
[15-Apr-2024 07:23:39 UTC] Xdebug: [Step Debug] Time-out connecting to debugging client, waited: 200 ms. Tried: ::1:9003 (from HTTP_X_FORWARDED_FOR HTTP header), localhost:9003 (fallback through xdebug.client_host/xdebug.client_port) :-(
[15-Apr-2024 07:23:40 UTC] Xdebug: [Step Debug] Time-out connecting to debugging client, waited: 200 ms. Tried: ::1:9003 (from HTTP_X_FORWARDED_FOR HTTP header), localhost:9003 (fallback through xdebug.client_host/xdebug.client_port) :-(
[15-Apr-2024 07:24:38 UTC] Xdebug: [Step Debug] Time-out connecting to debugging client, waited: 200 ms. Tried: ::1:9003 (from HTTP_X_FORWARDED_FOR HTTP header), localhost:9003 (fallback through xdebug.client_host/xdebug.client_port) :-(
[15-Apr-2024 07:24:38 UTC] Xdebug: [Step Debug] Time-out connecting to debugging client, waited: 200 ms. Tried: ::1:9003 (from HTTP_X_FORWARDED_FOR HTTP header), localhost:9003 (fallback through xdebug.client_host/xdebug.client_port) :-(
[15-Apr-2024 07:24:39 UTC] Xdebug: [Step Debug] Time-out connecting to debugging client, waited: 200 ms. Tried: ::1:9003 (from HTTP_X_FORWARDED_FOR HTTP header), localhost:9003 (fallback through xdebug.client_host/xdebug.client_port) :-(
[15-Apr-2024 07:24:40 UTC] Xdebug: [Step Debug] Time-out connecting to debugging client, waited: 200 ms. Tried: ::1:9003 (from HTTP_X_FORWARDED_FOR HTTP header), localhost:9003 (fallback through xdebug.client_host/xdebug.client_port) :-(
[15-Apr-2024 07:24:41 UTC] Xdebug: [Step Debug] Time-out connecting to debugging client, waited: 200 ms. Tried: ::1:9003 (from HTTP_X_FORWARDED_FOR HTTP header), localhost:9003 (fallback through xdebug.client_host/xdebug.client_port) :-(
[15-Apr-2024 07:26:39 UTC] Xdebug: [Step Debug] Time-out connecting to debugging client, waited: 200 ms. Tried: ::1:9003 (from HTTP_X_FORWARDED_FOR HTTP header), localhost:9003 (fallback through xdebug.client_host/xdebug.client_port) :-(
[15-Apr-2024 07:26:39 UTC] Xdebug: [Step Debug] Time-out connecting to debugging client, waited: 200 ms. Tried: ::1:9003 (from HTTP_X_FORWARDED_FOR HTTP header), localhost:9003 (fallback through xdebug.client_host/xdebug.client_port) :-(
[15-Apr-2024 07:26:40 UTC] Xdebug: [Step Debug] Time-out connecting to debugging client, waited: 200 ms. Tried: ::1:9003 (from HTTP_X_FORWARDED_FOR HTTP header), localhost:9003 (fallback through xdebug.client_host/xdebug.client_port) :-(
[15-Apr-2024 07:26:41 UTC] Xdebug: [Step Debug] Time-out connecting to debugging client, waited: 200 ms. Tried: ::1:9003 (from HTTP_X_FORWARDED_FOR HTTP header), localhost:9003 (fallback through xdebug.client_host/xdebug.client_port) :-(
[15-Apr-2024 07:26:42 UTC] Xdebug: [Step Debug] Time-out connecting to debugging client, waited: 200 ms. Tried: ::1:9003 (from HTTP_X_FORWARDED_FOR HTTP header), localhost:9003 (fallback through xdebug.client_host/xdebug.client_port) :-(
[15-Apr-2024 07:28:40 UTC] Xdebug: [Step Debug] Time-out connecting to debugging client, waited: 200 ms. Tried: ::1:9003 (from HTTP_X_FORWARDED_FOR HTTP header), localhost:9003 (fallback through xdebug.client_host/xdebug.client_port) :-(
[15-Apr-2024 07:28:40 UTC] Xdebug: [Step Debug] Time-out connecting to debugging client, waited: 200 ms. Tried: ::1:9003 (from HTTP_X_FORWARDED_FOR HTTP header), localhost:9003 (fallback through xdebug.client_host/xdebug.client_port) :-(
[15-Apr-2024 07:28:41 UTC] Xdebug: [Step Debug] Time-out connecting to debugging client, waited: 200 ms. Tried: ::1:9003 (from HTTP_X_FORWARDED_FOR HTTP header), localhost:9003 (fallback through xdebug.client_host/xdebug.client_port) :-(
[15-Apr-2024 07:28:42 UTC] Xdebug: [Step Debug] Time-out connecting to debugging client, waited: 200 ms. Tried: ::1:9003 (from HTTP_X_FORWARDED_FOR HTTP header), localhost:9003 (fallback through xdebug.client_host/xdebug.client_port) :-(
[15-Apr-2024 07:28:43 UTC] Xdebug: [Step Debug] Time-out connecting to debugging client, waited: 200 ms. Tried: ::1:9003 (from HTTP_X_FORWARDED_FOR HTTP header), localhost:9003 (fallback through xdebug.client_host/xdebug.client_port) :-(
[15-Apr-2024 07:30:41 UTC] Xdebug: [Step Debug] Time-out connecting to debugging client, waited: 200 ms. Tried: ::1:9003 (from HTTP_X_FORWARDED_FOR HTTP header), localhost:9003 (fallback through xdebug.client_host/xdebug.client_port) :-(
[15-Apr-2024 07:30:41 UTC] Xdebug: [Step Debug] Time-out connecting to debugging client, waited: 200 ms. Tried: ::1:9003 (from HTTP_X_FORWARDED_FOR HTTP header), localhost:9003 (fallback through xdebug.client_host/xdebug.client_port) :-(
[15-Apr-2024 07:30:42 UTC] Xdebug: [Step Debug] Time-out connecting to debugging client, waited: 200 ms. Tried: ::1:9003 (from HTTP_X_FORWARDED_FOR HTTP header), localhost:9003 (fallback through xdebug.client_host/xdebug.client_port) :-(
[15-Apr-2024 07:30:43 UTC] Xdebug: [Step Debug] Time-out connecting to debugging client, waited: 200 ms. Tried: ::1:9003 (from HTTP_X_FORWARDED_FOR HTTP header), localhost:9003 (fallback through xdebug.client_host/xdebug.client_port) :-(
[15-Apr-2024 07:30:44 UTC] Xdebug: [Step Debug] Time-out connecting to debugging client, waited: 200 ms. Tried: ::1:9003 (from HTTP_X_FORWARDED_FOR HTTP header), localhost:9003 (fallback through xdebug.client_host/xdebug.client_port) :-(
[15-Apr-2024 07:32:42 UTC] Xdebug: [Step Debug] Time-out connecting to debugging client, waited: 200 ms. Tried: ::1:9003 (from HTTP_X_FORWARDED_FOR HTTP header), localhost:9003 (fallback through xdebug.client_host/xdebug.client_port) :-(
[15-Apr-2024 07:32:42 UTC] Xdebug: [Step Debug] Time-out connecting to debugging client, waited: 200 ms. Tried: ::1:9003 (from HTTP_X_FORWARDED_FOR HTTP header), localhost:9003 (fallback through xdebug.client_host/xdebug.client_port) :-(
[15-Apr-2024 07:32:43 UTC] Xdebug: [Step Debug] Time-out connecting to debugging client, waited: 200 ms. Tried: ::1:9003 (from HTTP_X_FORWARDED_FOR HTTP header), localhost:9003 (fallback through xdebug.client_host/xdebug.client_port) :-(
[15-Apr-2024 07:32:44 UTC] Xdebug: [Step Debug] Time-out connecting to debugging client, waited: 200 ms. Tried: ::1:9003 (from HTTP_X_FORWARDED_FOR HTTP header), localhost:9003 (fallback through xdebug.client_host/xdebug.client_port) :-(
[15-Apr-2024 07:32:45 UTC] Xdebug: [Step Debug] Time-out connecting to debugging client, waited: 200 ms. Tried: ::1:9003 (from HTTP_X_FORWARDED_FOR HTTP header), localhost:9003 (fallback through xdebug.client_host/xdebug.client_port) :-(
[15-Apr-2024 07:34:43 UTC] Xdebug: [Step Debug] Time-out connecting to debugging client, waited: 200 ms. Tried: ::1:9003 (from HTTP_X_FORWARDED_FOR HTTP header), localhost:9003 (fallback through xdebug.client_host/xdebug.client_port) :-(
[15-Apr-2024 07:34:43 UTC] Xdebug: [Step Debug] Time-out connecting to debugging client, waited: 200 ms. Tried: ::1:9003 (from HTTP_X_FORWARDED_FOR HTTP header), localhost:9003 (fallback through xdebug.client_host/xdebug.client_port) :-(
[15-Apr-2024 07:34:44 UTC] Xdebug: [Step Debug] Time-out connecting to debugging client, waited: 200 ms. Tried: ::1:9003 (from HTTP_X_FORWARDED_FOR HTTP header), localhost:9003 (fallback through xdebug.client_host/xdebug.client_port) :-(
[15-Apr-2024 07:34:45 UTC] Xdebug: [Step Debug] Time-out connecting to debugging client, waited: 200 ms. Tried: ::1:9003 (from HTTP_X_FORWARDED_FOR HTTP header), localhost:9003 (fallback through xdebug.client_host/xdebug.client_port) :-(
[15-Apr-2024 07:34:46 UTC] Xdebug: [Step Debug] Time-out connecting to debugging client, waited: 200 ms. Tried: ::1:9003 (from HTTP_X_FORWARDED_FOR HTTP header), localhost:9003 (fallback through xdebug.client_host/xdebug.client_port) :-(
[15-Apr-2024 07:36:44 UTC] Xdebug: [Step Debug] Time-out connecting to debugging client, waited: 200 ms. Tried: ::1:9003 (from HTTP_X_FORWARDED_FOR HTTP header), localhost:9003 (fallback through xdebug.client_host/xdebug.client_port) :-(
[15-Apr-2024 07:36:44 UTC] Xdebug: [Step Debug] Time-out connecting to debugging client, waited: 200 ms. Tried: ::1:9003 (from HTTP_X_FORWARDED_FOR HTTP header), localhost:9003 (fallback through xdebug.client_host/xdebug.client_port) :-(
[15-Apr-2024 07:36:45 UTC] Xdebug: [Step Debug] Time-out connecting to debugging client, waited: 200 ms. Tried: ::1:9003 (from HTTP_X_FORWARDED_FOR HTTP header), localhost:9003 (fallback through xdebug.client_host/xdebug.client_port) :-(
[15-Apr-2024 07:36:46 UTC] Xdebug: [Step Debug] Time-out connecting to debugging client, waited: 200 ms. Tried: ::1:9003 (from HTTP_X_FORWARDED_FOR HTTP header), localhost:9003 (fallback through xdebug.client_host/xdebug.client_port) :-(
[15-Apr-2024 07:36:47 UTC] Xdebug: [Step Debug] Time-out connecting to debugging client, waited: 200 ms. Tried: ::1:9003 (from HTTP_X_FORWARDED_FOR HTTP header), localhost:9003 (fallback through xdebug.client_host/xdebug.client_port) :-(
[15-Apr-2024 07:38:45 UTC] Xdebug: [Step Debug] Time-out connecting to debugging client, waited: 200 ms. Tried: ::1:9003 (from HTTP_X_FORWARDED_FOR HTTP header), localhost:9003 (fallback through xdebug.client_host/xdebug.client_port) :-(
[15-Apr-2024 07:38:45 UTC] Xdebug: [Step Debug] Time-out connecting to debugging client, waited: 200 ms. Tried: ::1:9003 (from HTTP_X_FORWARDED_FOR HTTP header), localhost:9003 (fallback through xdebug.client_host/xdebug.client_port) :-(
[15-Apr-2024 07:38:46 UTC] Xdebug: [Step Debug] Time-out connecting to debugging client, waited: 200 ms. Tried: ::1:9003 (from HTTP_X_FORWARDED_FOR HTTP header), localhost:9003 (fallback through xdebug.client_host/xdebug.client_port) :-(
[15-Apr-2024 07:38:47 UTC] Xdebug: [Step Debug] Time-out connecting to debugging client, waited: 200 ms. Tried: ::1:9003 (from HTTP_X_FORWARDED_FOR HTTP header), localhost:9003 (fallback through xdebug.client_host/xdebug.client_port) :-(
[15-Apr-2024 07:38:48 UTC] Xdebug: [Step Debug] Time-out connecting to debugging client, waited: 200 ms. Tried: ::1:9003 (from HTTP_X_FORWARDED_FOR HTTP header), localhost:9003 (fallback through xdebug.client_host/xdebug.client_port) :-(
[15-Apr-2024 07:40:46 UTC] Xdebug: [Step Debug] Time-out connecting to debugging client, waited: 200 ms. Tried: ::1:9003 (from HTTP_X_FORWARDED_FOR HTTP header), localhost:9003 (fallback through xdebug.client_host/xdebug.client_port) :-(
[15-Apr-2024 07:40:46 UTC] Xdebug: [Step Debug] Time-out connecting to debugging client, waited: 200 ms. Tried: ::1:9003 (from HTTP_X_FORWARDED_FOR HTTP header), localhost:9003 (fallback through xdebug.client_host/xdebug.client_port) :-(
[15-Apr-2024 07:40:47 UTC] Xdebug: [Step Debug] Time-out connecting to debugging client, waited: 200 ms. Tried: ::1:9003 (from HTTP_X_FORWARDED_FOR HTTP header), localhost:9003 (fallback through xdebug.client_host/xdebug.client_port) :-(
[15-Apr-2024 07:40:48 UTC] Xdebug: [Step Debug] Time-out connecting to debugging client, waited: 200 ms. Tried: ::1:9003 (from HTTP_X_FORWARDED_FOR HTTP header), localhost:9003 (fallback through xdebug.client_host/xdebug.client_port) :-(
[15-Apr-2024 07:40:49 UTC] Xdebug: [Step Debug] Time-out connecting to debugging client, waited: 200 ms. Tried: ::1:9003 (from HTTP_X_FORWARDED_FOR HTTP header), localhost:9003 (fallback through xdebug.client_host/xdebug.client_port) :-(
[15-Apr-2024 07:42:29 UTC] Xdebug: [Step Debug] Time-out connecting to debugging client, waited: 200 ms. Tried: ::1:9003 (from HTTP_X_FORWARDED_FOR HTTP header), localhost:9003 (fallback through xdebug.client_host/xdebug.client_port) :-(
[15-Apr-2024 07:42:30 UTC] Xdebug: [Step Debug] Time-out connecting to debugging client, waited: 200 ms. Tried: ::1:9003 (from HTTP_X_FORWARDED_FOR HTTP header), localhost:9003 (fallback through xdebug.client_host/xdebug.client_port) :-(
[15-Apr-2024 07:42:31 UTC] Xdebug: [Step Debug] Time-out connecting to debugging client, waited: 200 ms. Tried: ::1:9003 (from HTTP_X_FORWARDED_FOR HTTP header), localhost:9003 (fallback through xdebug.client_host/xdebug.client_port) :-(
[15-Apr-2024 07:42:31 UTC] Xdebug: [Step Debug] Time-out connecting to debugging client, waited: 200 ms. Tried: ::1:9003 (from HTTP_X_FORWARDED_FOR HTTP header), localhost:9003 (fallback through xdebug.client_host/xdebug.client_port) :-(
[15-Apr-2024 07:42:32 UTC] Xdebug: [Step Debug] Time-out connecting to debugging client, waited: 200 ms. Tried: ::1:9003 (from HTTP_X_FORWARDED_FOR HTTP header), localhost:9003 (fallback through xdebug.client_host/xdebug.client_port) :-(
[15-Apr-2024 07:43:30 UTC] Xdebug: [Step Debug] Time-out connecting to debugging client, waited: 200 ms. Tried: ::1:9003 (from HTTP_X_FORWARDED_FOR HTTP header), localhost:9003 (fallback through xdebug.client_host/xdebug.client_port) :-(
[15-Apr-2024 07:43:30 UTC] Xdebug: [Step Debug] Time-out connecting to debugging client, waited: 200 ms. Tried: ::1:9003 (from HTTP_X_FORWARDED_FOR HTTP header), localhost:9003 (fallback through xdebug.client_host/xdebug.client_port) :-(
[15-Apr-2024 07:43:31 UTC] Xdebug: [Step Debug] Time-out connecting to debugging client, waited: 200 ms. Tried: ::1:9003 (from HTTP_X_FORWARDED_FOR HTTP header), localhost:9003 (fallback through xdebug.client_host/xdebug.client_port) :-(
[15-Apr-2024 07:43:32 UTC] Xdebug: [Step Debug] Time-out connecting to debugging client, waited: 200 ms. Tried: ::1:9003 (from HTTP_X_FORWARDED_FOR HTTP header), localhost:9003 (fallback through xdebug.client_host/xdebug.client_port) :-(
[15-Apr-2024 07:43:33 UTC] Xdebug: [Step Debug] Time-out connecting to debugging client, waited: 200 ms. Tried: ::1:9003 (from HTTP_X_FORWARDED_FOR HTTP header), localhost:9003 (fallback through xdebug.client_host/xdebug.client_port) :-(
